actual_ramp_deviation,algorithm,condition,epsilon_sum,evaluation_seed,evaluations,event_id,event_type,exceedance_probability_any,execution_days,expected_forced_spill_1e8m3,f1,f2,f3,factor,hard_physical_violation,interpretation,lookahead_days,max_control_q_m3s,max_q_safe_ratio,minimum_safety_margin_m3s,n_random_scenarios,operational_deviation,optimizer_seed,peak_reduction_pct,physical_violation,plan_constraint_violation,planning_all_feasible,probability_ci_high,probability_ci_low,profile,publication_ready,run_id,scenario_seed,seconds,seed_index,stage,strategy,tail_peak_ratio_cvar95,variant,water_curtailment
0.02761916515958701,MOABC,matched,0.049999999999999996,2290579265,64000,P01,cluster,0.0,16,9.7920105275004,0.0,13.260650415312163,0.015471366292056647,2.25,0.0,held_out_replay_of_fixed_executed_schedule,7,51172.477864097236,0.9025128371092987,5527.522135902764,512,0.1878637867929323,2573152596,-11.70975151067765,0.1878637867929323,0.0,True,0.007178950026259454,0.0,screening,False,P01_matched_full_method_full_MOABC_s00,3477972202,417.8540849997662,0,ablation,full_method,0.6210192844300967,full,0.1878637867929323
0.043361116692721906,MOABC,matched,0.049999999999999996,2660666804,64000,P01,cluster,0.0,16,8.574115727589486,0.0,12.650571412059042,0.021220166401659742,2.25,0.0,held_out_replay_of_fixed_executed_schedule,7,54992.93073817734,0.9698929583452793,1707.0692618226603,512,0.18264336906527875,3773473114,-19.451730572671508,0.18264336906527875,0.0,True,0.007178950026259454,0.0,screening,False,P01_matched_full_method_full_MOABC_s01,424694085,396.1865797000937,1,ablation,full_method,0.6578044387618739,full,0.18264336906527875
0.07093691127401747,MOABC,matched,0.049999999999999996,2310657182,64000,P01,cluster,0.0,16,8.041103143539074,0.0,12.476450451930303,0.024520537331657086,2.25,0.0,held_out_replay_of_fixed_executed_schedule,7,48429.27856407755,0.8541318970736781,8270.721435922453,512,0.21609361642148214,2256712277,-7.641608731998674,0.21609361642148214,0.0,True,0.007178950026259454,0.0,screening,False,P01_matched_full_method_full_MOABC_s02,1921158230,404.8557516001165,2,ablation,full_method,0.7446425517985095,full,0.21609361642148214
0.03329510606862734,MOABC,matched,0.05000000000000001,186546168,64000,P01,cluster,0.0,16,8.878860368020604,0.0,12.359149238972918,0.016191838604973134,2.25,0.0,held_out_replay_of_fixed_executed_schedule,7,54689.02995836362,0.9645331562321626,2010.9700416363776,512,0.16837841662560066,242140887,-19.816326317579378,0.16837841662560066,0.0,True,0.007178950026259454,0.0,screening,False,P01_matched_full_method_full_MOABC_s03,180007959,400.51293329987675,3,ablation,full_method,0.7241230028123976,full,0.16837841662560066
0.057953130588281096,MOABC,matched,0.05,1443465302,64000,P01,cluster,0.001953125,16,9.698944807544907,0.00015004480382857063,13.036590629366207,0.02088037748511628,2.25,0.0,held_out_replay_of_fixed_executed_schedule,7,58645.57298847537,1.0343134565868672,-1945.5729884753673,512,0.18373396036320597,4095586511,-1.5727632793589155,0.18373396036320597,0.0,True,0.010833656944754506,4.944762114539529e-05,screening,False,P01_matched_full_method_full_MOABC_s04,2247167902,406.09676059987396,4,ablation,full_method,0.724969043737959,full,0.18373396036320597
0.06320942282259455,MOABC,matched,0.05,2290579265,64000,P01,cluster,0.0,16,8.61059593187676,0.0,12.823975735591798,0.02608300004398208,2.25,0.0,held_out_replay_of_fixed_executed_schedule,7,53796.48588451444,0.9487916381748579,2903.514115485559,512,0.19441548107000997,2573152596,-17.437972932773178,0.19441548107000997,3.549247616674842e-17,True,0.007178950026259454,0.0,screening,False,P01_matched_full_method_no_adaptive_operator_MOABC_s00,3477972202,421.74400060018525,0,ablation,full_method,0.7591020578967853,no_adaptive_operator,0.19441548107000997
0.05919455336411518,MOABC,matched,0.05,2660666804,64000,P01,cluster,0.0,16,9.460235727099146,0.0,13.384626891297506,0.022697997436260574,2.25,0.0,held_out_replay_of_fixed_executed_schedule,7,56108.8555821778,0.9895741725251817,591.1444178222009,512,0.1836952963730665,3773473114,-21.87566310391873,0.1836952963730665,0.0,True,0.007178950026259454,0.0,screening,False,P01_matched_full_method_no_adaptive_operator_MOABC_s01,424694085,478.8933513001539,1,ablation,full_method,0.691753214937476,no_adaptive_operator,0.1836952963730665
0.02910142069307411,MOABC,matched,0.049999999999999996,2310657182,64000,P01,cluster,0.0,16,7.7920067486593805,0.0,11.415358570840178,0.020645516281946902,2.25,0.0,held_out_replay_of_fixed_executed_schedule,7,49471.14087567263,0.87250689375084,7228.8591243273695,512,0.19186514717927253,2256712277,-9.957309866157614,0.19186514717927253,0.0,True,0.007178950026259454,0.0,screening,False,P01_matched_full_method_no_adaptive_operator_MOABC_s02,1921158230,405.2477572001517,2,ablation,full_method,0.657890629290058,no_adaptive_operator,0.19186514717927253
0.03306720354995296,MOABC,matched,0.04999999999999999,186546168,64000,P01,cluster,0.0,16,7.713608147197182,0.0,11.167845478859633,0.016980208152901372,2.25,0.0,held_out_replay_of_fixed_executed_schedule,7,54596.21868528964,0.9628962731091647,2103.781314710359,512,0.1712063002034485,242140887,-19.612989271940638,0.1712063002034485,0.0,True,0.007178950026259454,0.0,screening,False,P01_matched_full_method_no_adaptive_operator_MOABC_s03,180007959,409.05952020036057,3,ablation,full_method,0.6228677827247963,no_adaptive_operator,0.1712063002034485
0.037102194189652396,MOABC,matched,0.05,1443465302,64000,P01,cluster,0.0,16,10.379337398745148,0.0,13.46996598209162,0.01542837189402695,2.25,0.0,held_out_replay_of_fixed_executed_schedule,7,54573.89625670909,0.9625025794834056,2126.103743290907,512,0.15973171181829318,4095586511,5.479285762894313,0.15973171181829318,0.0,True,0.007178950026259454,0.0,screening,False,P01_matched_full_method_no_adaptive_operator_MOABC_s04,2247167902,397.35021040029824,4,ablation,full_method,0.5643079693233523,no_adaptive_operator,0.15973171181829318
0.07720525552398326,MOABC,matched,0.049999999999999996,2290579265,64000,P01,cluster,0.0,16,9.24554405802657,0.0,12.695499092270225,0.01729252082066939,2.25,0.0,held_out_replay_of_fixed_executed_schedule,7,48312.82203237043,0.8520779899888965,8387.17796762957,512,0.22084856626528432,2573152596,-5.467109846604748,0.22084856626528432,3.870190220310333e-17,True,0.007178950026259454,0.0,screening,False,P01_matched_full_method_no_lag_guidance_MOABC_s00,3477972202,402.7553338003345,0,ablation,full_method,0.6054582860854042,no_lag_guidance,0.22084856626528432
0.041385543353861264,MOABC,matched,0.049999999999999996,2660666804,64000,P01,cluster,0.0,16,8.558492554410584,0.0,12.290231519807776,0.019715137341026957,2.25,0.0,held_out_replay_of_fixed_executed_schedule,7,54879.61438447767,0.9678944335886713,1820.385615522333,512,0.18467170541271588,3773473114,-19.205592853333446,0.18467170541271588,0.0,True,0.007178950026259454,0.0,screening,False,P01_matched_full_method_no_lag_guidance_MOABC_s01,424694085,404.81598420022056,1,ablation,full_method,0.6490237021803701,no_lag_guidance,0.18467170541271588
0.0382679704473923,MOABC,matched,0.049999999999999996,2310657182,64000,P01,cluster,0.0,16,7.005648609664826,0.0,10.899211113125599,0.020554139381157816,2.25,0.0,held_out_replay_of_fixed_executed_schedule,7,51493.3878761244,0.9081726256812063,5206.612123875602,512,0.2011226368047054,2256712277,-14.452068550082132,0.2011226368047054,0.0,True,0.007178950026259454,0.0,screening,False,P01_matched_full_method_no_lag_guidance_MOABC_s02,1921158230,409.47024790011346,2,ablation,full_method,0.7245086590442976,no_lag_guidance,0.2011226368047054
0.042716275684895506,MOABC,matched,0.05,186546168,64000,P01,cluster,0.0,16,7.229179017026793,0.0,10.639349391620797,0.0169269279604445,2.25,0.0,held_out_replay_of_fixed_executed_schedule,7,50270.74302612608,0.8866092244466681,6429.2569738739185,512,0.16337023106966028,242140887,-10.136452506676079,0.16337023106966028,0.0,True,0.007178950026259454,0.0,screening,False,P01_matched_full_method_no_lag_guidance_MOABC_s03,180007959,414.396918699611,3,ablation,full_method,0.5904385212249535,no_lag_guidance,0.16337023106966028
0.03487947194359708,MOABC,matched,0.04999999999999999,1443465302,64000,P01,cluster,0.001953125,16,10.965550997238115,2.712547415511068e-05,14.134538195337779,0.01676730992897136,2.25,0.0,held_out_replay_of_fixed_executed_schedule,7,57329.97069193002,1.0111105942139333,-629.9706919300224,512,0.17612986790249036,4095586511,0.7058291842707126,0.17612986790249036,0.0,True,0.010833656944754506,4.944762114539529e-05,screening,False,P01_matched_full_method_no_lag_guidance_MOABC_s04,2247167902,428.06260949978605,4,ablation,full_method,0.5615028477683832,no_lag_guidance,0.17612986790249036
0.05678836450450697,MOABC,matched,0.04999999999999999,2290579265,64000,P01,cluster,0.0,16,8.514538604214021,0.0,12.537845468914673,0.02590505650077874,2.25,0.0,held_out_replay_of_fixed_executed_schedule,7,55380.628165202696,0.9767306554709471,1319.3718347973045,512,0.18363048285917272,2573152596,-20.896162723840572,0.18363048285917272,0.0,True,0.007178950026259454,0.0,screening,False,P01_matched_full_method_no_warm_start_MOABC_s00,3477972202,404.16717759985477,0,ablation,full_method,0.7866503505393546,no_warm_start,0.18363048285917272
0.07759516827665593,MOABC,matched,0.05,2660666804,64000,P01,cluster,0.0,16,9.269521765515304,0.0,14.94427073162057,0.03426810274829581,2.25,0.0,held_out_replay_of_fixed_executed_schedule,7,51351.26813927886,0.9056661047491862,5348.731860721142,512,0.1886013397147672,3773473114,-11.54157023458632,0.1886013397147672,0.0,True,0.007178950026259454,0.0,screening,False,P01_matched_full_method_no_warm_start_MOABC_s01,424694085,399.7579474998638,1,ablation,full_method,0.7802285788131551,no_warm_start,0.1886013397147672
0.09182793594983253,MOABC,matched,0.049999999999999996,2310657182,64000,P01,cluster,0.005859375,16,12.66647383266696,5.845757238341127e-05,18.218056845528057,0.03691817467850678,2.25,0.0,held_out_replay_of_fixed_executed_schedule,7,57471.45619865119,1.0136059294294744,-771.4561986511908,512,0.23894871242838045,2256712277,-27.73925577289352,0.23894871242838045,3.6435899355925256e-17,True,0.017027375116838862,0.0012099778257548665,screening,False,P01_matched_full_method_no_warm_start_MOABC_s02,1921158230,392.35451940027997,2,ablation,full_method,0.8722327638346058,no_warm_start,0.23894871242838045
0.029116501602216887,MOABC,matched,0.05000000000000001,186546168,64000,P01,cluster,0.0,16,5.983692885303192,0.0,9.71406985329931,0.027729102690438667,2.25,0.0,held_out_replay_of_fixed_executed_schedule,7,52660.38491501081,0.9287545840389914,4039.615084989193,512,0.16493260247202884,242140887,-15.37183723664389,0.16493260247202884,0.0,True,0.007178950026259454,0.0,screening,False,P01_matched_full_method_no_warm_start_MOABC_s03,180007959,413.59629870019853,3,ablation,full_method,0.7499804264674408,no_warm_start,0.16493260247202884
0.027216536823154842,MOABC,matched,0.05,1443465302,64000,P01,cluster,0.001953125,16,9.487708345868047,0.0010194881846278874,14.562681252288645,0.0289146481453247,2.25,0.0,held_out_replay_of_fixed_executed_schedule,7,63535.21583907729,1.1205505438990704,-6835.215839077289,512,0.1758945334075713,4095586511,-10.041510543238457,0.1758945334075713,0.0,True,0.010833656944754506,4.944762114539529e-05,screening,False,P01_matched_full_method_no_warm_start_MOABC_s04,2247167902,398.96615169988945,4,ablation,full_method,0.7097170898326834,no_warm_start,0.1758945334075713
0.0,MOABC,matched,0.04999999999999999,574942562,88000,P02,cluster,0.0,22,7.965351333392692,0.0,12.820626150434656,0.014749515420685233,3.25,0.0,held_out_replay_of_fixed_executed_schedule,7,53257.396921332765,0.9392838963198019,3442.6030786672345,512,0.1170611756460482,3887991230,-27.747456997232334,0.1170611756460482,0.0,True,0.007178950026259454,0.0,screening,False,P02_matched_full_method_full_MOABC_s00,2687735713,684.17029369995,0,ablation,full_method,0.7403194579049891,full,0.1170611756460482
1.774623808337421e-17,MOABC,matched,0.050000000000000024,1568371521,88000,P02,cluster,0.0,22,6.486933608256438,0.0,10.961458289898282,0.013753106269306325,3.25,0.0,held_out_replay_of_fixed_executed_schedule,7,54748.21363075674,0.965576959978073,1951.7863692432584,512,0.09676626799651954,1699465598,-21.481959318475933,0.09676626799651954,1.774623808337421e-17,True,0.007178950026259454,0.0,screening,False,P02_matched_full_method_full_MOABC_s01,3310636222,684.8126241997816,1,ablation,full_method,0.694782324233005,full,0.09676626799651954
0.005922106382502463,MOABC,matched,0.05000000000000002,1109274671,88000,P02,cluster,0.0,22,6.780617308396035,0.0,11.168091304559823,0.01598911128924418,3.25,0.0,held_out_replay_of_fixed_executed_schedule,7,55988.18961943639,0.9874460250341515,711.8103805636129,512,0.1254214883343057,2339750876,-14.235644485786922,0.1254214883343057,0.0,True,0.007178950026259454,0.0,screening,False,P02_matched_full_method_full_MOABC_s02,2428614473,671.7257097996771,2,ablation,full_method,0.7707376352752615,full,0.1254214883343057
0.0,MOABC,matched,0.05000000000000001,397350824,88000,P02,cluster,0.0,22,5.8540952925464875,0.0,10.880059849450554,0.014824562501661025,3.25,0.0,held_out_replay_of_fixed_executed_schedule,7,49336.272497348786,0.8701282627398375,7363.727502651214,512,0.11270206369974035,2068408997,-17.631610496342226,0.11270206369974035,0.0,True,0.007178950026259454,0.0,screening,False,P02_matched_full_method_full_MOABC_s03,743548165,676.4315822999924,3,ablation,full_method,0.6747224017353609,full,0.11270206369974035
0.0017034874188220977,MOABC,matched,0.04999999999999999,2727349570,88000,P02,cluster,0.0,22,10.065644582853974,0.0,13.108397438973814,0.013757548519003118,3.25,0.0,held_out_replay_of_fixed_executed_schedule,7,54822.52379832158,0.9668875449439431,1877.4762016784225,512,0.14206508484944586,4102810800,-31.93012886576685,0.14206508484944586,0.0,True,0.007178950026259454,0.0,screening,False,P02_matched_full_method_full_MOABC_s04,2506987846,721.456243999768,4,ablation,full_method,0.8300525375973369,full,0.14206508484944586
0.0,MOABC,matched,0.04999999999999998,574942562,88000,P02,cluster,0.0,22,9.536366391244774,0.0,13.00192079306152,0.011917339537215103,3.25,0.0,held_out_replay_of_fixed_executed_schedule,7,55482.54591154792,0.9785281465881467,1217.454088452083,512,0.0982661940258746,3887991230,-33.08487755047164,0.0982661940258746,0.0,True,0.007178950026259454,0.0,screening,False,P02_matched_full_method_no_adaptive_operator_MOABC_s00,2687735713,695.249639000278,0,ablation,full_method,0.7771398920838734,no_adaptive_operator,0.0982661940258746
0.023888487955995675,MOABC,matched,0.049999999999999996,1568371521,88000,P02,cluster,0.0,22,6.382692060183171,0.0,11.10461329143267,0.01612027124168921,3.25,0.0,held_out_replay_of_fixed_executed_schedule,7,54547.39332342075,0.9620351556158863,2152.6066765792493,512,0.13030628782087553,1699465598,-21.03635492724134,0.13030628782087553,0.0,True,0.007178950026259454,0.0,screening,False,P02_matched_full_method_no_adaptive_operator_MOABC_s01,3310636222,684.2887761001475,1,ablation,full_method,0.7189112986306808,no_adaptive_operator,0.13030628782087553
1.8690807681317883e-17,MOABC,matched,0.05000000000000002,1109274671,88000,P02,cluster,0.0,22,6.91963602014598,0.0,10.82345382728775,0.015145138451332557,3.25,0.0,held_out_replay_of_fixed_executed_schedule,7,53212.8699106986,0.9384985874902751,3487.1300893013977,512,0.11055427348994176,2339750876,-8.57301388928508,0.11055427348994176,1.8690807681317883e-17,True,0.007178950026259454,0.0,screening,False,P02_matched_full_method_no_adaptive_operator_MOABC_s02,2428614473,715.6444661999121,2,ablation,full_method,0.7485059650194164,no_adaptive_operator,0.11055427348994176
0.03744801902486194,MOABC,matched,0.05000000000000002,397350824,88000,P02,cluster,0.0,22,5.186471038327717,0.0,11.870331604403571,0.018904354183984774,3.25,0.0,held_out_replay_of_fixed_executed_schedule,7,48378.69125077379,0.853239704599185,8321.308749226213,512,0.14103152788655327,2068408997,-15.34846630011692,0.14103152788655327,0.0,True,0.007178950026259454,0.0,screening,False,P02_matched_full_method_no_adaptive_operator_MOABC_s03,743548165,663.889365399722,3,ablation,full_method,0.7432393152339589,no_adaptive_operator,0.14103152788655327
0.028069692895106975,MOABC,matched,0.04999999999999999,2727349570,88000,P02,cluster,0.0,22,6.810647885042084,0.0,9.964087663521827,0.012170508598288884,3.25,0.0,held_out_replay_of_fixed_executed_schedule,7,46777.415125775406,0.8249985031000954,9922.584874224594,512,0.15414966103611544,4102810800,-12.569615150405756,0.15414966103611544,0.0,True,0.007178950026259454,0.0,screening,False,P02_matched_full_method_no_adaptive_operator_MOABC_s04,2506987846,672.0003177002072,4,ablation,full_method,0.60936249762853,no_adaptive_operator,0.15414966103611544
0.0025720808636393575,MOABC,matched,0.05,574942562,88000,P02,cluster,0.0,22,7.9382171406092645,0.0,11.71553299160659,0.012720734589187708,3.25,0.0,held_out_replay_of_fixed_executed_schedule,7,54513.25101865329,0.9614329985653137,2186.748981346711,512,0.13187025838395328,3887991230,-30.759849201252898,0.13187025838395328,0.0,True,0.007178950026259454,0.0,screening,False,P02_matched_full_method_no_lag_guidance_MOABC_s00,2687735713,719.6924133002758,0,ablation,full_method,0.722121826781903,no_lag_guidance,0.13187025838395328
0.010827546408317278,MOABC,matched,0.05000000000000003,1568371521,88000,P02,cluster,0.0,22,6.331133521749987,0.0,10.22110478519659,0.013910814150497655,3.25,0.0,held_out_replay_of_fixed_executed_schedule,7,54329.524874124254,0.9581926785559833,2370.475125875746,512,0.1307209261023053,1699465598,-20.552922056303842,0.1307209261023053,0.0,True,0.007178950026259454,0.0,screening,False,P02_matched_full_method_no_lag_guidance_MOABC_s01,3310636222,725.1141172996722,1,ablation,full_method,0.7131475773655537,no_lag_guidance,0.1307209261023053
0.027042361013273914,MOABC,matched,0.05000000000000002,1109274671,88000,P02,cluster,0.001953125,22,6.335768326611032,4.654051816866023e-05,10.865142870888228,0.012540578328594508,3.25,0.0,held_out_replay_of_fixed_executed_schedule,7,58186.19884450782,1.0262116198325895,-1486.1988445078168,512,0.1654267091220966,2339750876,-18.72035817484275,0.1654267091220966,0.0,True,0.010833656944754506,4.944762114539529e-05,screening,False,P02_matched_full_method_no_lag_guidance_MOABC_s02,2428614473,699.2233196999878,2,ablation,full_method,0.7272108049954736,no_lag_guidance,0.1654267091220966
0.024773413713593262,MOABC,matched,0.050000000000000024,397350824,88000,P02,cluster,0.0,22,5.393572874500462,0.0,10.826140034455342,0.01805231217156725,3.25,0.0,held_out_replay_of_fixed_executed_schedule,7,49027.17838259903,0.8646768674179722,7672.821617400972,512,0.1539747260849705,2068408997,-16.894642811665417,0.1539747260849705,1.774623808337421e-17,True,0.007178950026259454,0.0,screening,False,P02_matched_full_method_no_lag_guidance_MOABC_s03,743548165,672.7367043998092,3,ablation,full_method,0.7127651037447512,no_lag_guidance,0.1539747260849705
0.0,MOABC,matched,0.05000000000000001,2727349570,88000,P02,cluster,0.0,22,8.892208080340723,0.0,12.82537872249257,0.015225064909441387,3.25,0.0,held_out_replay_of_fixed_executed_schedule,7,51059.69776996816,0.900523770193442,5640.302230031841,512,0.11146380478636124,4102810800,-22.874906879884353,0.11146380478636124,0.0,True,0.007178950026259454,0.0,screening,False,P02_matched_full_method_no_lag_guidance_MOABC_s04,2506987846,708.4917024997994,4,ablation,full_method,0.8116505959077366,no_lag_guidance,0.11146380478636124
0.0,MOABC,matched,0.05,574942562,88000,P02,cluster,0.0,22,7.256869993171202,0.0,12.267457169137977,0.02193056189658868,3.25,0.0,held_out_replay_of_fixed_executed_schedule,7,50455.675145747635,0.889870813857983,6244.324854252365,512,0.1015303166314856,3887991230,-21.027022790253557,0.1015303166314856,0.0,True,0.007178950026259454,0.0,screening,False,P02_matched_full_method_no_warm_start_MOABC_s00,2687735713,658.5236297999509,0,ablation,full_method,0.7199192117225361,no_warm_start,0.1015303166314856
0.005851688923679786,MOABC,matched,0.05,1568371521,88000,P02,cluster,0.0,22,6.206456786505412,0.0,11.790675388963761,0.021236860949891107,3.25,0.0,held_out_replay_of_fixed_executed_schedule,7,54085.194431269614,0.9538834996696581,2614.805568730386,512,0.14221797518346585,1699465598,-20.010772112940977,0.14221797518346585,0.0,True,0.007178950026259454,0.0,screening,False,P02_matched_full_method_no_warm_start_MOABC_s01,3310636222,712.521884100046,1,ablation,full_method,0.7639290536552699,no_warm_start,0.14221797518346585
0.04061848316564616,MOABC,matched,0.04999999999999999,1109274671,88000,P02,cluster,0.0,22,5.950677909261588,0.0,10.556670795410515,0.02584965214345621,3.25,0.0,held_out_replay_of_fixed_executed_schedule,7,53629.054288203624,0.9458386999683179,3070.9457117963757,512,0.17702703162253486,2339750876,-9.422176737956606,0.17702703162253486,0.0,True,0.007178950026259454,0.0,screening,False,P02_matched_full_method_no_warm_start_MOABC_s02,2428614473,676.2361521003768,2,ablation,full_method,0.7359928095246143,no_warm_start,0.17702703162253486
0.027389004060520843,MOABC,matched,0.04999999999999999,397350824,88000,P02,cluster,0.0,22,6.13165321028497,0.0,11.536346378727757,0.027932827108661105,3.25,0.0,held_out_replay_of_fixed_executed_schedule,7,48953.217161560184,0.8633724367118198,7746.782838439816,512,0.15053082029296472,2068408997,-16.718298367614793,0.15053082029296472,0.0,True,0.007178950026259454,0.0,screening,False,P02_matched_full_method_no_warm_start_MOABC_s03,743548165,708.6412357003428,3,ablation,full_method,0.7822462731923728,no_warm_start,0.15053082029296472
0.004688844915253334,MOABC,matched,0.05000000000000001,2727349570,88000,P02,cluster,0.0,22,6.265937284036843,0.0,10.744264089751027,0.02012981270840721,3.25,0.0,held_out_replay_of_fixed_executed_schedule,7,52333.95693401246,0.9229974767903432,4366.043065987542,512,0.12963516092804778,4102810800,-25.94140517425685,0.12963516092804778,0.0,True,0.007178950026259454,0.0,screening,False,P02_matched_full_method_no_warm_start_MOABC_s04,2506987846,684.7921718000434,4,ablation,full_method,0.7051923307089873,no_warm_start,0.12963516092804778
0.029048116528724317,MOABC,matched,0.05,4060196048,68000,P03,cluster,0.029296875,17,2.725738667562963,0.021620640715484352,6.2863007307623295,0.03584577655649929,2.25,0.0,held_out_replay_of_fixed_executed_schedule,7,94304.81752612525,1.6632242949933906,-37604.81752612525,512,0.17625805391370938,123201614,-2.1150596459942843,0.17625805391370938,0.0,False,0.04786087313588519,0.01648801460911842,screening,False,P03_matched_full_method_full_MOABC_s00,2882909151,505.82451999979094,0,ablation,full_method,1.112424156204585,full,0.17625805391370938
0.04186047564715065,MOABC,matched,0.05,3272684868,68000,P03,cluster,0.0234375,17,2.7906836945092044,0.014286862898450136,4.911986856537096,0.031186633288977316,2.25,0.0,held_out_replay_of_fixed_executed_schedule,7,83782.56278618734,1.4776466099856673,-27082.562786187336,512,0.20095628706320365,3286126663,-13.550859833303633,0.20095628706320365,0.0,False,0.040582439140948286,0.012167790534685311,screening,False,P03_matched_full_method_full_MOABC_s01,3819462166,507.28340419987217,1,ablation,full_method,1.055014849504231,full,0.20095628706320365
0.039711186804642924,MOABC,matched,0.05000000000000001,1989384750,68000,P03,cluster,0.015625,17,1.687307700706728,0.007298800916655821,3.597541589511336,0.036247789109586176,2.25,0.0,held_out_replay_of_fixed_executed_schedule,7,84437.51888359361,1.4891978639081767,-27737.518883593613,512,0.15444272354224295,2404466325,-1.4576477764210882,0.15444272354224295,0.0,False,0.030554414950524595,0.006769276942972373,screening,False,P03_matched_full_method_full_MOABC_s02,2924272080,512.6223418000154,2,ablation,full_method,1.0127659391781965,full,0.15444272354224295
0.0843009376137977,MOABC,matched,0.05,379777378,68000,P03,cluster,0.021484375,17,2.721151855240334,0.022693027458925232,5.771508590604867,0.028671653795509164,2.25,0.0,held_out_replay_of_fixed_executed_schedule,7,97810.8916941026,1.7250598182381411,-41110.8916941026,512,0.16152103847179428,1492915544,-0.9269024383603799,0.16152103847179428,0.0,False,0.0381157716754838,0.01077255408609197,screening,False,P03_matched_full_method_full_MOABC_s03,1635011324,490.4505353998393,3,ablation,full_method,1.058176136231553,full,0.16152103847179428
0.0354043365287334,MOABC,matched,0.05000000000000001,1357363921,68000,P03,cluster,0.02734375,17,3.419600177770266,0.018057859455770018,4.484122303150524,0.040761661474521024,2.25,0.0,held_out_replay_of_fixed_executed_schedule,7,90430.72055385685,1.5948980697329251,-33730.72055385685,512,0.20979261650446004,2648893410,-5.067151330955822,0.20979261650446004,0.0,False,0.04545291098745593,0.015027969215664629,screening,False,P03_matched_full_method_full_MOABC_s04,4117655867,541.4855532003567,4,ablation,full_method,1.082486503867913,full,0.20979261650446004
0.012445752181310317,MOABC,matched,0.04999999999999999,4060196048,68000,P03,cluster,0.033203125,17,3.5320487929080966,0.023891711786455293,5.121719914195539,0.03196484136212537,2.25,0.0,held_out_replay_of_fixed_executed_schedule,7,95200.47051055613,1.6790206439251523,-38500.47051055613,512,0.16175179493624245,123201614,-3.0848898235664457,0.16175179493624245,0.0,False,0.052630293172314914,0.01945868698795646,screening,False,P03_matched_full_method_no_adaptive_operator_MOABC_s00,2882909151,497.98323719995096,0,ablation,full_method,1.1367005237482835,no_adaptive_operator,0.16175179493624245
0.07201761991015118,MOABC,matched,0.049999999999999996,3272684868,68000,P03,cluster,0.015625,17,1.9762418233913823,0.005209493425767992,3.8366993447562057,0.03958790355036505,2.25,0.0,held_out_replay_of_fixed_executed_schedule,7,76308.24897768997,1.3458244969610225,-19608.248977689975,512,0.22812243546112582,3286126663,-3.420890882786741,0.22812243546112582,1.9350951101551666e-17,False,0.030554414950524595,0.006769276942972373,screening,False,P03_matched_full_method_no_adaptive_operator_MOABC_s01,3819462166,509.336493300274,1,ablation,full_method,0.9938513366325415,no_adaptive_operator,0.22812243546112582
0.005936323861804189,MOABC,matched,0.04999999999999999,1989384750,68000,P03,cluster,0.0390625,17,3.2745868670918066,0.017759866312446033,5.802550001362459,0.03921326825456798,2.25,0.0,held_out_replay_of_fixed_executed_schedule,7,92533.85105538386,1.631990318437105,-35833.85105538386,512,0.1391053975782492,2404466325,-11.185963205713119,0.1391053975782492,1.8217949677962628e-17,False,0.05968598191731192,0.024020809593503667,screening,False,P03_matched_full_method_no_adaptive_operator_MOABC_s02,2924272080,501.7829750003293,2,ablation,full_method,1.1444968990075919,no_adaptive_operator,0.1391053975782492
0.08240117093867398,MOABC,matched,0.049999999999999996,379777378,68000,P03,cluster,0.0234375,17,3.8493824499998217,0.023083931278689893,5.751501145584406,0.02691370482337666,2.25,0.0,held_out_replay_of_fixed_executed_schedule,7,97440.25986721982,1.7185231017146354,-40740.25986721982,512,0.15158772768721349,1492915544,-0.5444632070594709,0.15158772768721349,0.0,False,0.040582439140948286,0.012167790534685311,screening,False,P03_matched_full_method_no_adaptive_operator_MOABC_s03,1635011324,498.1593319000676,3,ablation,full_method,1.086230748852079,no_adaptive_operator,0.15158772768721349
0.03201527391535556,MOABC,matched,0.05,1357363921,68000,P03,cluster,0.03125,17,10.183357703061942,0.02802223189682443,12.434409621988681,0.04428253090738972,2.25,0.0,held_out_replay_of_fixed_executed_schedule,7,94534.85148312629,1.6672813312720685,-37834.85148312629,512,0.2077739183511353,2648893410,-9.835545774642659,0.2077739183511353,0.0,False,0.05025287955876002,0.017965442532865916,screening,False,P03_matched_full_method_no_adaptive_operator_MOABC_s04,4117655867,515.8098805001937,4,ablation,full_method,1.1610444105608926,no_adaptive_operator,0.2077739183511353
0.0497504047874877,MOABC,matched,0.05,4060196048,68000,P03,cluster,0.021484375,17,1.9923088559546616,0.016866401244852502,4.653171768847058,0.02541893984849027,2.25,0.0,held_out_replay_of_fixed_executed_schedule,7,92107.46474641905,1.6244702777146216,-35407.46474641905,512,0.20548376032076995,123201614,0.26427596006665777,0.20548376032076995,0.0,False,0.0381157716754838,0.01077255408609197,screening,False,P03_matched_full_method_no_lag_guidance_MOABC_s00,2882909151,508.63123519998044,0,ablation,full_method,1.0417836101443427,no_lag_guidance,0.20548376032076995
0.04560237585410608,MOABC,matched,0.04999999999999999,3272684868,68000,P03,cluster,0.013671875,17,1.6978940952905628,0.005321722789975153,3.639278757639394,0.034667083378004,2.25,0.0,held_out_replay_of_fixed_executed_schedule,7,76964.77634698998,1.3574034629098761,-20264.77634698998,512,0.22718901600988464,3286126663,-4.310685188534606,0.22718901600988464,1.9350951101551666e-17,False,0.027965446339922807,0.00551399998131654,screening,False,P03_matched_full_method_no_lag_guidance_MOABC_s01,3819462166,517.5974801001139,1,ablation,full_method,0.9972398319434198,no_lag_guidance,0.22718901600988464
0.0629527963492903,MOABC,matched,0.05000000000000001,1989384750,68000,P03,cluster,0.017578125,17,7.15994122673362,0.01010921500750957,8.960708839148804,0.03542543309824393,2.25,0.0,held_out_replay_of_fixed_executed_schedule,7,84408.27632676449,1.4886821221651585,-27708.27632676449,512,0.19900016971277806,2404466325,-1.42251077725202,0.19900016971277806,2.115103957611461e-17,False,0.033105620119942024,0.008068548953610121,screening,False,P03_matched_full_method_no_lag_guidance_MOABC_s02,2924272080,484.96735120005906,2,ablation,full_method,1.0132141724841441,no_lag_guidance,0.19900016971277806
0.05686270813414303,MOABC,matched,0.05,379777378,68000,P03,cluster,0.01953125,17,2.176264892988285,0.02316598130536489,4.975307777692982,0.02180073849565455,2.25,0.010157170984557427,held_out_replay_of_fixed_executed_schedule,7,103541.11002591714,1.8261218699456285,-46841.110025917136,512,0.241664490519563,1492915544,-6.839671216036498,0.241664490519563,0.0,False,0.035624636181676994,0.009404755122447006,screening,False,P03_matched_full_method_no_lag_guidance_MOABC_s03,1635011324,471.4991892003454,3,ablation,full_method,1.0989629078040355,no_lag_guidance,0.241664490519563
0.04729826181087176,MOABC,matched,0.05000000000000001,1357363921,68000,P03,cluster,0.025390625,17,7.442281797040098,0.02044394821110558,10.02903873085835,0.04723179981806666,2.25,0.0,held_out_replay_of_fixed_executed_schedule,7,89029.39207893443,1.570183281815422,-32329.392078934427,512,0.20965140302841404,2648893410,-3.4390144540483143,0.20965140302841404,3.549247616674842e-17,False,0.04302739655157614,0.013587156828088611,screening,False,P03_matched_full_method_no_lag_guidance_MOABC_s04,4117655867,537.8928664000705,4,ablation,full_method,1.079416944248679,no_lag_guidance,0.20965140302841404
0.055952825015904165,MOABC,matched,0.04999999999999999,4060196048,68000,P03,cluster,0.03125,17,2.851031916920787,0.026020255502978498,4.71477897915751,0.03495190311932695,2.25,0.0,held_out_replay_of_fixed_executed_schedule,7,99502.41741928535,1.7548927234441862,-42802.41741928535,512,0.22061585697848918,123201614,-7.743120195064572,0.22061585697848918,0.0,False,0.05025287955876002,0.017965442532865916,screening,False,P03_matched_full_method_no_warm_start_MOABC_s00,2882909151,510.5240603997372,0,ablation,full_method,1.1473042104709097,no_warm_start,0.22061585697848918
0.06378046713177886,MOABC,matched,0.049999999999999996,3272684868,68000,P03,cluster,0.033203125,17,3.1827352357247625,0.02039402642920791,5.792100710475307,0.03458041154595365,2.25,0.0,held_out_replay_of_fixed_executed_schedule,7,82554.90837640714,1.4559948567267573,-25854.90837640714,512,0.20089685019408432,3286126663,-11.88701464675283,0.20089685019408432,0.0,False,0.052630293172314914,0.01945868698795646,screening,False,P03_matched_full_method_no_warm_start_MOABC_s01,3819462166,484.6648053997196,1,ablation,full_method,1.131507369318164,no_warm_start,0.20089685019408432
0.07691800478216791,MOABC,matched,0.05000000000000002,1989384750,68000,P03,cluster,0.0390625,17,5.887186367757423,0.02548511227778212,7.8745069614106855,0.03945428231354448,2.25,0.0,held_out_replay_of_fixed_executed_schedule,7,91434.13298502826,1.612594938007553,-34734.132985028264,512,0.20068759793413377,2404466325,-9.864574205767237,0.20068759793413377,0.0,False,0.05968598191731192,0.024020809593503667,screening,False,P03_matched_full_method_no_warm_start_MOABC_s02,2924272080,473.6662169001065,2,ablation,full_method,1.164580630315026,no_warm_start,0.20068759793413377
0.050041624370161956,MOABC,matched,0.05,379777378,68000,P03,cluster,0.05859375,17,4.844885287175834,0.04106630189766317,7.2250719110608435,0.032743535704158784,2.25,0.015807879000213056,held_out_replay_of_fixed_executed_schedule,7,104120.30759752184,1.836336994665288,-47420.30759752184,512,0.20482307865016006,1492915544,-7.437320575830726,0.20482307865016006,0.0,False,0.08259239428705276,0.039878419798936665,screening,False,P03_matched_full_method_no_warm_start_MOABC_s03,1635011324,462.29667370021343,3,ablation,full_method,1.259516163398513,no_warm_start,0.20482307865016006
0.02291983728108514,MOABC,matched,0.04999999999999999,1357363921,68000,P03,cluster,0.037109375,17,9.353730665245845,0.03233554382679614,11.581542630878745,0.05014190663339647,2.25,0.0,held_out_replay_of_fixed_executed_schedule,7,94692.15993929438,1.6700557308517527,-37992.159939294375,512,0.21092701409395728,2648893410,-10.018314984802918,0.21092701409395728,1.8217949677962628e-17,False,0.05734588681372429,0.02248745162331635,screening,False,P03_matched_full_method_no_warm_start_MOABC_s04,4117655867,494.1010116999969,4,ablation,full_method,1.2234167947651375,no_warm_start,0.21092701409395728
0.016608569448746145,MOABC,matched,0.05,2290579265,4000,P01,cluster,0.10546875,16,24.440161424886103,0.06435975806983998,57.13158616628064,0.05401735641042493,3.5,0.0,held_out_replay_of_fixed_executed_schedule,7,86124.46251687413,1.518949956205893,-29424.462516874133,512,0.10643591365987042,2573152596,-9.59401519695576,0.10643591365987042,1.9350951101551666e-17,False,0.13536766956040827,0.08022939831656616,screening,False,P01_matched_full_method_full_MOABC_s00,3477972202,35.669805999845266,0,algorithms,full_method,1.2542181435005983,full,0.10643591365987042
0.026610492681327085,MOABC,matched,0.05,2660666804,4000,P01,cluster,0.083984375,16,28.243419373624143,0.05079105269308861,69.32750596592766,0.05688501533910233,3.5,0.0,held_out_replay_of_fixed_executed_schedule,7,82720.8808550144,1.4589220609349982,-26020.880855014402,512,0.16210064627421517,3773473114,-2.475504586519797,0.16210064627421517,0.0,False,0.11146005775145044,0.061445217287309846,screening,False,P01_matched_full_method_full_MOABC_s01,424694085,33.64084090013057,1,algorithms,full_method,1.2280194513095966,full,0.16210064627421517
0.0453826271257501,MOABC,matched,0.049999999999999996,2310657182,4000,P01,cluster,0.078125,16,34.972253483962234,0.04996433267499801,57.19811108799167,0.06563337019446122,3.5,0.0,held_out_replay_of_fixed_executed_schedule,7,82212.02755933028,1.4499475760022977,-25512.02755933028,512,0.2402396973818016,2256712277,-7.623930005118227,0.2402396973818016,0.0,False,0.10486635710025519,0.0563977959958858,screening,False,P01_matched_full_method_full_MOABC_s02,1921158230,35.177129900082946,2,algorithms,full_method,1.236129492671504,full,0.2402396973818016
0.010420005957598595,MOABC,matched,0.05,186546168,4000,P01,cluster,0.046875,16,29.020837222894407,0.037199985662906526,43.91677570884539,0.05816585311179497,3.5,0.0,held_out_replay_of_fixed_executed_schedule,7,83727.85534726907,1.476681752156421,-27027.85534726907,512,0.13476046524568186,242140887,0.2788150712587321,0.13476046524568186,0.0,False,0.06894584242162148,0.030261206917453175,screening,False,P01_matched_full_method_full_MOABC_s03,180007959,34.28462349995971,3,algorithms,full_method,1.166057552827935,full,0.13476046524568186
0.030049906777414186,MOABC,matched,0.05,1443465302,4000,P01,cluster,0.052734375,16,43.2099481365011,0.036528386475310586,73.33549924290202,0.06002521131177331,3.5,0.0,held_out_replay_of_fixed_executed_schedule,7,97520.43817917965,1.7199371812906463,-40820.43817917965,512,0.10287407160868209,4095586511,-2.682280008446811,0.10287407160868209,2.115103957611461e-17,False,0.07580107979067144,0.03503626864515074,screening,False,P01_matched_full_method_full_MOABC_s04,2247167902,33.38142720004544,4,algorithms,full_method,1.1885822752244597,full,0.10287407160868209
0.07147709305168963,MOABC,matched,0.05,1511028059,4000,P01,cluster,0.064453125,16,17.299756232208527,0.03857894810958974,47.62638690298165,0.045488048984021354,3.5,0.0,held_out_replay_of_fixed_executed_schedule,7,79791.15373892062,1.4072513886934854,-23091.15373892062,512,0.1595568083773841,1660709819,-18.440146269346975,0.1595568083773841,0.0,False,0.08932842130276045,0.04477831127608061,screening,False,P01_matched_full_method_full_MOABC_s05,3744582579,35.69167779991403,5,algorithms,full_method,1.2020180540735392,full,0.1595568083773841
0.05481219203299533,MOABC,matched,0.049999999999999996,449843519,4000,P01,cluster,0.076171875,16,29.796554285365715,0.052456538663523594,46.87872301375165,0.06427771012089271,3.5,0.0,held_out_replay_of_fixed_executed_schedule,7,82788.49184383694,1.4601144946002986,-26088.491843836935,512,0.2575900446814137,1047090411,-3.035874505922664,0.2575900446814137,4.230207915222922e-17,False,0.10266034114372115,0.05472369803144192,screening,False,P01_matched_full_method_full_MOABC_s06,3977222282,33.35195100028068,6,algorithms,full_method,1.2442075789554519,full,0.2575900446814137
0.010521461011052469,MOABC,matched,0.05,1167875643,4000,P01,cluster,0.060546875,16,42.64488985102555,0.04066372972397379,68.61226426855825,0.06241914578119238,3.5,0.0,held_out_replay_of_fixed_executed_schedule,7,92235.91818759948,1.6267357705044,-35535.918187599484,512,0.13584333932837414,1068670264,-1.9467829477862655,0.13584333932837414,2.115103957611461e-17,False,0.08484351298594771,0.041505696476874514,screening,False,P01_matched_full_method_full_MOABC_s07,3664739829,35.145833199843764,7,algorithms,full_method,1.1975528129258657,full,0.13584333932837414
0.004674936704214012,MOABC,matched,0.049999999999999996,3421339141,4000,P01,cluster,0.056640625,16,38.13074303155909,0.03206248614591126,76.19905600150334,0.05732678539605847,3.5,0.0,held_out_replay_of_fixed_executed_schedule,7,89430.03738777142,1.5772493366449984,-32730.037387771416,512,0.09755806920757856,3535516935,-9.5556789112314,0.09755806920757856,1.9350951101551666e-17,False,0.08033514760440214,0.038257541986791446,screening,False,P01_matched_full_method_full_MOABC_s08,1320645147,35.640583200380206,8,algorithms,full_method,1.1817453667849254,full,0.09755806920757856
0.07277608245377157,MOABC,matched,0.05,3074606509,4000,P01,cluster,0.068359375,16,30.363648577779507,0.030486822795739537,44.30442124045241,0.05801984542108607,3.5,0.0,held_out_replay_of_fixed_executed_schedule,7,85933.16236376023,1.5155760557982405,-29233.16236376023,512,0.12354170660448315,2423176056,-8.202313597967137,0.12354170660448315,4.230207915222922e-17,False,0.0937917927860118,0.048073325372727405,screening,False,P01_matched_full_method_full_MOABC_s09,4119177308,34.54536840040237,9,algorithms,full_method,1.1795359037040631,full,0.12354170660448315
1.8217949677962628e-17,MOEA/D,matched,0.05,2290579265,4000,P01,cluster,0.125,16,33.57052879409188,0.05929942372303067,64.68525304383354,0.06076321478379023,3.5,0.0,held_out_replay_of_fixed_executed_schedule,7,86955.57686260054,1.533608057541456,-30255.576862600545,512,0.11719832288665064,2573152596,-10.651614345607657,0.11719832288665064,1.8217949677962628e-17,False,0.15680385865168373,0.0976110768689058,screening,False,P01_matched_full_method_full_MOEA-D_s00,3477972202,24.301979000214487,0,algorithms,full_method,1.246654315867407,full,0.11719832288665064
0.03401984123634129,MOEA/D,matched,0.05,2660666804,4000,P01,cluster,0.072265625,16,27.962296957533177,0.04465417324250284,66.570735605609,0.05419805143030383,3.5,0.0,held_out_replay_of_fixed_executed_schedule,7,84880.02201700059,1.4970021519753192,-28180.022017000592,512,0.1295433064218005,3773473114,-5.150271559031395,0.1295433064218005,0.0,False,0.0982352850891248,0.05138896665505944,screening,False,P01_matched_full_method_full_MOEA-D_s01,424694085,24.40386090008542,1,algorithms,full_method,1.2123423415619596,full,0.1295433064218005
0.04683809593566697,MOEA/D,matched,0.049999999999999996,2310657182,4000,P01,cluster,0.09375,16,29.92548959118389,0.06210507970161148,64.86346783884528,0.06228412592866026,3.5,0.0,held_out_replay_of_fixed_executed_schedule,7,81800.7660118902,1.4426942859239893,-25100.7660118902,512,0.2507698387373634,2256712277,-7.08554668932486,0.2507698387373634,3.738161536263577e-17,False,0.1223756546175132,0.0699336881025476,screening,False,P01_matched_full_method_full_MOEA-D_s02,1921158230,24.719223800115287,2,algorithms,full_method,1.268833449863638,full,0.2507698387373634
0.030336740084530547,MOEA/D,matched,0.05,186546168,4000,P01,cluster,0.04296875,16,34.16834508744752,0.0362260635202333,53.810431623045616,0.06853957137693237,3.5,0.0,held_out_replay_of_fixed_executed_schedule,7,87106.16380582206,1.5362639119192603,-30406.163805822056,512,0.14528277677660284,242140887,-3.7448031277792713,0.14528277677660284,0.0,False,0.06433472729540066,0.027121045491155363,screening,False,P01_matched_full_method_full_MOEA-D_s03,180007959,24.80496080033481,3,algorithms,full_method,1.1596913959525377,full,0.14528277677660284
0.0,MOEA/D,matched,0.05,1443465302,4000,P01,cluster,0.05078125,16,46.604744730318885,0.031124736746158625,64.32580036560681,0.06013520590568476,3.5,0.0,held_out_replay_of_fixed_executed_schedule,7,98693.95680275874,1.7406341587788137,-41993.95680275874,512,0.1222723786425194,4095586511,-3.9179139960635885,0.1222723786425194,0.0,False,0.07352359697050091,0.0334365900510209,screening,False,P01_matched_full_method_full_MOEA-D_s04,2247167902,24.631314599886537,4,algorithms,full_method,1.1737806720615522,full,0.1222723786425194
0.11157637066399725,MOEA/D,matched,0.05,1511028059,4000,P01,cluster,0.068359375,16,17.85959120692007,0.03998723411224394,55.33944157447797,0.047106060312733324,3.5,0.0,held_out_replay_of_fixed_executed_schedule,7,79356.63790453736,1.3995879700976608,-22656.63790453736,512,0.20234621298734376,1660709819,-17.795160997557414,0.20234621298734376,1.8217949677962628e-17,False,0.0937917927860118,0.048073325372727405,screening,False,P01_matched_full_method_full_MOEA-D_s05,3744582579,24.424839300103486,5,algorithms,full_method,1.2087468071264464,full,0.20234621298734376
0.052188585013625034,MOEA/D,matched,0.049999999999999996,449843519,4000,P01,cluster,0.07421875,16,29.098740434168676,0.052122627840479524,46.130359155660344,0.05964774074173766,3.5,0.0,held_out_replay_of_fixed_executed_schedule,7,83895.67987273204,1.479641620330371,-27195.679872732042,512,0.17517690030585725,1047090411,-4.413844852512431,0.17517690030585725,3.738161536263577e-17,False,0.10045003477589479,0.05305403417459211,screening,False,P01_matched_full_method_full_MOEA-D_s06,3977222282,24.399813199881464,6,algorithms,full_method,1.2694159938545257,full,0.17517690030585725
0.03186445284377763,MOEA/D,matched,0.05,1167875643,4000,P01,cluster,0.0703125,16,21.562028532102065,0.0487185686131374,60.88237391378344,0.05783612556944636,3.5,0.0,held_out_replay_of_fixed_executed_schedule,7,93375.90901465213,1.6468414288298436,-36675.909014652134,512,0.18580957820373073,1068670264,-3.2067953127266375,0.18580957820373073,3.738161536263577e-17,False,0.0960159290992518,0.04972866865403264,screening,False,P01_matched_full_method_full_MOEA-D_s07,3664739829,24.110441300086677,7,algorithms,full_method,1.2425180206642663,full,0.18580957820373073
0.014175855237760377,MOEA/D,matched,0.049999999999999996,3421339141,4000,P01,cluster,0.05859375,16,35.751129795812226,0.03015116440409407,74.44400787397609,0.05564446856636429,3.5,0.0,held_out_replay_of_fixed_executed_schedule,7,88016.92633054363,1.5523267430430976,-31316.926330543633,512,0.14718942294358373,3535516935,-7.824556507913175,0.14718942294358373,0.0,False,0.08259239428705276,0.039878419798936665,screening,False,P01_matched_full_method_full_MOEA-D_s08,1320645147,24.373826399911195,8,algorithms,full_method,1.1794364975874443,full,0.14718942294358373
0.022357097740957434,MOEA/D,matched,0.05,3074606509,4000,P01,cluster,0.080078125,16,30.651006084487808,0.036156737597082995,69.59267871934333,0.06331705485173586,3.5,0.0,held_out_replay_of_fixed_executed_schedule,7,84515.98675880046,1.4905817770511545,-27815.986758800456,512,0.12602534014767558,2423176056,-6.417883989963863,0.12602534014767558,3.549247616674842e-17,False,0.1070682263312835,0.05807617584047817,screening,False,P01_matched_full_method_full_MOEA-D_s09,4119177308,24.490608499851078,9,algorithms,full_method,1.21410285308456,full,0.12602534014767558
0.0323400018168529,MOPSO,matched,0.05,2290579265,4000,P01,cluster,0.0703125,16,61.68350715561939,0.042783868954263615,91.50933942252387,0.0630485056084222,3.5,0.0,held_out_replay_of_fixed_executed_schedule,7,86499.66652455664,1.5255673108387415,-29799.66652455664,512,0.07757488671602913,2573152596,-10.071465070292954,0.07757488671602913,1.8690807681317883e-17,False,0.0960159290992518,0.04972866865403264,screening,False,P01_matched_full_method_full_MOPSO_s00,3477972202,24.561143500264734,0,algorithms,full_method,1.212389986777814,full,0.07757488671602913
0.0,MOPSO,matched,0.05,2660666804,4000,P01,cluster,0.05078125,16,67.2024244662478,0.02769810733031868,78.72350895539985,0.06707631846856735,3.5,0.0,held_out_replay_of_fixed_executed_schedule,7,79629.60933814026,1.4044022810959482,-22929.60933814026,512,0.1529143063516031,3773473114,1.3539953563161167,0.1529143063516031,0.0,False,0.07352359697050091,0.0334365900510209,screening,False,P01_matched_full_method_full_MOPSO_s01,424694085,24.58587810024619,1,algorithms,full_method,1.1261771766293576,full,0.1529143063516031
0.14701295329063024,MOPSO,matched,0.049999999999999996,2310657182,4000,P01,cluster,0.068359375,16,75.09951565484135,0.04699567100112799,105.63449874048374,0.06568668848384927,3.5,0.0,held_out_replay_of_fixed_executed_schedule,7,84190.18178395482,1.4848356575653407,-27490.181783954817,512,0.18060029289515597,2256712277,-10.213535664176788,0.18060029289515597,0.0,False,0.0937917927860118,0.048073325372727405,screening,False,P01_matched_full_method_full_MOPSO_s02,1921158230,24.767917499877512,2,algorithms,full_method,1.227690654121585,full,0.18060029289515597
0.00019137989562377475,MOPSO,matched,0.05,186546168,4000,P01,cluster,0.04296875,16,51.60584532516355,0.03445831656011038,69.24823093463503,0.05920912465475685,3.5,0.0,held_out_replay_of_fixed_executed_schedule,7,86498.9795196719,1.5255551943504746,-29798.979519671906,512,0.08689511230417979,242140887,-3.021637148740734,0.08689511230417979,0.0,False,0.06433472729540066,0.027121045491155363,screening,False,P01_matched_full_method_full_MOPSO_s03,180007959,24.85041519999504,3,algorithms,full_method,1.1654596939165978,full,0.08689511230417979
0.010814240282317148,MOPSO,matched,0.05,1443465302,4000,P01,cluster,0.048828125,16,82.65974462068937,0.03660285540640905,97.5337813080754,0.06359306720974026,3.5,0.0,held_out_replay_of_fixed_executed_schedule,7,98051.82551222591,1.729309091926383,-41351.825512225914,512,0.1584133051808406,4095586511,-3.241794136393457,0.1584133051808406,2.115103957611461e-17,False,0.07123865584136313,0.03184475219643663,screening,False,P01_matched_full_method_full_MOPSO_s04,2247167902,24.560474900063127,4,algorithms,full_method,1.1925572608241137,full,0.1584133051808406
0.1388813344694079,MOPSO,matched,0.05,1511028059,4000,P01,cluster,0.064453125,16,19.79049102429414,0.030040404635483086,53.34399571708955,0.055766946568450715,3.5,0.0,held_out_replay_of_fixed_executed_schedule,7,77805.6534035285,1.372233746093977,-21105.6534035285,512,0.24129032070259843,1660709819,-15.492915415772138,0.24129032070259843,0.0,False,0.08932842130276045,0.04477831127608061,screening,False,P01_matched_full_method_full_MOPSO_s05,3744582579,26.21737390011549,5,algorithms,full_method,1.1684043620336808,full,0.24129032070259843
0.13553516952944297,MOPSO,matched,0.049999999999999996,449843519,4000,P01,cluster,0.052734375,16,40.53732606932435,0.04551026443977257,58.16027584080482,0.0696992339121741,3.5,0.0,held_out_replay_of_fixed_executed_schedule,7,83129.02732790535,1.4661204114269022,-26429.02732790535,512,0.1499342275298649,1047090411,-3.4596939356505527,0.1499342275298649,0.0,False,0.07580107979067144,0.03503626864515074,screening,False,P01_matched_full_method_full_MOPSO_s06,3977222282,26.25337910000235,6,algorithms,full_method,1.242270202669364,full,0.1499342275298649
0.00509074552302371,MOPSO,matched,0.05,1167875643,4000,P01,cluster,0.060546875,16,32.92821188941032,0.04116399522634146,52.444217355435896,0.06507771463694396,3.5,0.0,held_out_replay_of_fixed_executed_schedule,7,90969.00385975826,1.6043916024648723,-34269.00385975826,512,0.1019330694816653,1068670264,-0.5464842080786565,0.1019330694816653,0.0,False,0.08484351298594771,0.041505696476874514,screening,False,P01_matched_full_method_full_MOPSO_s07,3664739829,27.432566000148654,7,algorithms,full_method,1.2019219902521479,full,0.1019330694816653
0.03683709745151355,MOPSO,matched,0.049999999999999996,3421339141,4000,P01,cluster,0.052734375,16,48.443192215295525,0.026149502972563708,77.39515612069633,0.05301902415606954,3.5,0.0,held_out_replay_of_fixed_executed_schedule,7,85880.62356639517,1.5146494456154351,-29180.623566395167,512,0.1160269802759576,3535516935,-5.207492862156179,0.1160269802759576,0.0,False,0.07580107979067144,0.03503626864515074,screening,False,P01_matched_full_method_full_MOPSO_s08,1320645147,27.747505499981344,8,algorithms,full_method,1.1517194953874688,full,0.1160269802759576
0.051374261669727236,MOPSO,matched,0.05,3074606509,4000,P01,cluster,0.068359375,16,35.049507263295496,0.028669545109959397,50.26488268001241,0.05849395295510383,3.5,0.0,held_out_replay_of_fixed_executed_schedule,7,83807.48671762315,1.478086185495999,-27107.48671762315,512,0.17771978692240245,2423176056,-5.525779690169476,0.17771978692240245,0.0,False,0.0937917927860118,0.048073325372727405,screening,False,P01_matched_full_method_full_MOPSO_s09,4119177308,27.51187749998644,9,algorithms,full_method,1.1590656008652565,full,0.17771978692240245
0.05488725833863634,NSGA-III,matched,0.05,2290579265,4000,P01,cluster,0.095703125,16,31.919075175531493,0.05504810449486808,68.69234307617312,0.056057377756580574,3.5,0.0,held_out_replay_of_fixed_executed_schedule,7,86594.7883817727,1.5272449450048096,-29894.788381772698,512,0.10082250936240371,2573152596,-10.192508336754637,0.10082250936240371,0.0,False,0.12454863540683042,0.07164180078160846,screening,False,P01_matched_full_method_full_NSGA-III_s00,3477972202,36.217848599888384,0,algorithms,full_method,1.2448001589737112,full,0.10082250936240371
0.03631716334846939,NSGA-III,matched,0.05,2660666804,4000,P01,cluster,0.083984375,16,29.310580670882786,0.046521368165701425,64.31285264048542,0.05679449067869147,3.5,0.0,held_out_replay_of_fixed_executed_schedule,7,83322.15594487355,1.469526559874313,-26622.15594487355,512,0.13753938125322415,3773473114,-3.220370545292843,0.13753938125322415,0.0,False,0.11146005775145044,0.061445217287309846,screening,False,P01_matched_full_method_full_NSGA-III_s01,424694085,35.740866099949926,1,algorithms,full_method,1.2195404422608103,full,0.13753938125322415
0.048545804808396244,NSGA-III,matched,0.049999999999999996,2310657182,4000,P01,cluster,0.111328125,16,33.64850730567673,0.05320129095559451,67.9571025971427,0.05081569903540104,3.5,0.0,held_out_replay_of_fixed_executed_schedule,7,81164.57744710334,1.4314740290494417,-24464.577447103336,512,0.20903073428598468,2256712277,-6.252710964439405,0.20903073428598468,3.870190220310333e-17,False,0.14182505529905332,0.0854168019240662,screening,False,P01_matched_full_method_full_NSGA-III_s02,1921158230,36.27075339993462,2,algorithms,full_method,1.246542034093056,full,0.20903073428598468
1.774623808337421e-17,NSGA-III,matched,0.05,186546168,4000,P01,cluster,0.048828125,16,27.1123950383445,0.05019972716108754,60.129376446657275,0.043167331429859235,3.5,0.0,held_out_replay_of_fixed_executed_schedule,7,87601.83040263271,1.545005827206926,-30901.83040263271,512,0.12490230358628024,242140887,-4.335149795068741,0.12490230358628024,1.774623808337421e-17,False,0.07123865584136313,0.03184475219643663,screening,False,P01_matched_full_method_full_NSGA-III_s03,180007959,35.603724299930036,3,algorithms,full_method,1.2256900981177548,full,0.12490230358628024
0.0019057575762391136,NSGA-III,matched,0.05,1443465302,4000,P01,cluster,0.060546875,16,40.715933929258725,0.04691150262024889,70.47934330063063,0.05060100618986911,3.5,0.0,held_out_replay_of_fixed_executed_schedule,7,98104.4835925644,1.7302378058653334,-41404.4835925644,512,0.12572418222738593,4095586511,-3.29723945484136,0.12572418222738593,0.0,False,0.08484351298594771,0.041505696476874514,screening,False,P01_matched_full_method_full_NSGA-III_s04,2247167902,35.745449600275606,4,algorithms,full_method,1.2202324426116553,full,0.12572418222738593
0.053990337753239484,NSGA-III,matched,0.05,1511028059,4000,P01,cluster,0.06640625,16,22.27937235084295,0.043188710615003595,64.21864152016815,0.05080322322684043,3.5,0.0,held_out_replay_of_fixed_executed_schedule,7,80775.08635500756,1.4246046976191808,-24075.08635500756,512,0.15939960376920503,1660709819,-19.90067312611899,0.15939960376920503,0.0,False,0.09156269001226201,0.04642313523921855,screening,False,P01_matched_full_method_full_NSGA-III_s05,3744582579,34.80039639957249,5,algorithms,full_method,1.231474746962084,full,0.15939960376920503
0.11763767519160125,NSGA-III,matched,0.049999999999999996,449843519,4000,P01,cluster,0.078125,16,26.01867656058564,0.06504800844984758,64.2607611529688,0.045029876293911156,3.5,0.0,held_out_replay_of_fixed_executed_schedule,7,84391.5040104317,1.4883863141169613,-27691.5040104317,512,0.21362281886162016,1047090411,-5.030931509017729,0.21362281886162016,0.0,False,0.10486635710025519,0.0563977959958858,screening,False,P01_matched_full_method_full_NSGA-III_s06,3977222282,36.81113889999688,6,algorithms,full_method,1.2889393046696695,full,0.21362281886162016
0.06550739870903614,NSGA-III,matched,0.05,1167875643,4000,P01,cluster,0.068359375,16,29.355997165280748,0.048751569704776135,67.87687002772249,0.05342083712474961,3.5,0.0,held_out_replay_of_fixed_executed_schedule,7,93032.67664562642,1.6407879478946459,-36332.676645626416,512,0.13202059167974597,1068670264,-2.8274264452259104,0.13202059167974597,3.549247616674842e-17,False,0.0937917927860118,0.048073325372727405,screening,False,P01_matched_full_method_full_NSGA-III_s07,3664739829,35.491250100079924,7,algorithms,full_method,1.2464373491709055,full,0.13202059167974597
0.02627777119795968,NSGA-III,matched,0.049999999999999996,3421339141,4000,P01,cluster,0.056640625,16,29.654258576363027,0.02831461623998991,65.44103957376913,0.052086110377684625,3.5,0.0,held_out_replay_of_fixed_executed_schedule,7,86756.04954802725,1.5300890572844312,-30056.04954802725,512,0.22830662463739884,3535516935,-6.279927701229036,0.22830662463739884,0.0,False,0.08033514760440214,0.038257541986791446,screening,False,P01_matched_full_method_full_NSGA-III_s08,1320645147,35.98188149975613,8,algorithms,full_method,1.1554748896547018,full,0.22830662463739884
0.0058435229724021955,NSGA-III,matched,0.05,3074606509,4000,P01,cluster,0.08984375,16,29.730643619049964,0.040949982727398034,65.19449052353875,0.05239902382149124,3.5,0.0,held_out_replay_of_fixed_executed_schedule,7,84609.0132680098,1.4922224562259225,-27909.013268009803,512,0.12583627121373414,2423176056,-6.53501785593036,0.12583627121373414,0.0,False,0.11801984492278575,0.06652757606419021,screening,False,P01_matched_full_method_full_NSGA-III_s09,4119177308,35.70798290008679,9,algorithms,full_method,1.2273469799890921,full,0.12583627121373414
0.016582142462490172,NSGA-II,matched,0.05,2290579265,4000,P01,cluster,0.064453125,16,14.533845885591479,0.04222306005016379,43.00635043445158,0.04709629394098273,3.5,0.0,held_out_replay_of_fixed_executed_schedule,7,83363.26257546726,1.4702515445408688,-26663.262575467263,512,0.1190731540327008,2573152596,-6.080367860334203,0.1190731540327008,1.8217949677962628e-17,False,0.08932842130276045,0.04477831127608061,screening,False,P01_matched_full_method_full_NSGA-II_s00,3477972202,36.00210089981556,0,algorithms,full_method,1.1948183034199151,full,0.1190731540327008
0.02640885024736046,NSGA-II,matched,0.05,2660666804,4000,P01,cluster,0.080078125,16,29.99691798498517,0.05080413048054453,71.71710493963796,0.05359519675165477,3.5,0.0,held_out_replay_of_fixed_executed_schedule,7,82435.27699868372,1.4538849558850744,-25735.276998683723,512,0.1464218824860811,3773473114,-2.121695500025185,0.1464218824860811,0.0,False,0.1070682263312835,0.05807617584047817,screening,False,P01_matched_full_method_full_NSGA-II_s01,424694085,35.77422679960728,1,algorithms,full_method,1.2290049333794655,full,0.1464218824860811
0.02255417250775786,NSGA-II,matched,0.049999999999999996,2310657182,4000,P01,cluster,0.08984375,16,29.39711370585036,0.051779990161713654,57.936265933572955,0.04546665796619177,3.5,0.0,held_out_replay_of_fixed_executed_schedule,7,81501.82315990412,1.4374219252187674,-24801.823159904117,512,0.1758733467794939,2256712277,-6.694200002801873,0.1758733467794939,0.0,False,0.11801984492278575,0.06652757606419021,screening,False,P01_matched_full_method_full_NSGA-II_s02,1921158230,35.61083000013605,2,algorithms,full_method,1.2462472875563575,full,0.1758733467794939
0.0,NSGA-II,matched,0.05,186546168,4000,P01,cluster,0.048828125,16,23.463601165730864,0.04247673979129582,52.97994316576637,0.04951686915014818,3.5,0.0,held_out_replay_of_fixed_executed_schedule,7,86677.75408160446,1.5287081848607489,-29977.754081604464,512,0.11717062942340314,242140887,-3.2345604474098524,0.11717062942340314,0.0,False,0.07123865584136313,0.03184475219643663,screening,False,P01_matched_full_method_full_NSGA-II_s03,180007959,34.66600439976901,3,algorithms,full_method,1.194578641191718,full,0.11717062942340314
0.019177089792544344,NSGA-II,matched,0.05,1443465302,4000,P01,cluster,0.064453125,16,44.47806735577571,0.04853938532697247,76.83066504829263,0.05383040598807278,3.5,0.0,held_out_replay_of_fixed_executed_schedule,7,98461.18649187803,1.7365288622906179,-41761.186491878034,512,0.12934933337391077,4095586511,-3.6728229496555493,0.12934933337391077,0.0,False,0.08932842130276045,0.04477831127608061,screening,False,P01_matched_full_method_full_NSGA-II_s04,2247167902,36.30101409973577,4,algorithms,full_method,1.2255654437893144,full,0.12934933337391077
0.09411621751223212,NSGA-II,matched,0.05,1511028059,4000,P01,cluster,0.0703125,16,23.011223365145405,0.03770247039424569,61.69619624247332,0.055960963347377504,3.5,0.0,held_out_replay_of_fixed_executed_schedule,7,80109.6712966335,1.4128689823039418,-23409.671296633504,512,0.1771899547000256,1660709819,-18.912946377593403,0.1771899547000256,1.8217949677962628e-17,False,0.0960159290992518,0.04972866865403264,screening,False,P01_matched_full_method_full_NSGA-II_s05,3744582579,34.99331079982221,5,algorithms,full_method,1.2214590722065044,full,0.1771899547000256
0.038125456417179265,NSGA-II,matched,0.049999999999999996,449843519,4000,P01,cluster,0.06640625,16,26.477899993930382,0.05430090738514606,56.77969850450982,0.05019346610182146,3.5,0.0,held_out_replay_of_fixed_executed_schedule,7,83738.23699717037,1.4768648500382782,-27038.236997170374,512,0.16268521657665544,1047090411,-4.217896550919699,0.16268521657665544,2.115103957611461e-17,False,0.09156269001226201,0.04642313523921855,screening,False,P01_matched_full_method_full_NSGA-II_s06,3977222282,35.47446419997141,6,algorithms,full_method,1.264061345447031,full,0.16268521657665544
0.014891589022406254,NSGA-II,matched,0.05,1167875643,4000,P01,cluster,0.068359375,16,30.88025890376733,0.04784618994926766,69.82884369537445,0.05319653662084868,3.5,0.0,held_out_replay_of_fixed_executed_schedule,7,91984.93426917994,1.6223092463700166,-35284.93426917994,512,0.1331221497379462,1068670264,-1.6693747151012444,0.1331221497379462,3.738161536263577e-17,False,0.0937917927860118,0.048073325372727405,screening,False,P01_matched_full_method_full_NSGA-II_s07,3664739829,35.10383309982717,7,algorithms,full_method,1.2362615882276926,full,0.1331221497379462
0.022232813897879407,NSGA-II,matched,0.049999999999999996,3421339141,4000,P01,cluster,0.05078125,16,34.582236921645375,0.029308984499056973,71.24797662186165,0.045962264180595,3.5,0.0,held_out_replay_of_fixed_executed_schedule,7,86524.58824980143,1.5260068474391786,-29824.588249801425,512,0.10163178390216289,3535516935,-5.996377560700158,0.10163178390216289,0.0,False,0.07352359697050091,0.0334365900510209,screening,False,P01_matched_full_method_full_NSGA-II_s08,1320645147,36.22830790001899,8,algorithms,full_method,1.1584744246949144,full,0.10163178390216289
0.08015338116612936,NSGA-II,matched,0.05,3074606509,4000,P01,cluster,0.08984375,16,24.68773922338971,0.03643857860525485,59.98008550338004,0.04603374253912135,3.5,0.0,held_out_replay_of_fixed_executed_schedule,7,84460.75816506275,1.4896077277788846,-27760.758165062754,512,0.17795155009138433,2423176056,-6.348343181097952,0.17795155009138433,0.0,False,0.11801984492278575,0.06652757606419021,screening,False,P01_matched_full_method_full_NSGA-II_s09,4119177308,35.29659149982035,9,algorithms,full_method,1.1955786812680642,full,0.17795155009138433
0.04518724393746733,SPEA2,matched,0.05,2290579265,4000,P01,cluster,0.087890625,16,37.20957871664889,0.05201139416785686,74.00486074643675,0.059527653593086115,3.5,0.0,held_out_replay_of_fixed_executed_schedule,7,86631.48145107305,1.5278920890841807,-29931.48145107305,512,0.10345745690199284,2573152596,-10.239200538679704,0.10345745690199284,3.549247616674842e-17,False,0.11583682755047449,0.06482977461995097,screening,False,P01_matched_full_method_full_SPEA2_s00,3477972202,67.62087509967387,0,algorithms,full_method,1.2340581172094975,full,0.10345745690199284
0.0,SPEA2,matched,0.05,2660666804,4000,P01,cluster,0.083984375,16,29.64722301742583,0.052795325206470865,63.32887035835362,0.0561152906364758,3.5,0.0,held_out_replay_of_fixed_executed_schedule,7,82428.11887208199,1.4537587102659963,-25728.118872081992,512,0.12683871484939052,3773473114,-2.1128279368679186,0.12683871484939052,0.0,False,0.11146005775145044,0.061445217287309846,screening,False,P01_matched_full_method_full_SPEA2_s01,424694085,64.02375609986484,1,algorithms,full_method,1.2401356429468657,full,0.12683871484939052
0.027113625636902366,SPEA2,matched,0.049999999999999996,2310657182,4000,P01,cluster,0.099609375,16,27.880476370549964,0.05974421250270761,65.20240659403001,0.04866630691683889,3.5,0.0,held_out_replay_of_fixed_executed_schedule,7,81152.84137525564,1.4312670436553023,-24452.841375255637,512,0.2507543664900459,2256712277,-6.237347249268163,0.2507543664900459,0.0,False,0.12888518546985142,0.07506768163149095,screening,False,P01_matched_full_method_full_SPEA2_s02,1921158230,66.90036079986021,2,algorithms,full_method,1.256122713389523,full,0.2507543664900459
1.774623808337421e-17,SPEA2,matched,0.05,186546168,4000,P01,cluster,0.046875,16,38.28849756651279,0.049021675988462694,69.81961346061978,0.05048568077560929,3.5,0.0,held_out_replay_of_fixed_executed_schedule,7,87558.75291549301,1.5442460831656615,-30858.75291549301,512,0.11725719056781389,242140887,-4.283843834304469,0.11725719056781389,1.774623808337421e-17,False,0.06894584242162148,0.030261206917453175,screening,False,P01_matched_full_method_full_SPEA2_s03,180007959,62.722254700027406,3,algorithms,full_method,1.2204348087694292,full,0.11725719056781389
0.024965918746514375,SPEA2,matched,0.05,1443465302,4000,P01,cluster,0.05859375,16,29.04889838295051,0.040735636026347805,54.39136557271447,0.056996959503856505,3.5,0.0,held_out_replay_of_fixed_executed_schedule,7,97691.95408559375,1.722962153185075,-40991.95408559375,512,0.12300254828245542,4095586511,-2.862874401346859,0.12300254828245542,0.0,False,0.08259239428705276,0.039878419798936665,screening,False,P01_matched_full_method_full_SPEA2_s04,2247167902,67.12740230001509,4,algorithms,full_method,1.200683104495527,full,0.12300254828245542
0.04783290212393919,SPEA2,matched,0.05,1511028059,4000,P01,cluster,0.06640625,16,20.93673186224752,0.031942718214016515,60.82583615429273,0.049915267960803825,3.5,0.0,held_out_replay_of_fixed_executed_schedule,7,79067.68902481048,1.3944918699261106,-22367.689024810476,512,0.14619333464474332,1660709819,-17.36625195218635,0.14619333464474332,0.0,False,0.09156269001226201,0.04642313523921855,screening,False,P01_matched_full_method_full_SPEA2_s05,3744582579,62.98013299982995,5,algorithms,full_method,1.1898419070391726,full,0.14619333464474332
0.19527549490857504,SPEA2,matched,0.049999999999999996,449843519,4000,P01,cluster,0.068359375,16,22.949774213312082,0.056106839583997634,52.04020971364647,0.054822195534222254,3.5,0.0,held_out_replay_of_fixed_executed_schedule,7,83842.55945142527,1.4787047522297225,-27142.559451425273,512,0.24554885215038041,1047090411,-4.347732897317134,0.24554885215038041,3.549247616674842e-17,False,0.0937917927860118,0.048073325372727405,screening,False,P01_matched_full_method_full_SPEA2_s06,3977222282,64.69275639997795,6,algorithms,full_method,1.2563148329155018,full,0.24554885215038041
0.0648238450684566,SPEA2,matched,0.05,1167875643,4000,P01,cluster,0.068359375,16,23.21150736708654,0.056138471360275916,63.95458848121788,0.05263837034580876,3.5,0.0,held_out_replay_of_fixed_executed_schedule,7,95925.7137063843,1.6918115292131268,-39225.7137063843,512,0.16005532132635528,1068670264,-6.025050831564348,0.16005532132635528,0.0,False,0.0937917927860118,0.048073325372727405,screening,False,P01_matched_full_method_full_SPEA2_s07,3664739829,64.40289979986846,7,algorithms,full_method,1.251110587830752,full,0.16005532132635528
0.009463803922247764,SPEA2,matched,0.049999999999999996,3421339141,4000,P01,cluster,0.056640625,16,39.20879726699293,0.03078102975644392,75.0177605433356,0.05079332751413703,3.5,0.0,held_out_replay_of_fixed_executed_schedule,7,86485.83297278523,1.5253233328533549,-29785.832972785225,512,0.11178153664165096,3535516935,-5.948900663575622,0.11178153664165096,0.0,False,0.08033514760440214,0.038257541986791446,screening,False,P01_matched_full_method_full_SPEA2_s08,1320645147,62.42455859994516,8,algorithms,full_method,1.1731351363101472,full,0.11178153664165096
0.07184337079961996,SPEA2,matched,0.05,3074606509,4000,P01,cluster,0.08984375,16,30.216350088247104,0.04302257906958344,70.14327796811494,0.05341972832010666,3.5,0.0,held_out_replay_of_fixed_executed_schedule,7,86384.18019357091,1.5235305148777938,-29684.180193570908,512,0.12765646201827333,2423176056,-8.770210453116853,0.12765646201827333,2.115103957611461e-17,False,0.11801984492278575,0.06652757606419021,screening,False,P01_matched_full_method_full_SPEA2_s09,4119177308,66.13063650019467,9,algorithms,full_method,1.2296124333598486,full,0.12765646201827333
1.8690807681317883e-17,MOABC,normal,0.05000000000000001,2290579265,4000,P01,cluster,0.0,16,35.91651587043813,0.0,43.02102440963001,0.0437893055348509,1.0,0.0,held_out_replay_of_fixed_executed_schedule,7,26680.64594415442,0.470558129526533,30019.35405584558,512,1.8690807681317883e-17,2573152596,18.461103316130917,1.8690807681317883e-17,1.8690807681317883e-17,True,0.007178950026259454,0.0,screening,False,P01_normal_full_method_full_MOABC_s00,3477972202,31.847732100170106,0,algorithms,full_method,0.4705581295265329,full,0.0
0.0,MOABC,normal,0.05,2660666804,4000,P01,cluster,0.0,16,25.27004222798558,0.0,61.60986199654137,0.04656992526571674,1.0,0.0,held_out_replay_of_fixed_executed_schedule,7,30468.905738985082,0.5373704715870384,26231.094261014918,512,0.09438157514342613,3773473114,7.443746448955993,0.09438157514342613,0.0,True,0.007178950026259454,0.0,screening,False,P01_normal_full_method_full_MOABC_s01,424694085,36.05819829972461,1,algorithms,full_method,0.5373704715870384,full,0.09438157514342613
0.0,MOABC,normal,0.05,2310657182,4000,P01,cluster,0.0,16,23.869088560320748,0.0,29.82257432387489,0.0349087497831415,1.0,0.0,held_out_replay_of_fixed_executed_schedule,7,30585.227579868428,0.5394220031722827,26114.772420131572,512,0.15326131485005784,2256712277,5.158540705266804,0.15326131485005784,0.0,True,0.007178950026259454,0.0,screening,False,P01_normal_full_method_full_MOABC_s02,1921158230,31.597631100099534,2,algorithms,full_method,0.5394220031722827,full,0.15326131485005784
1.9350951101551666e-17,MOABC,normal,0.05,186546168,4000,P01,cluster,0.0,16,30.751496156519785,0.0,56.17933751940711,0.04596207838764987,1.0,0.0,held_out_replay_of_fixed_executed_schedule,7,32144.64337949588,0.5669249273279696,24555.35662050412,512,0.03971939004587667,242140887,1.4728224491755122,0.03971939004587667,1.9350951101551666e-17,True,0.007178950026259454,0.0,screening,False,P01_normal_full_method_full_MOABC_s03,180007959,35.6514075002633,3,algorithms,full_method,0.5669249273279696,full,0.03971939004587667
0.0,MOABC,normal,0.05,1443465302,4000,P01,cluster,0.0,16,39.06665669916632,0.0,59.821242713011515,0.04473980492013081,1.0,0.0,held_out_replay_of_fixed_executed_schedule,7,30910.361796880345,0.5451562927139391,25789.638203119655,512,0.026449456761715912,4095586511,3.3261563286846982,0.026449456761715912,0.0,True,0.007178950026259454,0.0,screening,False,P01_normal_full_method_full_MOABC_s04,2247167902,33.96205290034413,4,algorithms,full_method,0.5451562927139391,full,0.026449456761715912
0.03888686917104936,MOABC,normal,0.049999999999999996,1511028059,4000,P01,cluster,0.0,16,18.49032517705931,0.0,28.88851911252999,0.03681798888344951,1.0,0.0,held_out_replay_of_fixed_executed_schedule,7,30756.42966798976,0.542441440352553,25943.57033201024,512,0.11693876898932001,1660709819,5.339784992596501,0.11693876898932001,1.8690807681317883e-17,True,0.007178950026259454,0.0,screening,False,P01_normal_full_method_full_MOABC_s05,3744582579,32.50547549966723,5,algorithms,full_method,0.542441440352553,full,0.11693876898932001
0.004858871940112178,MOABC,normal,0.05,449843519,4000,P01,cluster,0.0,16,21.025380550405934,0.0,28.80416528632215,0.03662560685962067,1.0,0.0,held_out_replay_of_fixed_executed_schedule,7,30580.19637881582,0.5393332694676511,26119.80362118418,512,0.13862326161423236,1047090411,6.434682631952845,0.13862326161423236,0.0,True,0.007178950026259454,0.0,screening,False,P01_normal_full_method_full_MOABC_s06,3977222282,31.662860000040382,6,algorithms,full_method,0.5393332694676511,full,0.13862326161423236
0.07689486754106863,MOABC,normal,0.049999999999999996,1167875643,4000,P01,cluster,0.0,16,26.55207920385767,0.0,54.55750400195352,0.047831074115554,1.0,0.0,held_out_replay_of_fixed_executed_schedule,7,33129.92214708075,0.5843019779026588,23570.077852919247,512,0.08425960883085577,1068670264,-1.0864555147132815,0.08425960883085577,1.774623808337421e-17,True,0.007178950026259454,0.0,screening,False,P01_normal_full_method_full_MOABC_s07,3664739829,33.09769879980013,7,algorithms,full_method,0.5843019779026588,full,0.08425960883085577
0.0,MOABC,normal,0.05000000000000002,3421339141,4000,P01,cluster,0.0,16,35.068531601232934,0.0,54.54709834142939,0.045455631903318215,1.0,0.0,held_out_replay_of_fixed_executed_schedule,7,30656.215069647573,0.5406739871190048,26043.784930352427,512,0.0,3535516935,5.452730095925195,0.0,0.0,True,0.007178950026259454,0.0,screening,False,P01_normal_full_method_full_MOABC_s08,1320645147,31.980490600224584,8,algorithms,full_method,0.5406739871190048,full,0.0
0.03396025008055133,MOABC,normal,0.05,3074606509,4000,P01,cluster,0.0,16,25.277373237104964,0.0,34.544148900498655,0.032382171797811346,1.0,0.0,held_out_replay_of_fixed_executed_schedule,7,28851.902467573833,0.5088518953716725,27848.097532426167,512,0.0754153884930347,2423176056,12.23484794615598,0.0754153884930347,0.0,True,0.007178950026259454,0.0,screening,False,P01_normal_full_method_full_MOABC_s09,4119177308,28.80151619995013,9,algorithms,full_method,0.5088518953716725,full,0.0754153884930347
0.0,MOEA/D,normal,0.05000000000000001,2290579265,4000,P01,cluster,0.0,16,36.0913731740625,0.0,67.76612747285202,0.05197519570838999,1.0,0.0,held_out_replay_of_fixed_executed_schedule,7,32238.108022573248,0.5685733337314506,24461.891977426752,512,0.01923630968816046,2573152596,1.4769070869539578,0.01923630968816046,0.0,False,0.007178950026259454,0.0,screening,False,P01_normal_full_method_full_MOEA-D_s00,3477972202,24.52825880004093,0,algorithms,full_method,0.5685733337314505,full,0.01923630968816046
0.0,MOEA/D,normal,0.05,2660666804,4000,P01,cluster,0.0,16,24.647091061577626,0.0,57.25116758860783,0.05758493515684467,1.0,0.0,held_out_replay_of_fixed_executed_schedule,7,34079.43392307901,0.6010482173382541,22620.566076920994,512,0.058629169729075004,3773473114,-3.524056757465268,0.058629169729075004,0.0,False,0.007178950026259454,0.0,screening,False,P01_normal_full_method_full_MOEA-D_s01,424694085,24.47191199986264,1,algorithms,full_method,0.6010482173382541,full,0.058629169729075004
0.07136560003369997,MOEA/D,normal,0.05,2310657182,4000,P01,cluster,0.0,16,23.42844040385584,0.0,39.85737670316911,0.03973295252593236,1.0,0.0,held_out_replay_of_fixed_executed_schedule,7,30585.227579868428,0.5394220031722827,26114.772420131572,512,0.19926516462251417,2256712277,5.158540705266804,0.19926516462251417,3.738161536263577e-17,True,0.007178950026259454,0.0,screening,False,P01_normal_full_method_full_MOEA-D_s02,1921158230,24.760888599790633,2,algorithms,full_method,0.5394220031722827,full,0.19926516462251417
0.020856578131543967,MOEA/D,normal,0.05,186546168,4000,P01,cluster,0.0,16,28.037173570364146,0.0,48.70159479089532,0.04005554770586165,1.0,0.0,held_out_replay_of_fixed_executed_schedule,7,30455.523733218033,0.5371344573759794,26244.476266781967,512,0.020856578131543967,242140887,6.650176241178079,0.020856578131543967,3.6435899355925256e-17,True,0.007178950026259454,0.0,screening,False,P01_normal_full_method_full_MOEA-D_s03,180007959,24.565193699672818,3,algorithms,full_method,0.5371344573759794,full,0.020856578131543967
0.0,MOEA/D,normal,0.05,1443465302,4000,P01,cluster,0.0,16,38.391732485104036,0.0,67.4022394160854,0.04928373821433574,1.0,0.0,held_out_replay_of_fixed_executed_schedule,7,30017.26351175476,0.5294050002073151,26682.73648824524,512,0.043854340819930976,4095586511,6.119369962569251,0.043854340819930976,0.0,False,0.007178950026259454,0.0,screening,False,P01_normal_full_method_full_MOEA-D_s04,2247167902,24.333657099865377,4,algorithms,full_method,0.5294050002073151,full,0.043854340819930976
0.056673526243669184,MOEA/D,normal,0.049999999999999996,1511028059,4000,P01,cluster,0.0,16,27.345440123437854,0.0,63.14527452111416,0.059353118251005574,1.0,0.0,held_out_replay_of_fixed_executed_schedule,7,31816.057587774718,0.5611297634528168,24883.942412225282,512,0.10005445924721987,1660709819,2.0785284749362134,0.10005445924721987,0.0,False,0.007178950026259454,0.0,screening,False,P01_normal_full_method_full_MOEA-D_s05,3744582579,24.50319969980046,5,algorithms,full_method,0.5611297634528168,full,0.10005445924721987
0.044169666565730396,MOEA/D,normal,0.05,449843519,4000,P01,cluster,0.0,16,23.047204466308155,0.0,51.00652313245109,0.04308011408457139,1.0,0.0,held_out_replay_of_fixed_executed_schedule,7,31499.408209264642,0.5555451183291824,25200.591790735358,512,0.20822352167670025,1047090411,3.6221975328058784,0.20822352167670025,2.115103957611461e-17,True,0.007178950026259454,0.0,screening,False,P01_normal_full_method_full_MOEA-D_s06,3977222282,24.4481485998258,6,algorithms,full_method,0.5555451183291823,full,0.20822352167670025
1.774623808337421e-17,MOEA/D,normal,0.049999999999999996,1167875643,4000,P01,cluster,0.0,16,26.50295033928973,0.0,51.1740014252417,0.042593599207247604,1.0,0.0,held_out_replay_of_fixed_executed_schedule,7,35348.607578616386,0.6234322324270968,21351.392421383614,512,0.07277855136324639,1068670264,-7.856137772956425,0.07277855136324639,1.774623808337421e-17,True,0.007178950026259454,0.0,screening,False,P01_normal_full_method_full_MOEA-D_s07,3664739829,24.600132500287145,7,algorithms,full_method,0.6234322324270968,full,0.07277855136324639
1.9350951101551666e-17,MOEA/D,normal,0.05000000000000002,3421339141,4000,P01,cluster,0.0,16,34.23017559407512,0.0,58.83157558744872,0.04070784548782274,1.0,0.0,held_out_replay_of_fixed_executed_schedule,7,30052.68197584168,0.5300296644769256,26647.31802415832,512,0.05101932930856508,3535516935,7.3140951139637105,0.05101932930856508,1.9350951101551666e-17,True,0.007178950026259454,0.0,screening,False,P01_normal_full_method_full_MOEA-D_s08,1320645147,24.762943599838763,8,algorithms,full_method,0.5300296644769256,full,0.05101932930856508
0.0,MOEA/D,normal,0.05,3074606509,4000,P01,cluster,0.0,16,25.84100425191518,0.0,52.90984166379746,0.04597706166910137,1.0,0.0,held_out_replay_of_fixed_executed_schedule,7,28382.05555200737,0.5005653536509236,28317.94444799263,512,0.11393026064241998,2423176056,13.66408423423317,0.11393026064241998,0.0,True,0.007178950026259454,0.0,screening,False,P01_normal_full_method_full_MOEA-D_s09,4119177308,24.716355700045824,9,algorithms,full_method,0.5005653536509236,full,0.11393026064241998
0.0,MOPSO,normal,0.05000000000000001,2290579265,4000,P01,cluster,0.0,16,37.46198481121469,0.0,42.426510277658664,0.03420526144816847,1.0,0.0,held_out_replay_of_fixed_executed_schedule,7,27638.931253142477,0.4874591049936945,29061.068746857523,512,0.0,2573152596,15.532481311746269,0.0,0.0,True,0.007178950026259454,0.0,screening,False,P01_normal_full_method_full_MOPSO_s00,3477972202,24.866644999943674,0,algorithms,full_method,0.4874591049936945,full,0.0
0.0,MOPSO,normal,0.05,2660666804,4000,P01,cluster,0.0,16,25.993739625069132,0.0,26.27722973016048,0.038094472572588634,1.0,0.0,held_out_replay_of_fixed_executed_schedule,7,25461.013587039735,0.4490478586779495,31238.986412960265,512,0.06483707981418094,3773473114,22.656361557042132,0.06483707981418094,0.0,True,0.007178950026259454,0.0,screening,False,P01_normal_full_method_full_MOPSO_s01,424694085,24.809164099860936,1,algorithms,full_method,0.4490478586779496,full,0.06483707981418094
0.02875532025130718,MOPSO,normal,0.05,2310657182,4000,P01,cluster,0.0,16,24.37604907415358,0.0,24.747920623170423,0.03712760603953757,1.0,0.0,held_out_replay_of_fixed_executed_schedule,7,22153.826678711215,0.39072004724358406,34546.173321288785,512,0.17685354582138435,2256712277,31.303396527461686,0.17685354582138435,0.0,True,0.007178950026259454,0.0,screening,False,P01_normal_full_method_full_MOPSO_s02,1921158230,24.67275630030781,2,algorithms,full_method,0.390720047243584,full,0.17685354582138435
1.9350951101551666e-17,MOPSO,normal,0.05,186546168,4000,P01,cluster,0.0,16,28.591504871998843,0.0,31.538717119113468,0.03909193785028174,1.0,0.0,held_out_replay_of_fixed_executed_schedule,7,24292.21836581428,0.42843418634593083,32407.78163418572,512,0.025365813369063656,242140887,25.541444533222286,0.025365813369063656,1.9350951101551666e-17,True,0.007178950026259454,0.0,screening,False,P01_normal_full_method_full_MOPSO_s03,180007959,24.47844299999997,3,algorithms,full_method,0.4284341863459308,full,0.025365813369063656
0.0,MOPSO,normal,0.05,1443465302,4000,P01,cluster,0.0,16,39.54298807724955,0.0,39.92578555019573,0.037499658617749405,1.0,0.0,held_out_replay_of_fixed_executed_schedule,7,22466.347888929176,0.3962318851662994,34233.65211107083,512,0.0,4095586511,29.7352707175713,0.0,0.0,True,0.007178950026259454,0.0,screening,False,P01_normal_full_method_full_MOPSO_s04,2247167902,24.492812300100923,4,algorithms,full_method,0.3962318851662994,full,0.0
0.024741840033654375,MOPSO,normal,0.049999999999999996,1511028059,4000,P01,cluster,0.0,16,17.942387065479643,0.0,19.457121632837044,0.03911599221166456,1.0,0.0,held_out_replay_of_fixed_executed_schedule,7,30247.864827742378,0.5334720428173259,26452.135172257622,512,0.11596913808427847,1660709819,6.905014040398702,0.11596913808427847,0.0,True,0.007178950026259454,0.0,screening,False,P01_normal_full_method_full_MOPSO_s05,3744582579,24.72330139996484,5,algorithms,full_method,0.5334720428173259,full,0.11596913808427847
0.0,MOPSO,normal,0.05,449843519,4000,P01,cluster,0.0,16,21.32786258981526,0.0,25.01965873468005,0.04358704687993455,1.0,0.0,held_out_replay_of_fixed_executed_schedule,7,30628.42539403931,0.5401838693834093,26071.57460596069,512,0.12176476743578143,1047090411,6.2871177484630785,0.12176476743578143,0.0,True,0.007178950026259454,0.0,screening,False,P01_normal_full_method_full_MOPSO_s06,3977222282,24.601675800047815,6,algorithms,full_method,0.5401838693834093,full,0.12176476743578143
0.0,MOPSO,normal,0.049999999999999996,1167875643,4000,P01,cluster,0.0,16,30.198568353589582,0.0,31.105292821649968,0.033938578129508776,1.0,0.0,held_out_replay_of_fixed_executed_schedule,7,34726.144872881545,0.6124540541954417,21973.855127118455,512,0.07936666371765139,1068670264,-5.956871353509753,0.07936666371765139,0.0,True,0.007178950026259454,0.0,screening,False,P01_normal_full_method_full_MOPSO_s07,3664739829,24.638460699934512,7,algorithms,full_method,0.6124540541954417,full,0.07936666371765139
3.549247616674842e-17,MOPSO,normal,0.05000000000000002,3421339141,4000,P01,cluster,0.0,16,31.73901671500309,0.0,33.039287556959906,0.035167496711795886,1.0,0.0,held_out_replay_of_fixed_executed_schedule,7,36825.25432284144,0.6494753848825652,19874.745677158557,512,0.05415338929135017,3535516935,-13.573291805194584,0.05415338929135017,3.549247616674842e-17,True,0.007178950026259454,0.0,screening,False,P01_normal_full_method_full_MOPSO_s08,1320645147,24.798406399786472,8,algorithms,full_method,0.6494753848825652,full,0.05415338929135017
0.04012047480235607,MOPSO,normal,0.05,3074606509,4000,P01,cluster,0.0,16,24.65109488438181,0.0,27.097140514556123,0.0389693629527163,1.0,0.0,held_out_replay_of_fixed_executed_schedule,7,29407.854638133325,0.5186570482915931,27292.145361866675,512,0.08838782171962749,2423176056,10.543686441688244,0.08838782171962749,0.0,True,0.007178950026259454,0.0,screening,False,P01_normal_full_method_full_MOPSO_s09,4119177308,26.515033999923617,9,algorithms,full_method,0.5186570482915931,full,0.08838782171962749
3.738161536263577e-17,NSGA-III,normal,0.05000000000000001,2290579265,4000,P01,cluster,0.0,16,35.51908016767102,0.0,68.25151951735099,0.05833844756936206,1.0,0.0,held_out_replay_of_fixed_executed_schedule,7,39006.224532168824,0.6879404679394855,17693.775467831176,512,0.031331561073916825,2573152596,-19.207178072581424,0.031331561073916825,3.738161536263577e-17,False,0.007178950026259454,0.0,screening,False,P01_normal_full_method_full_NSGA-III_s00,3477972202,36.056530999951065,0,algorithms,full_method,0.6879404679394854,full,0.031331561073916825
3.738161536263577e-17,NSGA-III,normal,0.05,2660666804,4000,P01,cluster,0.0,16,27.1770239990481,0.0,57.13222872285226,0.045374706851043355,1.0,0.0,held_out_replay_of_fixed_executed_schedule,7,32395.761949044485,0.5713538262618075,24304.238050955515,512,0.05516142560048216,3773473114,1.5904810424969829,0.05516142560048216,3.738161536263577e-17,True,0.007178950026259454,0.0,screening,False,P01_normal_full_method_full_NSGA-III_s01,424694085,34.304189700167626,1,algorithms,full_method,0.5713538262618075,full,0.05516142560048216
0.06843192003304822,NSGA-III,normal,0.05,2310657182,4000,P01,cluster,0.0,16,24.94584903748866,0.0,47.456355395340054,0.047961898991472705,1.0,0.0,held_out_replay_of_fixed_executed_schedule,7,30091.9536507664,0.5307222866096367,26608.0463492336,512,0.1723654799560914,2256712277,6.688129430605437,0.1723654799560914,3.738161536263577e-17,True,0.007178950026259454,0.0,screening,False,P01_normal_full_method_full_NSGA-III_s02,1921158230,35.21365679986775,2,algorithms,full_method,0.5307222866096367,full,0.1723654799560914
2.115103957611461e-17,NSGA-III,normal,0.05,186546168,4000,P01,cluster,0.0,16,27.029299812765366,0.0,57.673721359341585,0.045954234772109664,1.0,0.0,held_out_replay_of_fixed_executed_schedule,7,31887.266448455364,0.5623856516482427,24812.733551544636,512,0.06391252399057946,242140887,2.26171353384969,0.06391252399057946,2.115103957611461e-17,True,0.007178950026259454,0.0,screening,False,P01_normal_full_method_full_NSGA-III_s03,180007959,35.02913110004738,3,algorithms,full_method,0.5623856516482427,full,0.06391252399057946
1.9350951101551666e-17,NSGA-III,normal,0.05,1443465302,4000,P01,cluster,0.0,16,39.6347571945993,0.0,70.51098409586754,0.049141009045435266,1.0,0.0,held_out_replay_of_fixed_executed_schedule,7,32707.669352359782,0.5768548386659573,23992.330647640218,512,0.05023585842629553,4095586511,-2.2950211518464143,0.05023585842629553,1.9350951101551666e-17,False,0.007178950026259454,0.0,screening,False,P01_normal_full_method_full_NSGA-III_s04,2247167902,34.469290300272405,4,algorithms,full_method,0.5768548386659573,full,0.05023585842629553
0.03080370411555527,NSGA-III,normal,0.049999999999999996,1511028059,4000,P01,cluster,0.0,16,23.249697370766626,0.0,52.1159781809138,0.043786732810731144,1.0,0.0,held_out_replay_of_fixed_executed_schedule,7,31980.940264098488,0.5640377471622309,24719.059735901512,512,0.1315864304370119,1660709819,1.5710628893566134,0.1315864304370119,0.0,True,0.007178950026259454,0.0,screening,False,P01_normal_full_method_full_NSGA-III_s05,3744582579,34.70541809964925,5,algorithms,full_method,0.5640377471622309,full,0.1315864304370119
0.06030931299155942,NSGA-III,normal,0.05,449843519,4000,P01,cluster,0.0,16,22.55223915891624,0.0,42.204670531367924,0.044263149637871334,1.0,0.0,held_out_replay_of_fixed_executed_schedule,7,30517.066515356637,0.5382198679957079,26182.933484643363,512,0.19779673144150234,1047090411,6.627839197620027,0.19779673144150234,0.0,True,0.007178950026259454,0.0,screening,False,P01_normal_full_method_full_NSGA-III_s06,3977222282,34.64765760023147,6,algorithms,full_method,0.5382198679957078,full,0.19779673144150234
0.0,NSGA-III,normal,0.049999999999999996,1167875643,4000,P01,cluster,0.0,16,29.10526836616048,0.0,58.848183890394765,0.0389734530826975,1.0,0.0,held_out_replay_of_fixed_executed_schedule,7,35142.35644660441,0.6197946463245928,21557.64355339559,512,0.06600796735879691,1068670264,-7.226821598036744,0.06600796735879691,0.0,True,0.007178950026259454,0.0,screening,False,P01_normal_full_method_full_NSGA-III_s07,3664739829,34.76428439980373,7,algorithms,full_method,0.6197946463245928,full,0.06600796735879691
1.8690807681317883e-17,NSGA-III,normal,0.05000000000000002,3421339141,4000,P01,cluster,0.0,16,32.81419542083148,0.0,54.65451842211782,0.04650737777584766,1.0,0.0,held_out_replay_of_fixed_executed_schedule,7,30945.795732906758,0.5457812298572621,25754.204267093242,512,0.016158803535974854,3535516935,4.559630244362799,0.016158803535974854,1.8690807681317883e-17,True,0.007178950026259454,0.0,screening,False,P01_normal_full_method_full_NSGA-III_s08,1320645147,35.110513700172305,8,algorithms,full_method,0.5457812298572621,full,0.016158803535974854
0.0,NSGA-III,normal,0.05,3074606509,4000,P01,cluster,0.0,16,25.258391215309345,0.0,37.895148200441,0.03919484579078049,1.0,0.0,held_out_replay_of_fixed_executed_schedule,7,31143.637552888224,0.5492705035782756,25556.362447111776,512,0.1069816673313782,2423176056,5.263575308041444,0.1069816673313782,0.0,True,0.007178950026259454,0.0,screening,False,P01_normal_full_method_full_NSGA-III_s09,4119177308,33.01938930014148,9,algorithms,full_method,0.5492705035782757,full,0.1069816673313782
0.0,NSGA-II,normal,0.05000000000000001,2290579265,4000,P01,cluster,0.0,16,34.33387324383756,0.0,67.18906534535115,0.05188736661729214,1.0,0.0,held_out_replay_of_fixed_executed_schedule,7,32721.37228885595,0.5770965130309691,23978.62771114405,512,0.06473610148020774,2573152596,0.0,0.06473610148020774,0.0,False,0.007178950026259454,0.0,screening,False,P01_normal_full_method_full_NSGA-II_s00,3477972202,36.339532000012696,0,algorithms,full_method,0.5770965130309691,full,0.06473610148020774
0.01226797783547606,NSGA-II,normal,0.05,2660666804,4000,P01,cluster,0.0,16,24.146743644558438,0.0,46.31126920084335,0.03695561667954576,1.0,0.0,held_out_replay_of_fixed_executed_schedule,7,32919.33777568226,0.5805879678250839,23780.66222431774,512,0.07480744584570442,3773473114,0.0,0.07480744584570442,0.0,True,0.007178950026259454,0.0,screening,False,P01_normal_full_method_full_NSGA-II_s01,424694085,33.708056500181556,1,algorithms,full_method,0.5805879678250839,full,0.07480744584570442
0.015854882479547975,NSGA-II,normal,0.05,2310657182,4000,P01,cluster,0.0,16,26.750832929153198,0.0,58.362436319578975,0.048790120608764496,1.0,0.0,held_out_replay_of_fixed_executed_schedule,7,30873.052579962692,0.5444982818335572,25826.947420037308,512,0.2086996400428743,2256712277,4.266026730696464,0.2086996400428743,0.0,True,0.007178950026259454,0.0,screening,False,P01_normal_full_method_full_NSGA-II_s02,1921158230,34.1727543999441,2,algorithms,full_method,0.5444982818335571,full,0.2086996400428743
0.0,NSGA-II,normal,0.05,186546168,4000,P01,cluster,0.0,16,29.3078690413735,0.0,59.857307019536734,0.04244232461254035,1.0,0.0,held_out_replay_of_fixed_executed_schedule,7,32144.64337949588,0.5669249273279696,24555.35662050412,512,0.03225534708115532,242140887,1.4728224491755122,0.03225534708115532,0.0,True,0.007178950026259454,0.0,screening,False,P01_normal_full_method_full_NSGA-II_s03,180007959,35.14340509986505,3,algorithms,full_method,0.5669249273279696,full,0.03225534708115532
0.0,NSGA-II,normal,0.05,1443465302,4000,P01,cluster,0.0,16,38.006261415105655,0.0,67.96724686933983,0.05219735167607471,1.0,0.0,held_out_replay_of_fixed_executed_schedule,7,31973.862446158175,0.563912917921661,24726.137553841825,512,0.07694762387017821,4095586511,0.0,0.07694762387017821,0.0,False,0.007178950026259454,0.0,screening,False,P01_normal_full_method_full_NSGA-II_s04,2247167902,35.35221470007673,4,algorithms,full_method,0.5639129179216609,full,0.07694762387017821
0.02089954382293471,NSGA-II,normal,0.049999999999999996,1511028059,4000,P01,cluster,0.0,16,21.076085092649127,0.0,55.05946418522881,0.04011032972224178,1.0,0.0,held_out_replay_of_fixed_executed_schedule,7,31980.940264098488,0.5640377471622309,24719.059735901512,512,0.13623897372287605,1660709819,1.5710628893566134,0.13623897372287605,1.774623808337421e-17,True,0.007178950026259454,0.0,screening,False,P01_normal_full_method_full_NSGA-II_s05,3744582579,34.41127589996904,5,algorithms,full_method,0.5640377471622309,full,0.13623897372287605
0.0498966302220632,NSGA-II,normal,0.05,449843519,4000,P01,cluster,0.0,16,24.193341260835233,0.0,62.12222452467577,0.05307427663619293,1.0,0.0,held_out_replay_of_fixed_executed_schedule,7,32683.26046341083,0.5764243467973691,24016.73953658917,512,0.14770559871049818,1047090411,0.0,0.14770559871049818,3.6435899355925256e-17,True,0.007178950026259454,0.0,screening,False,P01_normal_full_method_full_NSGA-II_s06,3977222282,34.203941400162876,6,algorithms,full_method,0.5764243467973691,full,0.14770559871049818
0.0,NSGA-II,normal,0.049999999999999996,1167875643,4000,P01,cluster,0.0,16,41.2854430829762,0.0,76.75505324433976,0.04744260649282428,1.0,0.0,held_out_replay_of_fixed_executed_schedule,7,32212.136322182945,0.5681152790508456,24487.863677817055,512,0.08139422032495872,1068670264,1.7139047019116664,0.08139422032495872,0.0,False,0.007178950026259454,0.0,screening,False,P01_normal_full_method_full_NSGA-II_s07,3664739829,36.6279064998962,7,algorithms,full_method,0.5681152790508456,full,0.08139422032495872
1.774623808337421e-17,NSGA-II,normal,0.05000000000000002,3421339141,4000,P01,cluster,0.0,16,36.963319239385605,0.0,63.105915200617915,0.04702404514660556,1.0,0.0,held_out_replay_of_fixed_executed_schedule,7,35461.727327202774,0.6254272897213893,21238.272672797226,512,0.004884503729191358,3535516935,-9.36801876071553,0.004884503729191358,1.774623808337421e-17,True,0.007178950026259454,0.0,screening,False,P01_normal_full_method_full_NSGA-II_s08,1320645147,34.6712878998369,8,algorithms,full_method,0.6254272897213893,full,0.004884503729191358
0.007296313349347598,NSGA-II,normal,0.05,3074606509,4000,P01,cluster,0.0,16,24.761633648727482,0.0,50.7496922673115,0.034803631193307136,1.0,0.0,held_out_replay_of_fixed_executed_schedule,7,32380.82313321292,0.5710903550831203,24319.17686678708,512,0.09854048372855295,2423176056,1.5001569096168128,0.09854048372855295,0.0,True,0.007178950026259454,0.0,screening,False,P01_normal_full_method_full_NSGA-II_s09,4119177308,31.20265159988776,9,algorithms,full_method,0.5710903550831203,full,0.09854048372855295
0.0,SPEA2,normal,0.05000000000000001,2290579265,4000,P01,cluster,0.0,16,36.14393017146836,0.0,69.03382280621855,0.04921502244493224,1.0,0.0,held_out_replay_of_fixed_executed_schedule,7,32721.37228885595,0.5770965130309691,23978.62771114405,512,0.023891302153077557,2573152596,0.0,0.023891302153077557,0.0,False,0.007178950026259454,0.0,screening,False,P01_normal_full_method_full_SPEA2_s00,3477972202,62.81587940035388,0,algorithms,full_method,0.5770965130309691,full,0.023891302153077557
0.0,SPEA2,normal,0.05,2660666804,4000,P01,cluster,0.0,16,24.993895001473035,0.0,52.15917247499239,0.038034287162592516,1.0,0.0,held_out_replay_of_fixed_executed_schedule,7,31283.96927314699,0.5517454898262256,25416.03072685301,512,0.0756084463812198,3773473114,4.967804983438414,0.0756084463812198,0.0,True,0.007178950026259454,0.0,screening,False,P01_normal_full_method_full_SPEA2_s01,424694085,59.47904360014945,1,algorithms,full_method,0.5517454898262256,full,0.0756084463812198
0.0033143703631377574,SPEA2,normal,0.05,2310657182,4000,P01,cluster,0.0,16,21.948063187544857,0.0,52.01002938989817,0.04164354537457678,1.0,0.0,held_out_replay_of_fixed_executed_schedule,7,30585.227579868428,0.5394220031722827,26114.772420131572,512,0.1723654799560914,2256712277,5.158540705266804,0.1723654799560914,1.774623808337421e-17,True,0.007178950026259454,0.0,screening,False,P01_normal_full_method_full_SPEA2_s02,1921158230,59.56173179997131,2,algorithms,full_method,0.5394220031722827,full,0.1723654799560914
0.0,SPEA2,normal,0.05,186546168,4000,P01,cluster,0.0,16,29.391427133059,0.0,63.498956193988036,0.04005259715308095,1.0,0.0,held_out_replay_of_fixed_executed_schedule,7,33377.58099182664,0.5886698587623745,23322.41900817336,512,0.008031464664581399,242140887,-2.3062788338920575,0.008031464664581399,0.0,True,0.007178950026259454,0.0,screening,False,P01_normal_full_method_full_SPEA2_s03,180007959,61.483804599847645,3,algorithms,full_method,0.5886698587623745,full,0.008031464664581399
0.02344683389938844,SPEA2,normal,0.05,1443465302,4000,P01,cluster,0.0,16,40.013623470954485,0.0,71.96387845709984,0.051883075420001146,1.0,0.0,held_out_replay_of_fixed_executed_schedule,7,32689.679377893946,0.5765375551656781,24010.320622106054,512,0.04778629390643551,4095586511,-2.238756524774443,0.04778629390643551,1.8217949677962628e-17,False,0.007178950026259454,0.0,screening,False,P01_normal_full_method_full_SPEA2_s04,2247167902,61.2762639997527,4,algorithms,full_method,0.5765375551656782,full,0.04778629390643551
0.01096586094125373,SPEA2,normal,0.049999999999999996,1511028059,4000,P01,cluster,0.0,16,19.709351272631608,0.0,49.556192151355944,0.04541305042165092,1.0,0.0,held_out_replay_of_fixed_executed_schedule,7,31980.940264098488,0.5640377471622309,24719.059735901512,512,0.13623897372287605,1660709819,1.5710628893566134,0.13623897372287605,0.0,True,0.007178950026259454,0.0,screening,False,P01_normal_full_method_full_SPEA2_s05,3744582579,59.1521749002859,5,algorithms,full_method,0.5640377471622309,full,0.13623897372287605
0.023422298962499574,SPEA2,normal,0.05,449843519,4000,P01,cluster,0.0,16,22.86477887188652,0.0,55.027890943751544,0.04788850626523834,1.0,0.0,held_out_replay_of_fixed_executed_schedule,7,32228.931443966314,0.5684114893115753,24471.068556033686,512,0.19866787857347695,1047090411,1.39009698849703,0.19866787857347695,0.0,True,0.007178950026259454,0.0,screening,False,P01_normal_full_method_full_SPEA2_s06,3977222282,59.296648600138724,6,algorithms,full_method,0.5684114893115753,full,0.19866787857347695
0.0,SPEA2,normal,0.049999999999999996,1167875643,4000,P01,cluster,0.0,16,27.94082643650964,0.0,50.11611675901549,0.04786371710821467,1.0,0.0,held_out_replay_of_fixed_executed_schedule,7,31683.092963338833,0.5587847083481275,25016.907036661167,512,0.058639562013270675,1068670264,3.3281287777102304,0.058639562013270675,0.0,True,0.007178950026259454,0.0,screening,False,P01_normal_full_method_full_SPEA2_s07,3664739829,60.28493060031906,7,algorithms,full_method,0.5587847083481275,full,0.058639562013270675
0.0,SPEA2,normal,0.05000000000000002,3421339141,4000,P01,cluster,0.0,16,36.581726280304466,0.0,66.16827357773236,0.05434504796210939,1.0,0.0,held_out_replay_of_fixed_executed_schedule,7,31897.679733775632,0.562569307473997,24802.320266224368,512,0.04809088377607929,3535516935,1.623911228070201,0.04809088377607929,0.0,False,0.007178950026259454,0.0,screening,False,P01_normal_full_method_full_SPEA2_s08,1320645147,60.53121400019154,8,algorithms,full_method,0.562569307473997,full,0.04809088377607929
0.0,SPEA2,normal,0.05,3074606509,4000,P01,cluster,0.0,16,25.843314374169196,0.0,46.26561764136429,0.03137903168193271,1.0,0.0,held_out_replay_of_fixed_executed_schedule,7,31447.870380889806,0.5546361619204552,25252.129619110194,512,0.09542363517262639,2423176056,4.338123669649878,0.09542363517262639,0.0,True,0.007178950026259454,0.0,screening,False,P01_normal_full_method_full_SPEA2_s09,4119177308,57.089933899696916,9,algorithms,full_method,0.5546361619204552,full,0.09542363517262639
0.028866156365708835,MOABC,matched,0.05000000000000001,574942562,4000,P02,cluster,0.09375,22,12.944809379960713,0.032118113941904634,53.4166778468264,0.03650580003896276,5.0,0.0,held_out_replay_of_fixed_executed_schedule,7,88550.79973576349,1.561742499748915,-31850.79973576349,512,0.12768599613707346,3887991230,-15.911032383449792,0.12768599613707346,1.9350951101551666e-17,False,0.1223756546175132,0.0699336881025476,screening,False,P02_matched_full_method_full_MOABC_s00,2687735713,41.760004999581724,0,algorithms,full_method,1.214963651651016,full,0.12768599613707346
0.0016265266813562825,MOABC,matched,0.049999999999999996,1568371521,4000,P02,cluster,0.087890625,22,22.66809716065536,0.031624069218287594,47.323804207293755,0.03684245765990847,5.0,0.0,held_out_replay_of_fixed_executed_schedule,7,80606.53804693469,1.4216320643198357,-23906.538046934686,512,0.10844767475326357,1699465598,-3.4232879957381264,0.10844767475326357,0.0,False,0.11583682755047449,0.06482977461995097,screening,False,P02_matched_full_method_full_MOABC_s01,3310636222,42.391878199763596,1,algorithms,full_method,1.1977911527862501,full,0.10844767475326357
0.020920926093678124,MOABC,matched,0.049999999999999996,1109274671,4000,P02,cluster,0.130859375,22,23.149751367856535,0.05556919394013334,56.3599181196591,0.038069543502103995,5.0,0.0,held_out_replay_of_fixed_executed_schedule,7,89239.77139878947,1.573893675463659,-32539.771398789468,512,0.13451013940901566,2339750876,-8.392751137757811,0.13451013940901566,0.0,False,0.16318877549545088,0.1028724496863284,screening,False,P02_matched_full_method_full_MOABC_s02,2428614473,42.539059800095856,2,algorithms,full_method,1.2899386053033894,full,0.13451013940901566
0.03198406823318876,MOABC,matched,0.05,397350824,4000,P02,cluster,0.126953125,22,20.37384087062305,0.04360595014840286,51.684847241361425,0.03831111057643056,5.0,0.0,held_out_replay_of_fixed_executed_schedule,7,78703.7775626635,1.3880736783538536,-22003.777562663498,512,0.12337589432269146,2068408997,-6.069032669941895,0.12337589432269146,0.0,False,0.15893434685687088,0.09936264416248344,screening,False,P02_matched_full_method_full_MOABC_s03,743548165,42.54876199970022,3,algorithms,full_method,1.2603100313652382,full,0.12337589432269146
0.02628961793974815,MOABC,matched,0.049999999999999996,2727349570,4000,P02,cluster,0.162109375,22,21.178411704080155,0.04913899251502211,45.85537602529585,0.03972066867763501,5.0,0.0,held_out_replay_of_fixed_executed_schedule,7,83263.9684419517,1.46850032525488,-26563.9684419517,512,0.12811456089078402,4102810800,-13.347260866828728,0.12811456089078402,3.549247616674842e-17,False,0.19694299429348183,0.13123687832991213,screening,False,P02_matched_full_method_full_MOABC_s04,2506987846,43.63353880029172,4,algorithms,full_method,1.2898450971817752,full,0.12811456089078402
0.05559514258186833,MOABC,matched,0.049999999999999996,1154393712,4000,P02,cluster,0.09765625,22,17.500791496013747,0.049132605182643785,46.90153670674259,0.04290814742955021,5.0,0.0,held_out_replay_of_fixed_executed_schedule,7,87695.9660950692,1.546666068696106,-30995.966095069205,512,0.13501462696141936,1970656288,-8.043526573557493,0.13501462696141936,0.0,False,0.12671845134763224,0.07335316095280342,screening,False,P02_matched_full_method_full_MOABC_s05,3967667305,43.273353499826044,5,algorithms,full_method,1.2674293373563772,full,0.13501462696141936
0.024418379195750954,MOABC,matched,0.05,2821851780,4000,P02,cluster,0.10546875,22,18.567490824693568,0.04538838830068507,48.7180938791863,0.03191072659893409,5.0,0.0,held_out_replay_of_fixed_executed_schedule,7,92766.68638176502,1.6360967615831572,-36066.686381765016,512,0.11630733971988041,52874072,-0.9989400830705529,0.11630733971988041,0.0,False,0.13536766956040827,0.08022939831656616,screening,False,P02_matched_full_method_full_MOABC_s06,1949970153,43.62064510025084,6,algorithms,full_method,1.2596427808272868,full,0.11630733971988041
0.011726196776979374,MOABC,matched,0.049999999999999996,3955618538,4000,P02,cluster,0.083984375,22,12.81747881019739,0.045432876216278346,40.65232995794389,0.030292966196209997,5.0,0.0,held_out_replay_of_fixed_executed_schedule,7,87390.03540679094,1.5412704657282352,-30690.035406790936,512,0.1361063039360846,1361208697,-1.4211478132902189,0.1361063039360846,0.0,False,0.11146005775145044,0.061445217287309846,screening,False,P02_matched_full_method_full_MOABC_s07,744609846,43.21643379982561,7,algorithms,full_method,1.2471263591152664,full,0.1361063039360846
0.02025190247017994,MOABC,matched,0.05,3254647268,4000,P02,cluster,0.07421875,22,9.10815748085771,0.033084424516019374,41.42354965645309,0.028054283044981126,5.0,0.0,held_out_replay_of_fixed_executed_schedule,7,80992.78149137986,1.4284441180137541,-24292.781491379865,512,0.21145892689834625,1480618998,-1.433249210319472,0.21145892689834625,0.0,False,0.10045003477589479,0.05305403417459211,screening,False,P02_matched_full_method_full_MOABC_s08,3150046712,42.55707329977304,8,algorithms,full_method,1.2079310161307273,full,0.21145892689834625
0.03426231605566387,MOABC,matched,0.05000000000000002,96381096,4000,P02,cluster,0.111328125,22,16.657753059226934,0.06871441348197396,41.721211785722566,0.0272229132726385,5.0,0.0,held_out_replay_of_fixed_executed_schedule,7,89057.99066709746,1.570687666086375,-32357.99066709746,512,0.15274967830760572,2229049640,-9.104429883397712,0.15274967830760572,0.0,False,0.14182505529905332,0.0854168019240662,screening,False,P02_matched_full_method_full_MOABC_s09,1044053742,43.53481149999425,9,algorithms,full_method,1.3391992500942378,full,0.15274967830760572
0.08160838649880735,MOEA/D,matched,0.05000000000000001,574942562,4000,P02,cluster,0.1171875,22,15.32865271485892,0.037390625780885006,56.14027482266555,0.04558530934937203,5.0,0.0,held_out_replay_of_fixed_executed_schedule,7,88438.79296345725,1.5597670716659127,-31738.79296345725,512,0.13781526116752185,3887991230,-15.764418003334704,0.13781526116752185,3.6435899355925256e-17,False,0.14825904371283938,0.0906281188230049,screening,False,P02_matched_full_method_full_MOEA-D_s00,2687735713,33.5962404999882,0,algorithms,full_method,1.244082535706552,full,0.13781526116752185
0.006872251537747301,MOEA/D,matched,0.049999999999999996,1568371521,4000,P02,cluster,0.080078125,22,17.11324172994344,0.03137577793743925,46.436795644772616,0.048008147007167504,5.0,0.0,held_out_replay_of_fixed_executed_schedule,7,82069.13445279167,1.447427415393151,-25369.134452791666,512,0.10738824395245018,1699465598,-5.299891717590071,0.10738824395245018,0.0,False,0.1070682263312835,0.05807617584047817,screening,False,P02_matched_full_method_full_MOEA-D_s01,3310636222,33.38085770001635,1,algorithms,full_method,1.2070792351556685,full,0.10738824395245018
0.017923215430240662,MOEA/D,matched,0.049999999999999996,1109274671,4000,P02,cluster,0.10546875,22,19.1281631401205,0.046901442993718824,53.90262243149678,0.041441678412624534,5.0,0.0,held_out_replay_of_fixed_executed_schedule,7,88352.81808124861,1.5582507598103812,-31652.81808124861,512,0.10839412973146698,2339750876,-7.3154365199357505,0.10839412973146698,0.0,False,0.13536766956040827,0.08022939831656616,screening,False,P02_matched_full_method_full_MOEA-D_s02,2428614473,33.45381259964779,2,algorithms,full_method,1.2524360723908812,full,0.10839412973146698
0.0696717686207203,MOEA/D,matched,0.05,397350824,4000,P02,cluster,0.12890625,22,29.533876359778148,0.045068983452373056,71.49473674465415,0.03744555816880058,5.0,0.0,held_out_replay_of_fixed_executed_schedule,7,80295.26982729216,1.4161423249963343,-23595.269827292155,512,0.136696826931635,2068408997,-8.213885817256875,0.136696826931635,0.0,False,0.1610626384996719,0.10111644958008391,screening,False,P02_matched_full_method_full_MOEA-D_s03,743548165,33.37573349988088,3,algorithms,full_method,1.2765001188021745,full,0.136696826931635
0.09785593181210057,MOEA/D,matched,0.049999999999999996,2727349570,4000,P02,cluster,0.12890625,22,19.1844629517722,0.041188961958420374,58.181352010014834,0.04985333428976704,5.0,0.0,held_out_replay_of_fixed_executed_schedule,7,84299.88978141072,1.4867705428820233,-27599.88978141072,512,0.15770119237413882,4102810800,-14.757460842860809,0.15770119237413882,1.8217949677962628e-17,False,0.1610626384996719,0.10111644958008391,screening,False,P02_matched_full_method_full_MOEA-D_s04,2506987846,34.27721669990569,4,algorithms,full_method,1.2662882200405736,full,0.15770119237413882
0.05475805067516405,MOEA/D,matched,0.049999999999999996,1154393712,4000,P02,cluster,0.10546875,22,27.496471937411222,0.05645697661908023,69.681465843226,0.040792472621162285,5.0,0.0,held_out_replay_of_fixed_executed_schedule,7,89206.54725902794,1.5733077117994345,-32506.54725902794,512,0.14533406617537786,1970656288,-9.904598677521319,0.14533406617537786,3.738161536263577e-17,False,0.13536766956040827,0.08022939831656616,screening,False,P02_matched_full_method_full_MOEA-D_s05,3967667305,34.972481300123036,5,algorithms,full_method,1.296745709109354,full,0.14533406617537786
0.049032599507166263,MOEA/D,matched,0.05,2821851780,4000,P02,cluster,0.099609375,22,29.39537671203167,0.043726712457922826,61.96685958276478,0.0407513882058142,5.0,0.0,held_out_replay_of_fixed_executed_schedule,7,94126.04760216444,1.66007138628156,-37426.04760216444,512,0.10717368769713864,52874072,-2.47893303965156,0.10717368769713864,3.738161536263577e-17,False,0.12888518546985142,0.07506768163149095,screening,False,P02_matched_full_method_full_MOEA-D_s06,1949970153,34.5767531003803,6,algorithms,full_method,1.2610878107630628,full,0.10717368769713864
0.016341723169806945,MOEA/D,matched,0.049999999999999996,3955618538,4000,P02,cluster,0.078125,22,15.09298016965714,0.04580213960672794,53.10318397126463,0.034272593703962156,5.0,0.0,held_out_replay_of_fixed_executed_schedule,7,88748.01198156804,1.5652206698689248,-32048.011981568037,512,0.14263627636119222,1361208697,-2.9971575068021568,0.14263627636119222,0.0,False,0.10486635710025519,0.0563977959958858,screening,False,P02_matched_full_method_full_MOEA-D_s07,744609846,34.75466399965808,7,algorithms,full_method,1.2523402910399073,full,0.14263627636119222
0.01408963902250028,MOEA/D,matched,0.05,3254647268,4000,P02,cluster,0.06640625,22,14.67597665598423,0.027381905036464135,43.268867194206685,0.04355727809132287,5.0,0.0,held_out_replay_of_fixed_executed_schedule,7,79842.31928841404,1.4081537793371084,-23142.319288414044,512,0.130723526341561,1480618998,0.0075596764935480015,0.130723526341561,2.115103957611461e-17,False,0.09156269001226201,0.04642313523921855,screening,False,P02_matched_full_method_full_MOEA-D_s08,3150046712,35.099693399854004,8,algorithms,full_method,1.1855623041351482,full,0.130723526341561
0.02277364465666817,MOEA/D,matched,0.05000000000000002,96381096,4000,P02,cluster,0.111328125,22,25.088639601137167,0.06665255403082966,51.31159810628981,0.038654789554475585,5.0,0.0,held_out_replay_of_fixed_executed_schedule,7,88523.0189294178,1.5612525384377036,-31823.018929417798,512,0.14926140369307933,2229049640,-8.449039098067159,0.14926140369307933,3.738161536263577e-17,False,0.14182505529905332,0.0854168019240662,screening,False,P02_matched_full_method_full_MOEA-D_s09,1044053742,35.81429010024294,9,algorithms,full_method,1.3387287375547856,full,0.14926140369307933
0.02897846311076727,MOPSO,matched,0.05000000000000001,574942562,4000,P02,cluster,0.09765625,22,21.44915077841118,0.030793811137354916,40.17834467934553,0.050117650613528165,5.0,0.0,held_out_replay_of_fixed_executed_schedule,7,86999.48835317197,1.5343825106379536,-30299.488353171968,512,0.12932432968769203,3887991230,-13.880400198975487,0.12932432968769203,3.6435899355925256e-17,False,0.12671845134763224,0.07335316095280342,screening,False,P02_matched_full_method_full_MOPSO_s00,2687735713,38.893715700134635,0,algorithms,full_method,1.2071639183490797,full,0.12932432968769203
0.0411384333688681,MOPSO,matched,0.049999999999999996,1568371521,4000,P02,cluster,0.08984375,22,18.59525371603261,0.03416121743388418,48.34437781547488,0.04453424817944589,5.0,0.0,held_out_replay_of_fixed_executed_schedule,7,80623.97244808688,1.4219395493489748,-23923.972448086875,512,0.11650951464792746,1699465598,-3.445657435427327,0.11650951464792746,0.0,False,0.11801984492278575,0.06652757606419021,screening,False,P02_matched_full_method_full_MOPSO_s01,3310636222,35.42525550024584,1,algorithms,full_method,1.2161494783922255,full,0.11650951464792746
0.03278294492624854,MOPSO,matched,0.049999999999999996,1109274671,4000,P02,cluster,0.11328125,22,33.39561647304346,0.05154977864652943,58.98950234310665,0.04657026326576191,5.0,0.0,held_out_replay_of_fixed_executed_schedule,7,89008.12097697717,1.5698081301054174,-32308.120976977167,512,0.13152606626839955,2339750876,-8.111383019833676,0.13152606626839955,0.0,False,0.14397224007474893,0.08715133147046501,screening,False,P02_matched_full_method_full_MOPSO_s02,2428614473,36.3624964999035,2,algorithms,full_method,1.2703973967016633,full,0.13152606626839955
0.05291092767776684,MOPSO,matched,0.05,397350824,4000,P02,cluster,0.12890625,22,19.645057725013316,0.04201373278337123,54.97085800811088,0.040002311460897395,5.0,0.0,held_out_replay_of_fixed_executed_schedule,7,77867.53559162773,1.373325142709484,-21167.535591627733,512,0.13774234308858466,2068408997,-4.942029879317936,0.13774234308858466,0.0,False,0.1610626384996719,0.10111644958008391,screening,False,P02_matched_full_method_full_MOPSO_s03,743548165,36.174353499896824,3,algorithms,full_method,1.2532430109142279,full,0.13774234308858466
0.01756402887404638,MOPSO,matched,0.049999999999999996,2727349570,4000,P02,cluster,0.126953125,22,14.665920386862144,0.035409189510276405,45.436800006574714,0.037253463166287026,5.0,0.0,held_out_replay_of_fixed_executed_schedule,7,82168.07141674972,1.4491723353924113,-25468.07141674972,512,0.21685321165484123,4102810800,-11.855415974937115,0.21685321165484123,0.0,False,0.15893434685687088,0.09936264416248344,screening,False,P02_matched_full_method_full_MOPSO_s04,2506987846,37.32705290010199,4,algorithms,full_method,1.2377280946599154,full,0.21685321165484123
0.05634169388299861,MOPSO,matched,0.049999999999999996,1154393712,4000,P02,cluster,0.09765625,22,33.631776428542814,0.054431319128254115,55.52919554180106,0.047412788425768244,5.0,0.0,held_out_replay_of_fixed_executed_schedule,7,89580.33017144722,1.5799000030237604,-32880.33017144722,512,0.19491582359058834,1970656288,-10.365108160784594,0.19491582359058834,0.0,False,0.12671845134763224,0.07335316095280342,screening,False,P02_matched_full_method_full_MOPSO_s05,3967667305,36.395519599784166,5,algorithms,full_method,1.2943998914839874,full,0.19491582359058834
0.010729743292830635,MOPSO,matched,0.05,2821851780,4000,P02,cluster,0.109375,22,23.93421859425354,0.042386438069703394,43.18183287296314,0.03648702093737939,5.0,0.0,held_out_replay_of_fixed_executed_schedule,7,91970.18373022894,1.6220490957712335,-35270.183730228935,512,0.1240082636638135,52874072,-0.13175460177138984,0.1240082636638135,0.0,False,0.1396752725025087,0.08368492763042859,screening,False,P02_matched_full_method_full_MOPSO_s06,1949970153,35.589558499865234,6,algorithms,full_method,1.2466819172953694,full,0.1240082636638135
0.0011407171866717385,MOPSO,matched,0.049999999999999996,3955618538,4000,P02,cluster,0.0703125,22,16.532876072144024,0.03901826704722731,46.24460976209925,0.044350699366119725,5.0,0.0,held_out_replay_of_fixed_executed_schedule,7,88191.28082920887,1.5554017782929255,-31491.280829208874,512,0.18548632904722714,1361208697,-2.3510390765618325,0.18548632904722714,0.0,False,0.0960159290992518,0.04972866865403264,screening,False,P02_matched_full_method_full_MOPSO_s07,744609846,35.08274170011282,7,algorithms,full_method,1.2305738716306076,full,0.18548632904722714
0.004493337586873975,MOPSO,matched,0.05,3254647268,4000,P02,cluster,0.072265625,22,21.23246334394936,0.03144005406030523,48.5111335906154,0.03870528910336186,5.0,0.0,held_out_replay_of_fixed_executed_schedule,7,80230.51998611639,1.415000352488825,-23530.519986116386,512,0.12333885629021239,1480618998,-0.4786127624398196,0.12333885629021239,0.0,False,0.0982352850891248,0.05138896665505944,screening,False,P02_matched_full_method_full_MOPSO_s08,3150046712,35.21646589972079,8,algorithms,full_method,1.202923826020804,full,0.12333885629021239
0.02621776924824579,MOPSO,matched,0.05000000000000002,96381096,4000,P02,cluster,0.083984375,22,19.86962072668511,0.06318316468104818,47.271678270466154,0.03707440544007019,5.0,0.0,held_out_replay_of_fixed_executed_schedule,7,87932.95206616749,1.5508457154526893,-31232.95206616749,512,0.15996799162888456,2229049640,-7.726151592681363,0.15996799162888456,0.0,False,0.11146005775145044,0.061445217287309846,screening,False,P02_matched_full_method_full_MOPSO_s09,1044053742,34.34931840002537,9,algorithms,full_method,1.3148154008481006,full,0.15996799162888456
0.06603018773756555,NSGA-III,matched,0.05000000000000001,574942562,4000,P02,cluster,0.11328125,22,30.80856527347568,0.03905333803603488,76.52325103947624,0.04229485548850711,5.0,0.0,held_out_replay_of_fixed_executed_schedule,7,88341.10700314748,1.5580442152230596,-31641.10700314748,512,0.12440644110107049,3887991230,-15.636549248420446,0.12440644110107049,3.738161536263577e-17,False,0.14397224007474893,0.08715133147046501,screening,False,P02_matched_full_method_full_NSGA-III_s00,2687735713,42.64539679978043,0,algorithms,full_method,1.2616348738495478,full,0.12440644110107049
0.0,NSGA-III,matched,0.049999999999999996,1568371521,4000,P02,cluster,0.083984375,22,16.03997663141908,0.032499994286964824,47.5503582574902,0.03707830327571611,5.0,0.0,held_out_replay_of_fixed_executed_schedule,7,81236.11819052661,1.4327357705560249,-24536.118190526613,512,0.13200241909889826,1699465598,-4.231079151204853,0.13200241909889826,0.0,False,0.11146005775145044,0.061445217287309846,screening,False,P02_matched_full_method_full_NSGA-III_s01,3310636222,44.18460030015558,1,algorithms,full_method,1.2073692709343375,full,0.13200241909889826
0.029754399051304233,NSGA-III,matched,0.049999999999999996,1109274671,4000,P02,cluster,0.125,22,20.179935581823557,0.054606527991683716,54.413538758815264,0.03344526036659505,5.0,0.0,held_out_replay_of_fixed_executed_schedule,7,90077.29562017735,1.588664825752687,-33377.29562017735,512,0.12884095651549987,2339750876,-9.410027998486886,0.12884095651549987,1.8217949677962628e-17,False,0.15680385865168373,0.0976110768689058,screening,False,P02_matched_full_method_full_NSGA-III_s02,2428614473,44.207841200288385,2,algorithms,full_method,1.2814880469624992,full,0.12884095651549987
0.02095339083348063,NSGA-III,matched,0.05,397350824,4000,P02,cluster,0.12890625,22,19.6569724796508,0.045166477209816806,57.97160433654663,0.03792380304109157,5.0,0.0,held_out_replay_of_fixed_executed_schedule,7,78978.95784361546,1.3929269460955107,-22278.957843615455,512,0.16649429431014953,2068408997,-6.439892965525262,0.16649429431014953,3.6435899355925256e-17,False,0.1610626384996719,0.10111644958008391,screening,False,P02_matched_full_method_full_NSGA-III_s03,743548165,42.87138150027022,3,algorithms,full_method,1.2611058136579212,full,0.16649429431014953
0.017848035254148128,NSGA-III,matched,0.049999999999999996,2727349570,4000,P02,cluster,0.166015625,22,20.975981560303655,0.050658256928112246,47.595446336941976,0.03280812132540434,5.0,0.0,held_out_replay_of_fixed_executed_schedule,7,83433.40356522388,1.4714885990339308,-26733.40356522388,512,0.13660357991862243,4102810800,-13.57791294211294,0.13660357991862243,0.0,False,0.20113077196349222,0.1348144109020811,screening,False,P02_matched_full_method_full_NSGA-III_s04,2506987846,43.16207339987159,4,algorithms,full_method,1.2934334078387981,full,0.13660357991862243
0.015102424933063241,NSGA-III,matched,0.049999999999999996,1154393712,4000,P02,cluster,0.095703125,22,16.121178133500706,0.054139202081437784,50.9581324987568,0.037527225332273546,5.0,0.0,held_out_replay_of_fixed_executed_schedule,7,88280.74159014739,1.5569795694911355,-31580.741590147387,512,0.15849892233935706,1970656288,-8.76398396236773,0.15849892233935706,0.0,False,0.12454863540683042,0.07164180078160846,screening,False,P02_matched_full_method_full_NSGA-III_s05,3967667305,44.796191699802876,5,algorithms,full_method,1.2794003072183167,full,0.15849892233935706
0.06551243566612976,NSGA-III,matched,0.05,2821851780,4000,P02,cluster,0.11328125,22,16.777995299755595,0.04637767931601408,47.294719738497434,0.027169012265747257,5.0,0.0,held_out_replay_of_fixed_executed_schedule,7,92766.68638176502,1.6360967615831572,-36066.686381765016,512,0.11630733971988041,52874072,-0.9989400830705529,0.11630733971988041,3.738161536263577e-17,False,0.14397224007474893,0.08715133147046501,screening,False,P02_matched_full_method_full_NSGA-III_s06,1949970153,43.83992489986122,6,algorithms,full_method,1.26018738686746,full,0.11630733971988041
0.05498130079471911,NSGA-III,matched,0.049999999999999996,3955618538,4000,P02,cluster,0.08203125,22,12.017779518958275,0.047385017140552245,45.319905903915384,0.03580392357809456,5.0,0.0,held_out_replay_of_fixed_executed_schedule,7,88255.37004775486,1.5565320996076695,-31555.370047754855,512,0.13064658249249575,1361208697,-2.425418290131589,0.13064658249249575,0.0,False,0.10926608406412831,0.05975869449431895,screening,False,P02_matched_full_method_full_NSGA-III_s07,744609846,43.385723900049925,7,algorithms,full_method,1.26224519947973,full,0.13064658249249575
0.019251789499633652,NSGA-III,matched,0.05,3254647268,4000,P02,cluster,0.0703125,22,10.658422489772711,0.030600787458177712,41.61293080981669,0.0322452100105104,5.0,0.0,held_out_replay_of_fixed_executed_schedule,7,81214.64921657901,1.4323571290401942,-24514.64921657901,512,0.1250334150241443,1480618998,-1.7111105684239216,0.1250334150241443,0.0,False,0.0960159290992518,0.04972866865403264,screening,False,P02_matched_full_method_full_NSGA-III_s08,3150046712,44.30051919957623,8,algorithms,full_method,1.2030682466598785,full,0.1250334150241443
0.012871536744510536,NSGA-III,matched,0.05000000000000002,96381096,4000,P02,cluster,0.099609375,22,15.496512159355937,0.06714975129918323,37.75227763923817,0.01949379455737323,5.0,0.0,held_out_replay_of_fixed_executed_schedule,7,89001.58531475547,1.5696928626941,-32301.585314755474,512,0.15274967830760572,2229049640,-9.035328012094004,0.15274967830760572,0.0,False,0.12888518546985142,0.07506768163149095,screening,False,P02_matched_full_method_full_NSGA-III_s09,1044053742,45.596370100043714,9,algorithms,full_method,1.3315141606541454,full,0.15274967830760572
0.015810237973733016,NSGA-II,matched,0.05000000000000001,574942562,4000,P02,cluster,0.087890625,22,23.044847579827966,0.033946826421107676,63.947140482820025,0.03844271837852186,5.0,0.0,held_out_replay_of_fixed_executed_schedule,7,89686.10007954217,1.5817654335016256,-32986.10007954217,512,0.11674014716617595,3887991230,-17.397115347187555,0.11674014716617595,4.230207915222922e-17,False,0.11583682755047449,0.06482977461995097,screening,False,P02_matched_full_method_full_NSGA-II_s00,2687735713,42.831496899947524,0,algorithms,full_method,1.2243140393158678,full,0.11674014716617595
0.025774721071509722,NSGA-II,matched,0.049999999999999996,1568371521,4000,P02,cluster,0.087890625,22,12.283679225214586,0.03319251792128685,36.5310654418695,0.02806429981961878,5.0,0.0,held_out_replay_of_fixed_executed_schedule,7,80738.08348636009,1.4239520897065272,-24038.08348636009,512,0.1105446319615978,1699465598,-3.5920691169208507,0.1105446319615978,0.0,False,0.11583682755047449,0.06482977461995097,screening,False,P02_matched_full_method_full_NSGA-II_s01,3310636222,44.01141529995948,1,algorithms,full_method,1.2062712125124202,full,0.1105446319615978
0.04888032851690827,NSGA-II,matched,0.049999999999999996,1109274671,4000,P02,cluster,0.126953125,22,23.226147159010484,0.05939373797487928,58.8902395282601,0.03240979613577723,5.0,0.0,held_out_replay_of_fixed_executed_schedule,7,90077.29562017735,1.588664825752687,-33377.29562017735,512,0.15538413208475552,2339750876,-9.410027998486886,0.15538413208475552,0.0,False,0.15893434685687088,0.09936264416248344,screening,False,P02_matched_full_method_full_NSGA-II_s02,2428614473,44.186275999993086,2,algorithms,full_method,1.2984576717503764,full,0.15538413208475552
0.08502370008768584,NSGA-II,matched,0.05,397350824,4000,P02,cluster,0.12890625,22,17.54714909884398,0.04445535816150461,54.978261812787345,0.03371893277430719,5.0,0.0,held_out_replay_of_fixed_executed_schedule,7,77719.5523122542,1.3707152083289984,-21019.552312254207,512,0.13319864407726895,2068408997,-4.742592904618999,0.13319864407726895,3.738161536263577e-17,False,0.1610626384996719,0.10111644958008391,screening,False,P02_matched_full_method_full_NSGA-II_s03,743548165,43.33557009976357,3,algorithms,full_method,1.2543378658124287,full,0.13319864407726895
0.018306908862355725,NSGA-II,matched,0.049999999999999996,2727349570,4000,P02,cluster,0.166015625,22,19.85316275503823,0.051097205518933625,38.57597827631744,0.03636167565355288,5.0,0.0,held_out_replay_of_fixed_executed_schedule,7,82943.11728142548,1.4628415746283154,-26243.117281425482,512,0.12811456089078402,4102810800,-12.910486102520636,0.12811456089078402,0.0,False,0.20113077196349222,0.1348144109020811,screening,False,P02_matched_full_method_full_NSGA-II_s04,2506987846,42.87244340032339,4,algorithms,full_method,1.2866391826993573,full,0.12811456089078402
0.0072412425854686095,NSGA-II,matched,0.049999999999999996,1154393712,4000,P02,cluster,0.09375,22,16.384251955104652,0.05162985228804728,49.09872714099649,0.03387992182896206,5.0,0.0,held_out_replay_of_fixed_executed_schedule,7,87567.38060258672,1.5443982469592015,-30867.380602586723,512,0.13572007914906656,1970656288,-7.8851061730234,0.13572007914906656,3.6435899355925256e-17,False,0.1223756546175132,0.0699336881025476,screening,False,P02_matched_full_method_full_NSGA-II_s05,3967667305,43.99130679992959,5,algorithms,full_method,1.2695651980438558,full,0.13572007914906656
0.017053351812729493,NSGA-II,matched,0.05,2821851780,4000,P02,cluster,0.109375,22,20.27205341470321,0.04272726226860356,52.202787341269,0.030883122647421227,5.0,0.0,held_out_replay_of_fixed_executed_schedule,7,93228.48133532959,1.6442412933920563,-36528.48133532959,512,0.10760659598256951,52874072,-1.5017154075419996,0.10760659598256951,0.0,False,0.1396752725025087,0.08368492763042859,screening,False,P02_matched_full_method_full_NSGA-II_s06,1949970153,45.34021979989484,6,algorithms,full_method,1.2553674236405463,full,0.10760659598256951
0.03555558929086352,NSGA-II,matched,0.049999999999999996,3955618538,4000,P02,cluster,0.068359375,22,13.149329748341259,0.04400427068745913,43.185631772625484,0.033343226276360306,5.0,0.0,held_out_replay_of_fixed_executed_schedule,7,87451.6096264103,1.542356430800887,-30751.609626410296,512,0.13330590216263768,1361208697,-1.4926082263731717,0.13330590216263768,3.738161536263577e-17,False,0.0937917927860118,0.048073325372727405,screening,False,P02_matched_full_method_full_NSGA-II_s07,744609846,43.95850859954953,7,algorithms,full_method,1.2438651107886791,full,0.13330590216263768
0.009089542684666026,NSGA-II,matched,0.05,3254647268,4000,P02,cluster,0.07421875,22,17.222973447653104,0.0335892606250786,45.25999530984295,0.031841447909157626,5.0,0.0,held_out_replay_of_fixed_executed_schedule,7,80925.20719191889,1.4272523314271408,-24225.20719191889,512,0.15050392429892076,1480618998,-1.3486209183751166,0.15050392429892076,0.0,False,0.10045003477589479,0.05305403417459211,screening,False,P02_matched_full_method_full_NSGA-II_s08,3150046712,43.7767723002471,8,algorithms,full_method,1.211506200487236,full,0.15050392429892076
0.012871536744510536,NSGA-II,matched,0.05000000000000002,96381096,4000,P02,cluster,0.099609375,22,13.758832936704326,0.06711725209129236,36.014598416586566,0.01872068895987462,5.0,0.0,held_out_replay_of_fixed_executed_schedule,7,89001.58531475547,1.5696928626941,-32301.585314755474,512,0.15274967830760572,2229049640,-9.035328012094004,0.15274967830760572,0.0,False,0.12888518546985142,0.07506768163149095,screening,False,P02_matched_full_method_full_NSGA-II_s09,1044053742,44.923229000065476,9,algorithms,full_method,1.3315141606541454,full,0.15274967830760572
0.01906990269510539,SPEA2,matched,0.05000000000000001,574942562,4000,P02,cluster,0.091796875,22,14.221507007585332,0.03327030162179788,49.651147519481725,0.044232543748364786,5.0,0.0,held_out_replay_of_fixed_executed_schedule,7,88563.47388055408,1.5619660296394018,-31863.473880554084,512,0.10886845633035838,3887991230,-15.927622557808904,0.10886845633035838,1.9350951101551666e-17,False,0.12019942172134977,0.06822891441402182,screening,False,P02_matched_full_method_full_SPEA2_s00,2687735713,74.61347820004448,0,algorithms,full_method,1.2135401708396798,full,0.10886845633035838
0.004111021089303398,SPEA2,matched,0.049999999999999996,1568371521,4000,P02,cluster,0.099609375,22,21.15870124890088,0.03436746317738955,52.16183981410249,0.0400910889151755,5.0,0.0,held_out_replay_of_fixed_executed_schedule,7,81082.42781336277,1.4300251818935232,-24382.427813362767,512,0.11238529957146604,1699465598,-4.033884673874307,0.11238529957146604,0.0,False,0.12888518546985142,0.07506768163149095,screening,False,P02_matched_full_method_full_SPEA2_s01,3310636222,72.89598810020834,1,algorithms,full_method,1.2159577206871741,full,0.11238529957146604
0.04482300438167895,SPEA2,matched,0.049999999999999996,1109274671,4000,P02,cluster,0.1015625,22,26.775298467045122,0.05052269690353435,62.370959473705724,0.03781415657467233,5.0,0.0,held_out_replay_of_fixed_executed_schedule,7,89458.24983872139,1.5777469107358268,-32758.249838721385,512,0.11292552761662987,2339750876,-8.658120252865462,0.11292552761662987,3.738161536263577e-17,False,0.13104891685724124,0.076785280040235,screening,False,P02_matched_full_method_full_SPEA2_s02,2428614473,74.11621510004625,2,algorithms,full_method,1.2625825769232637,full,0.11292552761662987
0.028288680919059894,SPEA2,matched,0.05,397350824,4000,P02,cluster,0.123046875,22,14.573762905169778,0.04094003783375503,49.17174586490353,0.03767408986294423,5.0,0.0,held_out_replay_of_fixed_executed_schedule,7,77177.82815202771,1.3611609903355857,-20477.82815202771,512,0.1456987319299288,2068408997,-4.01251158668719,0.1456987319299288,0.0,False,0.15467113036009114,0.0958617928253271,screening,False,P02_matched_full_method_full_SPEA2_s03,743548165,72.73543540015817,3,algorithms,full_method,1.243959261640494,full,0.1456987319299288
0.02628961793974815,SPEA2,matched,0.049999999999999996,2727349570,4000,P02,cluster,0.123046875,22,15.219987470466378,0.04097424079932862,56.2372772520002,0.03473958835169686,5.0,0.0,held_out_replay_of_fixed_executed_schedule,7,84233.43100845751,1.4855984304842595,-27533.43100845751,512,0.14457958825388928,4102810800,-14.666990498775922,0.14457958825388928,0.0,False,0.15467113036009114,0.0958617928253271,screening,False,P02_matched_full_method_full_SPEA2_s04,2506987846,71.2477897000499,4,algorithms,full_method,1.258289600635874,full,0.14457958825388928
0.0919352673560136,SPEA2,matched,0.049999999999999996,1154393712,4000,P02,cluster,0.099609375,22,27.42226095820361,0.05365998389500093,65.72541394847822,0.04574928668633684,5.0,0.0,held_out_replay_of_fixed_executed_schedule,7,87458.94377521295,1.542485780867953,-30758.943775212945,512,0.14960009975159927,1970656288,-7.751509409550721,0.14960009975159927,0.0,False,0.12888518546985142,0.07506768163149095,screening,False,P02_matched_full_method_full_SPEA2_s05,3967667305,71.63814810011536,5,algorithms,full_method,1.2734787265237943,full,0.14960009975159927
0.027394558696674037,SPEA2,matched,0.05,2821851780,4000,P02,cluster,0.111328125,22,17.878852851155205,0.0457253445093358,48.11242150372169,0.034097399368176545,5.0,0.0,held_out_replay_of_fixed_executed_schedule,7,92487.88445512572,1.631179620019854,-35787.88445512572,512,0.11197760714591813,52874072,-0.6953968588596052,0.11197760714591813,2.115103957611461e-17,False,0.14182505529905332,0.0854168019240662,screening,False,P02_matched_full_method_full_SPEA2_s06,1949970153,71.5163322002627,6,algorithms,full_method,1.262671499285818,full,0.11197760714591813
0.022343902299432908,SPEA2,matched,0.049999999999999996,3955618538,4000,P02,cluster,0.07421875,22,11.591051642048008,0.046434908199037714,41.81340216770792,0.028300551985861976,5.0,0.0,held_out_replay_of_fixed_executed_schedule,7,87755.67188798422,1.5477190809168293,-31055.671887984223,512,0.12891437979528145,1361208697,-1.845489918570497,0.12891437979528145,1.8217949677962628e-17,False,0.10045003477589479,0.05305403417459211,screening,False,P02_matched_full_method_full_SPEA2_s07,744609846,72.1184404999949,7,algorithms,full_method,1.2599928590392981,full,0.12891437979528145
0.03190426021263377,SPEA2,matched,0.05,3254647268,4000,P02,cluster,0.06640625,22,17.065357599715917,0.028803017796988867,46.37898778121898,0.03955677765173904,5.0,0.0,held_out_replay_of_fixed_executed_schedule,7,81047.25171899071,1.4294047922220583,-24347.25171899071,512,0.13089076615578565,1480618998,-1.5014663041154368,0.13089076615578565,0.0,False,0.09156269001226201,0.04642313523921855,screening,False,P02_matched_full_method_full_SPEA2_s08,3150046712,73.00517100002617,8,algorithms,full_method,1.1963949615226206,full,0.13089076615578565
0.026858480268483833,SPEA2,matched,0.05000000000000002,96381096,4000,P02,cluster,0.1015625,22,15.063519213883442,0.06625791848923668,36.04431138622557,0.030257305943262973,5.0,0.0,held_out_replay_of_fixed_executed_schedule,7,89254.45731149876,1.5741526862698194,-32554.457311498758,512,0.14676691200962147,2229049640,-9.345120034477295,0.14676691200962147,0.0,False,0.13104891685724124,0.076785280040235,screening,False,P02_matched_full_method_full_SPEA2_s09,1044053742,75.83138980017975,9,algorithms,full_method,1.3391197842631957,full,0.14676691200962147
0.07088463424303323,MOABC,normal,0.05,574942562,4000,P02,cluster,0.0,22,21.444009943396345,0.0,56.67910624508118,0.04393027152648052,1.0,0.0,held_out_replay_of_fixed_executed_schedule,7,23113.033900909817,0.407637282202995,33586.96609909018,512,0.11383719011832419,3887991230,1.3605037034991114,0.11383719011832419,0.0,True,0.007178950026259454,0.0,screening,False,P02_normal_full_method_full_MOABC_s00,2687735713,46.43757369974628,0,algorithms,full_method,0.407637282202995,full,0.11383719011832419
0.01671819752864127,MOABC,normal,0.05000000000000001,1568371521,4000,P02,cluster,0.0,22,34.7074489669777,0.0,74.8023680918161,0.04520378803392632,1.0,0.0,held_out_replay_of_fixed_executed_schedule,7,24155.962254490958,0.4260310803261192,32544.037745509042,512,0.03716793488914867,1699465598,-3.6566796023590116,0.03716793488914867,0.0,False,0.007178950026259454,0.0,screening,False,P02_normal_full_method_full_MOABC_s01,3310636222,47.12272820016369,1,algorithms,full_method,0.4260310803261192,full,0.03716793488914867
1.8217949677962628e-17,MOABC,normal,0.05000000000000001,1109274671,4000,P02,cluster,0.0,22,28.029273826567504,0.0,64.75936027024542,0.047308832803298194,1.0,0.0,held_out_replay_of_fixed_executed_schedule,7,24246.186582324295,0.42762233831259777,32453.813417675705,512,0.04418979507722736,2339750876,-4.0799260547804765,0.04418979507722736,1.8217949677962628e-17,False,0.007178950026259454,0.0,screening,False,P02_normal_full_method_full_MOABC_s02,2428614473,49.14440490026027,2,algorithms,full_method,0.4276223383125977,full,0.04418979507722736
0.0,MOABC,normal,0.049999999999999996,397350824,4000,P02,cluster,0.0,22,21.760286788898924,0.0,56.51597898125733,0.0389689194784898,1.0,0.0,held_out_replay_of_fixed_executed_schedule,7,23724.57718585657,0.4184228780574351,32975.42281414343,512,0.09457804054166966,2068408997,0.0,0.09457804054166966,0.0,False,0.007178950026259454,0.0,screening,False,P02_normal_full_method_full_MOABC_s03,743548165,57.43051899969578,3,algorithms,full_method,0.4184228780574351,full,0.09457804054166966
0.018382152626399893,MOABC,normal,0.049999999999999996,2727349570,4000,P02,cluster,0.0,22,32.271496215084326,0.0,64.7088676689647,0.040376927447022135,1.0,0.0,held_out_replay_of_fixed_executed_schedule,7,25000.0,0.4409171075837742,31700.0,512,0.0792224836041782,4102810800,-7.123177654198239,0.0792224836041782,1.8217949677962628e-17,False,0.007178950026259454,0.0,screening,False,P02_normal_full_method_full_MOABC_s04,2506987846,59.117296000011265,4,algorithms,full_method,0.4409171075837742,full,0.0792224836041782
1.9350951101551666e-17,MOABC,normal,0.050000000000000024,1154393712,4000,P02,cluster,0.0,22,24.254962302417987,0.0,42.38964344779556,0.03639757225528945,1.0,0.0,held_out_replay_of_fixed_executed_schedule,7,23617.204701504277,0.41652918344804724,33082.79529849572,512,0.13621070732640764,1970656288,0.007038271427841783,0.13621070732640764,1.9350951101551666e-17,True,0.007178950026259454,0.0,screening,False,P02_normal_full_method_full_MOABC_s05,3967667305,60.3007135996595,5,algorithms,full_method,0.4165291834480473,full,0.13621070732640764
0.018221459783515588,MOABC,normal,0.049999999999999996,2821851780,4000,P02,cluster,0.0,22,29.630736059789836,0.0,67.61093884503434,0.04274092294830354,1.0,0.0,held_out_replay_of_fixed_executed_schedule,7,23140.66613854912,0.40812462325483456,33559.33386145088,512,0.030441610163595936,52874072,0.0,0.030441610163595936,1.8217949677962628e-17,False,0.007178950026259454,0.0,screening,False,P02_normal_full_method_full_MOABC_s06,1949970153,60.680304599925876,6,algorithms,full_method,0.40812462325483456,full,0.030441610163595936
0.0767785429325018,MOABC,normal,0.05,3955618538,4000,P02,cluster,0.0,22,13.256380603369044,0.0,34.4234800048929,0.031113395910118073,1.0,0.0,held_out_replay_of_fixed_executed_schedule,7,24021.380711622012,0.4236575081414817,32678.619288377988,512,0.1333408169433761,1361208697,0.0,0.1333408169433761,0.0,False,0.007178950026259454,0.0,screening,False,P02_normal_full_method_full_MOABC_s07,744609846,53.69364030007273,7,algorithms,full_method,0.4236575081414816,full,0.1333408169433761
0.014160695901453592,MOABC,normal,0.05000000000000002,3254647268,4000,P02,cluster,0.0,22,15.713407557876394,0.0,29.377934533026384,0.03455052405588379,1.0,0.0,held_out_replay_of_fixed_executed_schedule,7,25000.0,0.4409171075837742,31700.0,512,0.08696854805223439,1480618998,-5.290865945705543,0.08696854805223439,1.9350951101551666e-17,False,0.007178950026259454,0.0,screening,False,P02_normal_full_method_full_MOABC_s08,3150046712,45.66857760027051,8,algorithms,full_method,0.4409171075837742,full,0.08696854805223439
0.0,MOABC,normal,0.049999999999999996,96381096,4000,P02,cluster,0.0,22,31.589911753222083,0.0,64.301047183186,0.03797788295810507,1.0,0.0,held_out_replay_of_fixed_executed_schedule,7,23510.572305262634,0.41464854153902353,33189.427694737366,512,0.10508308204650216,2229049640,0.0,0.10508308204650216,0.0,False,0.007178950026259454,0.0,screening,False,P02_normal_full_method_full_MOABC_s09,1044053742,44.2713354001753,9,algorithms,full_method,0.4146485415390235,full,0.10508308204650216
1.8690807681317883e-17,MOEA/D,normal,0.05,574942562,4000,P02,cluster,0.0,22,24.310987753718525,0.0,57.75784947403345,0.03928513748635006,1.0,0.0,held_out_replay_of_fixed_executed_schedule,7,22792.477531536235,0.40198373071492477,33907.522468463765,512,0.0564346164902534,3887991230,2.728542142122288,0.0564346164902534,1.8690807681317883e-17,True,0.007178950026259454,0.0,screening,False,P02_normal_full_method_full_MOEA-D_s00,2687735713,31.975359400268644,0,algorithms,full_method,0.4019837307149247,full,0.0564346164902534
0.019769464345742796,MOEA/D,normal,0.05000000000000001,1568371521,4000,P02,cluster,0.0,22,20.71292441984985,0.0,48.36611462117291,0.042500977837420316,1.0,0.0,held_out_replay_of_fixed_executed_schedule,7,29486.316361560064,0.5200408529375673,27213.683638439936,512,0.05044545096853057,1699465598,-26.529989389091174,0.05044545096853057,2.115103957611461e-17,False,0.007178950026259454,0.0,screening,False,P02_normal_full_method_full_MOEA-D_s01,3310636222,32.20368400029838,1,algorithms,full_method,0.5200408529375673,full,0.05044545096853057
0.020864018393933426,MOEA/D,normal,0.05000000000000001,1109274671,4000,P02,cluster,0.0,22,16.498611223878918,0.0,49.173213915857566,0.03666044053070017,1.0,0.0,held_out_replay_of_fixed_executed_schedule,7,25000.0,0.4409171075837742,31700.0,512,0.07637231017153612,2339750876,-7.315768710053307,0.07637231017153612,0.0,False,0.007178950026259454,0.0,screening,False,P02_normal_full_method_full_MOEA-D_s02,2428614473,32.05676500033587,2,algorithms,full_method,0.4409171075837742,full,0.07637231017153612
0.003259341151260065,MOEA/D,normal,0.049999999999999996,397350824,4000,P02,cluster,0.0,22,14.912334880978198,0.0,41.51749599777427,0.035369145648619184,1.0,0.0,held_out_replay_of_fixed_executed_schedule,7,25100.149641730724,0.44268341519807275,31599.850358269276,512,0.11934823784191842,2068408997,-5.798090499560944,0.11934823784191842,0.0,False,0.007178950026259454,0.0,screening,False,P02_normal_full_method_full_MOEA-D_s03,743548165,33.15981790004298,3,algorithms,full_method,0.4426834151980727,full,0.11934823784191842
2.115103957611461e-17,MOEA/D,normal,0.049999999999999996,2727349570,4000,P02,cluster,0.0,22,33.48427503499993,0.0,66.61167347893472,0.04917524668897459,1.0,0.0,held_out_replay_of_fixed_executed_schedule,7,23319.863655426994,0.41128507328795405,33380.13634457301,512,0.08666503074448242,4102810800,0.07608411072053395,0.08666503074448242,2.115103957611461e-17,False,0.007178950026259454,0.0,screening,False,P02_normal_full_method_full_MOEA-D_s04,2506987846,32.678250200115144,4,algorithms,full_method,0.41128507328795405,full,0.08666503074448242
0.016873561852055286,MOEA/D,normal,0.050000000000000024,1154393712,4000,P02,cluster,0.0,22,24.444732716885838,0.0,56.50043737303562,0.037931185135568854,1.0,0.0,held_out_replay_of_fixed_executed_schedule,7,23618.867061476245,0.41655850196607136,33081.132938523755,512,0.11704595645926641,1970656288,0.0,0.11704595645926641,1.8690807681317883e-17,False,0.007178950026259454,0.0,screening,False,P02_normal_full_method_full_MOEA-D_s05,3967667305,31.902702500112355,5,algorithms,full_method,0.4165585019660713,full,0.11704595645926641
0.0,MOEA/D,normal,0.049999999999999996,2821851780,4000,P02,cluster,0.0,22,31.300174703362035,0.0,64.947948251877,0.04235953382541232,1.0,0.0,held_out_replay_of_fixed_executed_schedule,7,23140.66613854912,0.40812462325483456,33559.33386145088,512,0.035939184907157924,52874072,0.0,0.035939184907157924,0.0,False,0.007178950026259454,0.0,screening,False,P02_normal_full_method_full_MOEA-D_s06,1949970153,32.0704846996814,6,algorithms,full_method,0.40812462325483456,full,0.035939184907157924
0.061116387079703814,MOEA/D,normal,0.05,3955618538,4000,P02,cluster,0.0,22,29.86306871613897,0.0,71.90655192456403,0.04282611892117676,1.0,0.0,held_out_replay_of_fixed_executed_schedule,7,24021.380711622012,0.4236575081414817,32678.619288377988,512,0.1578349045663543,1361208697,0.0,0.1578349045663543,0.0,False,0.007178950026259454,0.0,screening,False,P02_normal_full_method_full_MOEA-D_s07,744609846,32.16812049970031,7,algorithms,full_method,0.4236575081414816,full,0.1578349045663543
0.0,MOEA/D,normal,0.05000000000000002,3254647268,4000,P02,cluster,0.0,22,30.742604530910317,0.0,65.12268112810852,0.046124008043722804,1.0,0.0,held_out_replay_of_fixed_executed_schedule,7,25000.0,0.4409171075837742,31700.0,512,0.0731602951723342,1480618998,-5.290865945705543,0.0731602951723342,0.0,False,0.007178950026259454,0.0,screening,False,P02_normal_full_method_full_MOEA-D_s08,3150046712,32.21928959991783,8,algorithms,full_method,0.4409171075837742,full,0.0731602951723342
1.8690807681317883e-17,MOEA/D,normal,0.049999999999999996,96381096,4000,P02,cluster,0.0,22,20.342099174748284,0.0,54.04577345825219,0.045581107429326244,1.0,0.0,held_out_replay_of_fixed_executed_schedule,7,24981.368167020803,0.4405885038275274,31718.631832979197,512,0.1067438046324479,2229049640,-6.255891360964205,0.1067438046324479,1.8690807681317883e-17,False,0.007178950026259454,0.0,screening,False,P02_normal_full_method_full_MOEA-D_s09,1044053742,31.643106299918145,9,algorithms,full_method,0.4405885038275274,full,0.1067438046324479
0.0,MOPSO,normal,0.05,574942562,4000,P02,cluster,0.0,22,21.706636726120333,0.0,22.13158134967387,0.03894611564038996,1.0,0.0,held_out_replay_of_fixed_executed_schedule,7,20441.505544157604,0.36052037996750624,36258.494455842396,512,0.07452410831220378,3887991230,12.761785447021493,0.07452410831220378,0.0,True,0.007178950026259454,0.0,screening,False,P02_normal_full_method_full_MOPSO_s00,2687735713,32.11373620014638,0,algorithms,full_method,0.3605203799675062,full,0.07452410831220378
0.0,MOPSO,normal,0.05000000000000001,1568371521,4000,P02,cluster,0.0,22,28.052653782936993,0.0,28.101386107952337,0.03292532949753053,1.0,0.0,held_out_replay_of_fixed_executed_schedule,7,19143.867617535587,0.3376343495156188,37556.13238246441,512,0.0,1699465598,17.850933402086508,0.0,0.0,True,0.007178950026259454,0.0,screening,False,P02_normal_full_method_full_MOPSO_s01,3310636222,32.37788189994171,1,algorithms,full_method,0.3376343495156188,full,0.0
1.8217949677962628e-17,MOPSO,normal,0.05000000000000001,1109274671,4000,P02,cluster,0.0,22,28.519482888212735,0.0,28.556873241729058,0.03598508555431325,1.0,0.0,held_out_replay_of_fixed_executed_schedule,7,24122.033267440438,0.4254326854927767,32577.966732559562,512,0.013516328508826402,2339750876,-3.5469817177939795,0.013516328508826402,1.8217949677962628e-17,True,0.007178950026259454,0.0,screening,False,P02_normal_full_method_full_MOPSO_s02,2428614473,32.68768640002236,2,algorithms,full_method,0.4254326854927767,full,0.013516328508826402
0.0,MOPSO,normal,0.049999999999999996,397350824,4000,P02,cluster,0.0,22,25.74776415935666,0.0,33.70559335429384,0.038086930690709286,1.0,0.0,held_out_replay_of_fixed_executed_schedule,7,23516.766185763627,0.4147577810540322,33183.23381423637,512,0.07783113586962995,2068408997,0.8759313115043892,0.07783113586962995,0.0,True,0.007178950026259454,0.0,screening,False,P02_normal_full_method_full_MOPSO_s03,743548165,32.92730100033805,3,algorithms,full_method,0.4147577810540322,full,0.07783113586962995
0.0,MOPSO,normal,0.049999999999999996,2727349570,4000,P02,cluster,0.0,22,31.515264134296874,0.0,33.212408750777094,0.037725898926190785,1.0,0.0,held_out_replay_of_fixed_executed_schedule,7,23130.1732992683,0.40793956436099293,33569.826700731704,512,0.06478594908031392,4102810800,0.8888934596035751,0.06478594908031392,0.0,True,0.007178950026259454,0.0,screening,False,P02_normal_full_method_full_MOPSO_s04,2506987846,32.73812479991466,4,algorithms,full_method,0.40793956436099293,full,0.06478594908031392
0.0,MOPSO,normal,0.050000000000000024,1154393712,4000,P02,cluster,0.0,22,23.27919233215227,0.0,24.36842632007074,0.03369658644736053,1.0,0.0,held_out_replay_of_fixed_executed_schedule,7,21956.479418387557,0.38723949591512447,34743.52058161244,512,0.09435472152908353,1970656288,7.038388584692701,0.09435472152908353,0.0,True,0.007178950026259454,0.0,screening,False,P02_normal_full_method_full_MOPSO_s05,3967667305,32.87954050023109,5,algorithms,full_method,0.3872394959151245,full,0.09435472152908353
0.0,MOPSO,normal,0.049999999999999996,2821851780,4000,P02,cluster,0.0,22,33.342316751540984,0.0,34.184480686458386,0.03594008472002221,1.0,0.0,held_out_replay_of_fixed_executed_schedule,7,21722.614648777384,0.3831148968038339,34977.38535122262,512,0.0,52874072,6.127963133306093,0.0,0.0,True,0.007178950026259454,0.0,screening,False,P02_normal_full_method_full_MOPSO_s06,1949970153,33.412899299990386,6,algorithms,full_method,0.3831148968038339,full,0.0
0.0,MOPSO,normal,0.05,3955618538,4000,P02,cluster,0.0,22,26.494805951332033,0.0,27.12579029445658,0.03787876725789176,1.0,0.0,held_out_replay_of_fixed_executed_schedule,7,25091.849337957985,0.442537025360811,31608.150662042015,512,0.09976376470600684,1361208697,-4.456315976117305,0.09976376470600684,0.0,True,0.007178950026259454,0.0,screening,False,P02_normal_full_method_full_MOPSO_s07,744609846,32.93545150011778,7,algorithms,full_method,0.442537025360811,full,0.09976376470600684
0.0,MOPSO,normal,0.05000000000000002,3254647268,4000,P02,cluster,0.0,22,33.54699806597854,0.0,34.534823522764924,0.035551123509753355,1.0,0.0,held_out_replay_of_fixed_executed_schedule,7,23351.365639073505,0.41184066382845685,33348.634360926495,512,0.036095589969350785,1480618998,1.652579633886277,0.036095589969350785,0.0,True,0.007178950026259454,0.0,screening,False,P02_normal_full_method_full_MOPSO_s08,3150046712,32.90119230002165,8,algorithms,full_method,0.4118406638284568,full,0.036095589969350785
0.0,MOPSO,normal,0.049999999999999996,96381096,4000,P02,cluster,0.0,22,32.58031730642403,0.0,32.676920741359126,0.03507951613957838,1.0,0.0,held_out_replay_of_fixed_executed_schedule,7,18661.049981095173,0.3291190472856292,38038.95001890483,512,0.09770319593176897,2229049640,20.626985431068974,0.09770319593176897,0.0,True,0.007178950026259454,0.0,screening,False,P02_normal_full_method_full_MOPSO_s09,1044053742,32.38134070020169,9,algorithms,full_method,0.32911904728562924,full,0.09770319593176897
1.8217949677962628e-17,NSGA-III,normal,0.05,574942562,4000,P02,cluster,0.0,22,21.901012725373505,0.0,51.72589878673945,0.036226010611585785,1.0,0.0,held_out_replay_of_fixed_executed_schedule,7,23431.824744354177,0.41325969566762216,33268.17525564582,512,0.08096147964257899,3887991230,0.0,0.08096147964257899,1.8217949677962628e-17,True,0.007178950026259454,0.0,screening,False,P02_normal_full_method_full_NSGA-III_s00,2687735713,42.314597399905324,0,algorithms,full_method,0.4132596956676221,full,0.08096147964257899
0.02592299293759734,NSGA-III,normal,0.05000000000000001,1568371521,4000,P02,cluster,0.0,22,26.651934648566897,0.0,62.882641561423455,0.03340978825378396,1.0,0.0,held_out_replay_of_fixed_executed_schedule,7,25000.0,0.4409171075837742,31700.0,512,0.04297303172695158,1699465598,-7.278565960550454,0.04297303172695158,0.0,False,0.007178950026259454,0.0,screening,False,P02_normal_full_method_full_NSGA-III_s01,3310636222,43.27162030013278,1,algorithms,full_method,0.4409171075837742,full,0.04297303172695158
0.0,NSGA-III,normal,0.05000000000000001,1109274671,4000,P02,cluster,0.0,22,29.764179357171656,0.0,68.7645038618873,0.04519264389525866,1.0,0.0,held_out_replay_of_fixed_executed_schedule,7,23579.713845146805,0.41586796905020823,33120.286154853195,512,0.06258831606418717,2339750876,-1.2190046902006508,0.06258831606418717,0.0,False,0.007178950026259454,0.0,screening,False,P02_normal_full_method_full_NSGA-III_s02,2428614473,45.11776279984042,2,algorithms,full_method,0.41586796905020823,full,0.06258831606418717
0.0,NSGA-III,normal,0.049999999999999996,397350824,4000,P02,cluster,0.0,22,6.964275975667985,0.0,26.019305512005104,0.021918506175385384,1.0,0.0,held_out_replay_of_fixed_executed_schedule,7,23724.57718585657,0.4184228780574351,32975.42281414343,512,0.10769292033202622,2068408997,0.0,0.10769292033202622,0.0,False,0.007178950026259454,0.0,screening,False,P02_normal_full_method_full_NSGA-III_s03,743548165,44.35693949973211,3,algorithms,full_method,0.4184228780574351,full,0.10769292033202622
0.0,NSGA-III,normal,0.049999999999999996,2727349570,4000,P02,cluster,0.0,22,28.339247345695785,0.0,49.117961032397204,0.032551202772926884,1.0,0.0,held_out_replay_of_fixed_executed_schedule,7,24664.462647290868,0.43499934122206113,32035.537352709132,512,0.08898295446263291,4102810800,-5.685424556443048,0.08898295446263291,0.0,False,0.007178950026259454,0.0,screening,False,P02_normal_full_method_full_NSGA-III_s04,2506987846,43.914910700172186,4,algorithms,full_method,0.43499934122206113,full,0.08898295446263291
0.05667365289797056,NSGA-III,normal,0.050000000000000024,1154393712,4000,P02,cluster,0.0,22,19.149511573776234,0.0,46.20668168975918,0.02994846560729386,1.0,0.0,held_out_replay_of_fixed_executed_schedule,7,23618.867061476245,0.41655850196607136,33081.132938523755,512,0.23456913985689312,1970656288,0.0,0.23456913985689312,2.115103957611461e-17,False,0.007178950026259454,0.0,screening,False,P02_normal_full_method_full_NSGA-III_s05,3967667305,44.65825209999457,5,algorithms,full_method,0.4165585019660713,full,0.23456913985689312
0.00911618736493662,NSGA-III,normal,0.049999999999999996,2821851780,4000,P02,cluster,0.0,22,15.396687659661701,0.0,38.81787782640508,0.027952984603621146,1.0,0.0,held_out_replay_of_fixed_executed_schedule,7,23124.670544674223,0.4078425140154184,33575.32945532577,512,0.06343252757151381,52874072,0.06912330776965292,0.06343252757151381,3.6435899355925256e-17,False,0.007178950026259454,0.0,screening,False,P02_normal_full_method_full_NSGA-III_s06,1949970153,44.04166720015928,6,algorithms,full_method,0.4078425140154185,full,0.06343252757151381
0.011670638164601614,NSGA-III,normal,0.05,3955618538,4000,P02,cluster,0.0,22,22.292590784461886,0.0,51.18807710989043,0.035476019571191834,1.0,0.0,held_out_replay_of_fixed_executed_schedule,7,24021.380711622012,0.4236575081414817,32678.619288377988,512,0.07794653513827907,1361208697,0.0,0.07794653513827907,1.8690807681317883e-17,False,0.007178950026259454,0.0,screening,False,P02_normal_full_method_full_NSGA-III_s07,744609846,44.2429333999753,7,algorithms,full_method,0.4236575081414816,full,0.07794653513827907
0.0,NSGA-III,normal,0.05000000000000002,3254647268,4000,P02,cluster,0.0,22,13.904021379088235,0.0,27.86919644071299,0.019275584415318046,1.0,0.0,held_out_replay_of_fixed_executed_schedule,7,23743.75001616146,0.4187610232127241,32956.24998383854,512,0.09917762795696958,1480618998,0.0,0.09917762795696958,0.0,False,0.007178950026259454,0.0,screening,False,P02_normal_full_method_full_NSGA-III_s08,3150046712,48.61224600020796,8,algorithms,full_method,0.4187610232127241,full,0.09917762795696958
0.0,NSGA-III,normal,0.049999999999999996,96381096,4000,P02,cluster,0.0,22,26.154408587212203,0.0,62.27795346406019,0.026480751508313465,1.0,0.0,held_out_replay_of_fixed_executed_schedule,7,23510.572305262634,0.41464854153902353,33189.427694737366,512,0.11182028048272036,2229049640,0.0,0.11182028048272036,0.0,False,0.007178950026259454,0.0,screening,False,P02_normal_full_method_full_NSGA-III_s09,1044053742,43.86834369972348,9,algorithms,full_method,0.4146485415390235,full,0.11182028048272036
1.8217949677962628e-17,NSGA-II,normal,0.05,574942562,4000,P02,cluster,0.0,22,23.898093134850296,0.0,53.09927690796478,0.03738230830179648,1.0,0.0,held_out_replay_of_fixed_executed_schedule,7,22826.727775426723,0.4025877914537341,33873.27222457327,512,0.08096147964257899,3887991230,2.582372374022,0.08096147964257899,1.8217949677962628e-17,True,0.007178950026259454,0.0,screening,False,P02_normal_full_method_full_NSGA-II_s00,2687735713,44.49303590040654,0,algorithms,full_method,0.402587791453734,full,0.08096147964257899
0.0,NSGA-II,normal,0.05000000000000001,1568371521,4000,P02,cluster,0.0,22,26.57713382101788,0.0,60.419302499524434,0.03879516737362021,1.0,0.0,held_out_replay_of_fixed_executed_schedule,7,23303.81635525707,0.411002052120936,33396.18364474293,512,0.04231503363971087,1699465598,0.0,0.04231503363971087,0.0,False,0.007178950026259454,0.0,screening,False,P02_normal_full_method_full_NSGA-II_s01,3310636222,44.143548199906945,1,algorithms,full_method,0.41100205212093605,full,0.04231503363971087
2.115103957611461e-17,NSGA-II,normal,0.05000000000000001,1109274671,4000,P02,cluster,0.0,22,16.805558804530925,0.0,40.996543025736024,0.03811249469769177,1.0,0.0,held_out_replay_of_fixed_executed_schedule,7,24492.58253388104,0.43196794592382787,32207.41746611896,512,0.07532352179097021,2339750876,-5.137612892714757,0.07532352179097021,2.115103957611461e-17,False,0.007178950026259454,0.0,screening,False,P02_normal_full_method_full_NSGA-II_s02,2428614473,43.49336470011622,2,algorithms,full_method,0.43196794592382787,full,0.07532352179097021
0.0,NSGA-II,normal,0.049999999999999996,397350824,4000,P02,cluster,0.0,22,5.097281599745338,0.0,21.27385318603102,0.02163463143658725,1.0,0.0,held_out_replay_of_fixed_executed_schedule,7,25434.345352470915,0.4485775194439315,31265.654647529085,512,0.105509880482429,2068408997,-7.206738199042061,0.105509880482429,0.0,False,0.007178950026259454,0.0,screening,False,P02_normal_full_method_full_NSGA-II_s03,743548165,44.41460069967434,3,algorithms,full_method,0.4485775194439315,full,0.105509880482429
0.0,NSGA-II,normal,0.049999999999999996,2727349570,4000,P02,cluster,0.0,22,17.023097731500638,0.0,39.52445628809007,0.02550407256019491,1.0,0.0,held_out_replay_of_fixed_executed_schedule,7,23337.619875972967,0.41159823414414404,33362.38012402703,512,0.09021296804462949,4102810800,0.0,0.09021296804462949,0.0,False,0.007178950026259454,0.0,screening,False,P02_normal_full_method_full_NSGA-II_s04,2506987846,45.92021940043196,4,algorithms,full_method,0.41159823414414404,full,0.09021296804462949
0.0,NSGA-II,normal,0.050000000000000024,1154393712,4000,P02,cluster,0.0,22,18.898615985530746,0.0,54.69863451111057,0.0322108202576479,1.0,0.0,held_out_replay_of_fixed_executed_schedule,7,23618.867061476245,0.41655850196607136,33081.132938523755,512,0.10543521152380002,1970656288,0.0,0.10543521152380002,0.0,False,0.007178950026259454,0.0,screening,False,P02_normal_full_method_full_NSGA-II_s05,3967667305,44.49723570002243,5,algorithms,full_method,0.4165585019660713,full,0.10543521152380002
0.01285089863879465,NSGA-II,normal,0.049999999999999996,2821851780,4000,P02,cluster,0.0,22,29.522499070023073,0.0,50.86301103615668,0.0288597477521699,1.0,0.0,held_out_replay_of_fixed_executed_schedule,7,23923.451576858737,0.4219303629075615,32776.54842314126,512,0.057022883288881804,52874072,-3.382726467867773,0.057022883288881804,0.0,False,0.007178950026259454,0.0,screening,False,P02_normal_full_method_full_NSGA-II_s06,1949970153,44.21993050025776,6,algorithms,full_method,0.4219303629075615,full,0.057022883288881804
1.8690807681317883e-17,NSGA-II,normal,0.05,3955618538,4000,P02,cluster,0.0,22,27.20411076042707,0.0,62.39752039935125,0.038448127335604036,1.0,0.0,held_out_replay_of_fixed_executed_schedule,7,24021.380711622012,0.4236575081414817,32678.619288377988,512,0.10169056353707548,1361208697,0.0,0.10169056353707548,1.8690807681317883e-17,False,0.007178950026259454,0.0,screening,False,P02_normal_full_method_full_NSGA-II_s07,744609846,43.04823460010812,7,algorithms,full_method,0.4236575081414816,full,0.10169056353707548
0.019052357187202242,NSGA-II,normal,0.05000000000000002,3254647268,4000,P02,cluster,0.0,22,9.809635092712252,0.0,21.403763747515498,0.020540610441772772,1.0,0.0,held_out_replay_of_fixed_executed_schedule,7,24370.995212750637,0.4298235487257608,32329.004787249363,512,0.1020649146487264,1480618998,-2.6417275963663536,0.1020649146487264,0.0,False,0.007178950026259454,0.0,screening,False,P02_normal_full_method_full_NSGA-II_s08,3150046712,43.96761930035427,8,algorithms,full_method,0.42982354872576084,full,0.1020649146487264
0.018726724240576174,NSGA-II,normal,0.049999999999999996,96381096,4000,P02,cluster,0.0,22,10.219144041465771,0.0,38.09631827182922,0.0237616119001133,1.0,0.0,held_out_replay_of_fixed_executed_schedule,7,23779.870038925263,0.4193980606512392,32920.12996107474,512,0.12500785433953812,2229049640,-1.1454324895457701,0.12500785433953812,0.0,False,0.007178950026259454,0.0,screening,False,P02_normal_full_method_full_NSGA-II_s09,1044053742,44.28005349962041,9,algorithms,full_method,0.4193980606512392,full,0.12500785433953812
0.0,SPEA2,normal,0.05,574942562,4000,P02,cluster,0.0,22,21.19409378184541,0.0,51.764755972701636,0.04242122103364507,1.0,0.0,held_out_replay_of_fixed_executed_schedule,7,23155.358816730648,0.4083837533814929,33544.641183269356,512,0.08096147964257899,3887991230,1.1798736574715223,0.08096147964257899,0.0,False,0.007178950026259454,0.0,screening,False,P02_normal_full_method_full_SPEA2_s00,2687735713,69.55584210017696,0,algorithms,full_method,0.40838375338149285,full,0.08096147964257899
0.0,SPEA2,normal,0.05000000000000001,1568371521,4000,P02,cluster,0.0,22,33.1862000213943,0.0,63.64992868068683,0.03906432014570535,1.0,0.0,held_out_replay_of_fixed_executed_schedule,7,23294.84909215898,0.4108438993326099,33405.150907841016,512,0.04119930333312982,1699465598,0.03847980503016001,0.04119930333312982,0.0,False,0.007178950026259454,0.0,screening,False,P02_normal_full_method_full_SPEA2_s01,3310636222,70.26618129992858,1,algorithms,full_method,0.41084389933260984,full,0.04119930333312982
0.0,SPEA2,normal,0.05000000000000001,1109274671,4000,P02,cluster,0.0,22,18.368344103586352,0.0,43.46025350650931,0.03404667659753791,1.0,0.0,held_out_replay_of_fixed_executed_schedule,7,25063.665460327873,0.44203995520860445,31636.334539672127,512,0.07617320259072428,2339750876,-7.58906102266791,0.07617320259072428,0.0,False,0.007178950026259454,0.0,screening,False,P02_normal_full_method_full_SPEA2_s02,2428614473,72.15092990035191,2,algorithms,full_method,0.44203995520860445,full,0.07617320259072428
0.0,SPEA2,normal,0.049999999999999996,397350824,4000,P02,cluster,0.0,22,24.416344418591155,0.0,59.83677285913186,0.03270286348906748,1.0,0.0,held_out_replay_of_fixed_executed_schedule,7,25000.0,0.4409171075837742,31700.0,512,0.0835330540298961,2068408997,-5.375955930223166,0.0835330540298961,0.0,False,0.007178950026259454,0.0,screening,False,P02_normal_full_method_full_SPEA2_s03,743548165,70.95350500009954,3,algorithms,full_method,0.4409171075837742,full,0.0835330540298961
0.0,SPEA2,normal,0.049999999999999996,2727349570,4000,P02,cluster,0.0,22,27.4095591396862,0.0,65.68038212384516,0.038321218688531625,1.0,0.0,held_out_replay_of_fixed_executed_schedule,7,23337.619875972967,0.41159823414414404,33362.38012402703,512,0.09594095169485671,4102810800,0.0,0.09594095169485671,0.0,False,0.007178950026259454,0.0,screening,False,P02_normal_full_method_full_SPEA2_s04,2506987846,69.89553759992123,4,algorithms,full_method,0.41159823414414404,full,0.09594095169485671
0.04381048852752999,SPEA2,normal,0.050000000000000024,1154393712,4000,P02,cluster,0.0,22,25.111656783487117,0.0,66.05888491235048,0.035320812522159364,1.0,0.0,held_out_replay_of_fixed_executed_schedule,7,23618.867061476245,0.41655850196607136,33081.132938523755,512,0.14654645035385,1970656288,0.0,0.14654645035385,0.0,False,0.007178950026259454,0.0,screening,False,P02_normal_full_method_full_SPEA2_s05,3967667305,69.71949189994484,5,algorithms,full_method,0.4165585019660713,full,0.14654645035385
0.0,SPEA2,normal,0.049999999999999996,2821851780,4000,P02,cluster,0.0,22,15.816342742572765,0.0,42.1415285363023,0.032437639862281716,1.0,0.0,held_out_replay_of_fixed_executed_schedule,7,25995.852267419195,0.45848063963702285,30704.147732580805,512,0.06824634246103276,52874072,-12.338392126550467,0.06824634246103276,0.0,False,0.007178950026259454,0.0,screening,False,P02_normal_full_method_full_SPEA2_s06,1949970153,72.16110650030896,6,algorithms,full_method,0.4584806396370228,full,0.06824634246103276
0.0,SPEA2,normal,0.05,3955618538,4000,P02,cluster,0.0,22,25.701115942537154,0.0,65.25751690186053,0.04080897364283571,1.0,0.0,held_out_replay_of_fixed_executed_schedule,7,24021.380711622012,0.4236575081414817,32678.619288377988,512,0.10440797243912821,1361208697,0.0,0.10440797243912821,0.0,False,0.007178950026259454,0.0,screening,False,P02_normal_full_method_full_SPEA2_s07,744609846,71.00448870006949,7,algorithms,full_method,0.4236575081414816,full,0.10440797243912821
0.0,SPEA2,normal,0.05000000000000002,3254647268,4000,P02,cluster,0.0,22,13.379802617443836,0.0,37.456232527655956,0.02985219505089198,1.0,0.0,held_out_replay_of_fixed_executed_schedule,7,23743.75001616146,0.4187610232127241,32956.24998383854,512,0.1207407340358014,1480618998,0.0,0.1207407340358014,0.0,False,0.007178950026259454,0.0,screening,False,P02_normal_full_method_full_SPEA2_s08,3150046712,72.61221789987758,8,algorithms,full_method,0.4187610232127241,full,0.1207407340358014
0.0,SPEA2,normal,0.049999999999999996,96381096,4000,P02,cluster,0.0,22,13.430370758567097,0.0,44.244570921824874,0.026812110665356402,1.0,0.0,held_out_replay_of_fixed_executed_schedule,7,23510.572305262634,0.41464854153902353,33189.427694737366,512,0.10907743550490887,2229049640,0.0,0.10907743550490887,0.0,False,0.007178950026259454,0.0,screening,False,P02_normal_full_method_full_SPEA2_s09,1044053742,72.55289319995791,9,algorithms,full_method,0.4146485415390235,full,0.10907743550490887
0.0703115614646675,MOABC,matched,0.05000000000000001,4060196048,4000,P03,cluster,0.08203125,17,53.27368159871795,0.07528407572398162,108.78756698790377,0.058148489700336016,2.5,0.10378098698756147,held_out_replay_of_fixed_executed_schedule,7,113137.55116622505,1.9953712727729285,-56437.55116622505,512,0.09845182059586458,123201614,-10.992900802112613,0.10378098698756147,3.6435899355925256e-17,False,0.10926608406412831,0.05975869449431895,screening,False,P03_matched_full_method_full_MOABC_s00,2882909151,39.8290234003216,0,algorithms,full_method,1.4467862636586875,full,0.09845182059586458
0.07086998048059077,MOABC,matched,0.050000000000000024,3272684868,4000,P03,cluster,0.072265625,17,6.550706336597604,0.05727742854867071,29.22594342763456,0.04645928783944844,2.5,0.0,held_out_replay_of_fixed_executed_schedule,7,93376.74616877131,1.6468561934527568,-36676.74616877131,512,0.18281039416762368,3286126663,-7.72849237038041,0.18281039416762368,1.8217949677962628e-17,False,0.0982352850891248,0.05138896665505944,screening,False,P03_matched_full_method_full_MOABC_s01,3819462166,39.26344889961183,1,algorithms,full_method,1.3547756248162908,full,0.18281039416762368
0.08271309918425576,MOABC,matched,0.05,1989384750,4000,P03,cluster,0.076171875,17,32.81754735433164,0.061131907939056415,80.3924400273188,0.054217485414222034,2.5,0.019507057221275582,held_out_replay_of_fixed_executed_schedule,7,104499.47336518075,1.843024221608126,-47799.47336518075,512,0.10131553234136877,2404466325,-11.014583795098568,0.10131553234136877,3.738161536263577e-17,False,0.10266034114372115,0.05472369803144192,screening,False,P03_matched_full_method_full_MOABC_s02,2924272080,39.05506870010868,2,algorithms,full_method,1.39192260087301,full,0.10131553234136877
0.03269291497888471,MOABC,matched,0.05000000000000001,379777378,4000,P03,cluster,0.1171875,17,18.312633626212346,0.09566945206902863,60.54416164367804,0.05720582763924348,2.5,0.13446195698713645,held_out_replay_of_fixed_executed_schedule,7,116282.35059118149,2.0508351074282447,-59582.35059118149,512,0.1683546865834463,1492915544,-1.4598339868770742,0.1683546865834463,0.0,False,0.14825904371283938,0.0906281188230049,screening,False,P03_matched_full_method_full_MOABC_s03,1635011324,39.36942679993808,3,algorithms,full_method,1.5176266102162026,full,0.1683546865834463
0.03925500957369649,MOABC,matched,0.05,1357363921,4000,P03,cluster,0.08984375,17,9.081848080788227,0.0728812913210776,33.8797945409234,0.05515915864014637,2.5,0.0,held_out_replay_of_fixed_executed_schedule,7,101427.33998193612,1.788841974990055,-44727.33998193612,512,0.12839255297369226,2648893410,1.5234301071929055,0.12839255297369226,2.115103957611461e-17,False,0.11801984492278575,0.06652757606419021,screening,False,P03_matched_full_method_full_MOABC_s04,4117655867,37.124935700092465,4,algorithms,full_method,1.417730454647977,full,0.12839255297369226
0.02906527116609235,MOABC,matched,0.05000000000000001,3858429081,4000,P03,cluster,0.103515625,17,23.225159517526794,0.06025860360724883,46.80043137298393,0.04634705218996077,2.5,0.0,held_out_replay_of_fixed_executed_schedule,7,93050.14692508917,1.6410960656982216,-36350.14692508917,512,0.15114342222310667,1657173369,-11.318405458874986,0.15114342222310667,3.6435899355925256e-17,False,0.13320972090574068,0.07850587732859848,screening,False,P03_matched_full_method_full_MOABC_s05,3807187742,39.74695820035413,5,algorithms,full_method,1.3793283158168883,full,0.15114342222310667
0.049297677196638155,MOABC,matched,0.04999999999999999,2949804321,4000,P03,cluster,0.107421875,17,52.69073289550013,0.07069656804901943,98.57418514117153,0.053743043485231956,2.5,0.06124876302084545,held_out_replay_of_fixed_executed_schedule,7,108777.99820963666,1.9184832135738388,-52077.99820963666,512,0.08360852195878943,2359523738,-4.870010015677375,0.08360852195878943,1.8690807681317883e-17,False,0.13752283153306127,0.08195577125920168,screening,False,P03_matched_full_method_full_MOABC_s06,1055613486,40.06289849989116,6,algorithms,full_method,1.4384438177872143,full,0.08360852195878943
0.07039039008967067,MOABC,matched,0.05,2740852803,4000,P03,cluster,0.1015625,17,39.54847413217394,0.11028790461318305,92.32612695456268,0.04893363212480102,2.5,0.03409229848424822,held_out_replay_of_fixed_executed_schedule,7,105994.46059463544,1.86939083941156,-49294.46059463544,512,0.19595707525855155,1013433051,-6.767158426074314,0.19595707525855155,0.0,False,0.13104891685724124,0.076785280040235,screening,False,P03_matched_full_method_full_MOABC_s07,3435654529,39.28191079990938,7,algorithms,full_method,1.5816186481090952,full,0.19595707525855155
0.06785811817718498,MOABC,matched,0.05,1815214551,4000,P03,cluster,0.0859375,17,30.257546875727037,0.058864445365962345,74.6470737350012,0.06276260923408536,2.5,0.02443178557719604,held_out_replay_of_fixed_executed_schedule,7,105004.2580216626,1.8519269492356718,-48304.258021662594,512,0.0970859097652263,516322722,-5.643814636005391,0.0970859097652263,0.0,False,0.11365026768538071,0.06313561727295579,screening,False,P03_matched_full_method_full_MOABC_s08,933781252,39.55868630018085,8,algorithms,full_method,1.381145079136006,full,0.0970859097652263
0.015718402264340108,MOABC,matched,0.04999999999999999,2599688270,4000,P03,cluster,0.095703125,17,16.584619429986038,0.08230822186557174,62.06467194958556,0.05550312702188973,2.5,0.07743051564981196,held_out_replay_of_fixed_executed_schedule,7,110436.62785410573,1.947735940989519,-53736.627854105725,512,0.11134642736223974,3574013839,-3.301388175651004,0.11134642736223974,0.0,False,0.12454863540683042,0.07164180078160846,screening,False,P03_matched_full_method_full_MOABC_s09,3474652730,41.05971479974687,9,algorithms,full_method,1.477091631006386,full,0.11134642736223974
0.03275598516861898,MOEA/D,matched,0.05000000000000001,4060196048,4000,P03,cluster,0.083984375,17,17.571782739568206,0.0681062854193842,68.57426233879067,0.056215072669608256,2.5,0.09004488832566407,held_out_replay_of_fixed_executed_schedule,7,111729.60105338057,1.970539701117823,-55029.60105338057,512,0.1314803204899673,123201614,-9.611639977581678,0.1314803204899673,3.549247616674842e-17,False,0.11146005775145044,0.061445217287309846,screening,False,P03_matched_full_method_full_MOEA-D_s00,2882909151,29.415594699792564,0,algorithms,full_method,1.428100695439237,full,0.1314803204899673
0.06466108066576977,MOEA/D,matched,0.050000000000000024,3272684868,4000,P03,cluster,0.052734375,17,21.693319424304264,0.04333935913140469,59.315539996401775,0.05738222322695348,2.5,0.0,held_out_replay_of_fixed_executed_schedule,7,93439.7710172982,1.647967742809492,-36739.771017298204,512,0.13111078621266956,3286126663,-7.801203962851224,0.13111078621266956,0.0,False,0.07580107979067144,0.03503626864515074,screening,False,P03_matched_full_method_full_MOEA-D_s01,3819462166,28.397852499969304,1,algorithms,full_method,1.298155604567025,full,0.13111078621266956
0.06828076800391177,MOEA/D,matched,0.05,1989384750,4000,P03,cluster,0.076171875,17,20.48732261461482,0.05462000893183417,69.55636221626735,0.05091283393300606,2.5,0.01856084174786541,held_out_replay_of_fixed_executed_schedule,7,104402.4862791562,1.8413136909904093,-47702.486279156205,512,0.09358452064320055,2404466325,-10.91154996495774,0.09358452064320055,0.0,False,0.10266034114372115,0.05472369803144192,screening,False,P03_matched_full_method_full_MOEA-D_s02,2924272080,29.73080600006506,2,algorithms,full_method,1.3726950248103245,full,0.09358452064320055
0.0755829904814213,MOEA/D,matched,0.05000000000000001,379777378,4000,P03,cluster,0.08984375,17,8.244081990047825,0.08669673306849017,39.858272942298505,0.04367483247931906,2.5,0.12434670396973521,held_out_replay_of_fixed_executed_schedule,7,115245.53715689786,2.0325491562063114,-58545.53715689786,512,0.1821327474370973,1492915544,-0.5551832089819946,0.1821327474370973,3.549247616674842e-17,False,0.11801984492278575,0.06652757606419021,screening,False,P03_matched_full_method_full_MOEA-D_s03,1635011324,26.92680720007047,3,algorithms,full_method,1.4730534406785154,full,0.1821327474370973
3.549247616674842e-17,MOEA/D,matched,0.05,1357363921,4000,P03,cluster,0.0859375,17,6.518945245875104,0.07777839120053437,37.70017961697413,0.051500286941134,2.5,0.005251542616306475,held_out_replay_of_fixed_executed_schedule,7,103038.28311817141,1.817253670514487,-46338.283118171414,512,0.14615502447283737,2648893410,-0.040646742077378555,0.14615502447283737,3.549247616674842e-17,False,0.11365026768538071,0.06313561727295579,screening,False,P03_matched_full_method_full_MOEA-D_s04,4117655867,28.47939270036295,4,algorithms,full_method,1.4376402094176375,full,0.14615502447283737
0.06883192863064597,MOEA/D,matched,0.05000000000000001,3858429081,4000,P03,cluster,0.111328125,17,10.797154849788178,0.07226635515475974,52.17564606638555,0.054342334584077265,2.5,0.0,held_out_replay_of_fixed_executed_schedule,7,97761.8072561463,1.7241941315016984,-41061.807256146305,512,0.1102046695276819,1657173369,-16.955092046155332,0.1102046695276819,0.0,False,0.14182505529905332,0.0854168019240662,screening,False,P03_matched_full_method_full_MOEA-D_s05,3807187742,29.356754400301725,5,algorithms,full_method,1.4378392296403892,full,0.1102046695276819
0.007430085737043538,MOEA/D,matched,0.04999999999999999,2949804321,4000,P03,cluster,0.130859375,17,9.206338973972416,0.08123213184640299,39.79608476815483,0.04781521339670415,2.5,0.01406688157737613,held_out_replay_of_fixed_executed_schedule,7,103941.85536168105,1.833189688918537,-47241.85536168105,512,0.11145072224843458,2359523738,-0.20761176189685146,0.11145072224843458,0.0,False,0.16318877549545088,0.1028724496863284,screening,False,P03_matched_full_method_full_MOEA-D_s06,1055613486,28.620730600319803,6,algorithms,full_method,1.445345847492538,full,0.11145072224843458
0.036911758335037355,MOEA/D,matched,0.05,2740852803,4000,P03,cluster,0.10546875,17,10.71933333899732,0.11118703019714016,37.831740254968096,0.04330306914040866,2.5,0.04807886814894637,held_out_replay_of_fixed_executed_schedule,7,107428.083985267,1.8946752025620284,-50728.083985267,512,0.15622560407806263,1013433051,-8.211232907063112,0.15622560407806263,0.0,False,0.13536766956040827,0.08022939831656616,screening,False,P03_matched_full_method_full_MOEA-D_s07,3435654529,28.813792099710554,7,algorithms,full_method,1.596633425798256,full,0.15622560407806263
0.07296115372018702,MOEA/D,matched,0.05,1815214551,4000,P03,cluster,0.08203125,17,21.653246168226918,0.057155942096287354,72.69207775309592,0.049122804083298444,2.5,0.03678064288183019,held_out_replay_of_fixed_executed_schedule,7,106270.0158953876,1.8742507212590405,-49570.015895387594,512,0.09472791417008142,516322722,-6.917281947762231,0.09472791417008142,0.0,False,0.10926608406412831,0.05975869449431895,screening,False,P03_matched_full_method_full_MOEA-D_s08,933781252,29.07772419974208,8,algorithms,full_method,1.3796193439864022,full,0.09472791417008142
0.012951809285276587,MOEA/D,matched,0.04999999999999999,2599688270,4000,P03,cluster,0.111328125,17,9.51909486127438,0.09699220180546486,52.87232356474354,0.04948337249199094,2.5,0.10244076235601281,held_out_replay_of_fixed_executed_schedule,7,113000.17814149131,1.9929484681039031,-56300.17814149131,512,0.07489229871373286,3574013839,-5.699309123534919,0.10244076235601281,0.0,False,0.14182505529905332,0.0854168019240662,screening,False,P03_matched_full_method_full_MOEA-D_s09,3474652730,27.07353819999844,9,algorithms,full_method,1.5226383979324372,full,0.07489229871373286
0.03354309670193805,MOPSO,matched,0.05000000000000001,4060196048,4000,P03,cluster,0.087890625,17,10.933163449190138,0.05805171766914016,34.227781071967684,0.053518089150671744,2.5,0.10011913987680753,held_out_replay_of_fixed_executed_schedule,7,112762.21183737277,1.9887515315233293,-56062.21183737277,512,0.10171142300058003,123201614,-10.624676455156187,0.10171142300058003,0.0,False,0.11583682755047449,0.06482977461995097,screening,False,P03_matched_full_method_full_MOPSO_s00,2882909151,26.630460599903017,0,algorithms,full_method,1.3859878311084357,full,0.10171142300058003
0.05008658890340125,MOPSO,matched,0.050000000000000024,3272684868,4000,P03,cluster,0.05078125,17,14.72750209980083,0.03617871188452482,37.85357095717704,0.059791101935657405,2.5,0.0,held_out_replay_of_fixed_executed_schedule,7,93269.8780775521,1.644971394665822,-36569.8780775521,512,0.11500966320059024,3286126663,-7.605198950745323,0.11500966320059024,1.774623808337421e-17,False,0.07352359697050091,0.0334365900510209,screening,False,P03_matched_full_method_full_MOPSO_s01,3819462166,26.861010800115764,1,algorithms,full_method,1.2593269412124033,full,0.11500966320059024
0.004097665160281864,MOPSO,matched,0.05,1989384750,4000,P03,cluster,0.076171875,17,6.770088016152162,0.05169279162392732,24.615000950759597,0.05478874980655486,2.5,0.0,held_out_replay_of_fixed_executed_schedule,7,101260.23320165879,1.7858947654613544,-44560.23320165879,512,0.08384826804374185,2404466325,-7.573390390141401,0.08384826804374185,0.0,False,0.10266034114372115,0.05472369803144192,screening,False,P03_matched_full_method_full_MOPSO_s02,2924272080,27.18048769980669,2,algorithms,full_method,1.3446111736056592,full,0.08384826804374185
0.08586480728176614,MOPSO,matched,0.05000000000000001,379777378,4000,P03,cluster,0.068359375,17,12.62572730110204,0.05880736289435935,27.587048784997496,0.0648784194396707,2.5,0.12941173889388802,held_out_replay_of_fixed_executed_schedule,7,115764.70323662352,2.041705524455441,-59064.70323662352,512,0.18866671644865032,1492915544,-1.0081711645297233,0.18866671644865032,0.0,False,0.0937917927860118,0.048073325372727405,screening,False,P03_matched_full_method_full_MOPSO_s03,1635011324,27.437159799970686,3,algorithms,full_method,1.3667723457299032,full,0.18866671644865032
0.003009645429649959,MOPSO,matched,0.05,1357363921,4000,P03,cluster,0.068359375,17,35.32051622651993,0.061612755213299855,40.264494118829504,0.060774451183209566,2.5,0.0,held_out_replay_of_fixed_executed_schedule,7,99195.39262417988,1.7494778240596098,-42495.392624179876,512,0.10451054678669597,2648893410,3.690444642053957,0.10451054678669597,0.0,False,0.0937917927860118,0.048073325372727405,screening,False,P03_matched_full_method_full_MOPSO_s04,4117655867,26.73308469960466,4,algorithms,full_method,1.3757953655627602,full,0.10451054678669597
0.059128102184736304,MOPSO,matched,0.05000000000000001,3858429081,4000,P03,cluster,0.078125,17,11.156705032328702,0.03475755979622989,16.532090479859264,0.056346321572800215,2.5,0.0,held_out_replay_of_fixed_executed_schedule,7,87448.37063269429,1.5422993056912573,-30748.370632694292,512,0.10101851647453779,1657173369,-4.61684909154603,0.10101851647453779,0.0,False,0.10486635710025519,0.0563977959958858,screening,False,P03_matched_full_method_full_MOPSO_s05,3807187742,26.717116700019687,5,algorithms,full_method,1.2675870688112425,full,0.10101851647453779
0.030287935190739055,MOPSO,matched,0.04999999999999999,2949804321,4000,P03,cluster,0.1015625,17,25.405356229970423,0.055916882842542356,45.8634900702575,0.05738481070761924,2.5,0.0,held_out_replay_of_fixed_executed_schedule,7,102084.91667877825,1.8004394475974999,-45384.916678778245,512,0.0827976797984037,2359523738,1.582614032654169,0.0827976797984037,0.0,False,0.13104891685724124,0.076785280040235,screening,False,P03_matched_full_method_full_MOPSO_s06,1055613486,26.667939399834722,6,algorithms,full_method,1.376807343678334,full,0.0827976797984037
0.05284674906934989,MOPSO,matched,0.05,2740852803,4000,P03,cluster,0.1015625,17,24.014458920554297,0.1025902627414329,43.619600606856096,0.05560000683584169,2.5,0.039632914511113504,held_out_replay_of_fixed_executed_schedule,7,106562.37373738913,1.8794069442220307,-49862.373737389134,512,0.1467283848751163,1013433051,-7.3392116460677945,0.1467283848751163,0.0,False,0.13104891685724124,0.076785280040235,screening,False,P03_matched_full_method_full_MOPSO_s07,3435654529,26.932518400251865,7,algorithms,full_method,1.5624985145004597,full,0.1467283848751163
0.0379347074278127,MOPSO,matched,0.05,1815214551,4000,P03,cluster,0.078125,17,7.331547076361311,0.04422103001099556,35.10569891039338,0.04446554740053171,2.5,0.0,held_out_replay_of_fixed_executed_schedule,7,101682.57000078843,1.7933433862572916,-44982.57000078843,512,0.08603870721385011,516322722,-2.301894982771185,0.08603870721385011,0.0,False,0.10486635710025519,0.0563977959958858,screening,False,P03_matched_full_method_full_MOPSO_s08,933781252,26.901292900089175,8,algorithms,full_method,1.3155336780283569,full,0.08603870721385011
0.008345057971227563,MOPSO,matched,0.04999999999999999,2599688270,4000,P03,cluster,0.06640625,17,7.844545011418827,0.05423534656839921,34.84936813242946,0.04805726968104336,2.5,0.06101681091606918,held_out_replay_of_fixed_executed_schedule,7,108754.22311889709,1.9180638998041815,-52054.22311889709,512,0.06317401524135619,3574013839,-1.7276825310895356,0.06317401524135619,1.774623808337421e-17,False,0.09156269001226201,0.04642313523921855,screening,False,P03_matched_full_method_full_MOPSO_s09,3474652730,26.916189100127667,9,algorithms,full_method,1.3691038061535137,full,0.06317401524135619
0.05814141489292873,NSGA-III,matched,0.05000000000000001,4060196048,4000,P03,cluster,0.0859375,17,40.02009131619085,0.07836374398874149,87.06087152403188,0.04703647208081846,2.5,0.09262535580358817,held_out_replay_of_fixed_executed_schedule,7,111994.09896986779,1.9752045673698022,-55294.09896986779,512,0.14061505621236275,123201614,-9.87112403662675,0.14061505621236275,3.549247616674842e-17,False,0.11365026768538071,0.06313561727295579,screening,False,P03_matched_full_method_full_NSGA-III_s00,2882909151,41.49326970009133,0,algorithms,full_method,1.4583154884017084,full,0.14061505621236275
0.07095257933450062,NSGA-III,matched,0.050000000000000024,3272684868,4000,P03,cluster,0.060546875,17,8.18285213701968,0.048308518013912526,50.33572772832379,0.03998297763537412,2.5,0.0,held_out_replay_of_fixed_executed_schedule,7,93732.69994005212,1.6531340377434236,-37032.699940052116,512,0.12130868757786037,3286126663,-8.139155246385156,0.12130868757786037,1.9350951101551666e-17,False,0.08484351298594771,0.041505696476874514,screening,False,P03_matched_full_method_full_NSGA-III_s01,3819462166,41.39466280024499,1,algorithms,full_method,1.3145638825617763,full,0.12130868757786037
0.04013759174342507,NSGA-III,matched,0.05,1989384750,4000,P03,cluster,0.07421875,17,28.472964020115278,0.060037203566439504,85.03834076809443,0.05694351986043492,2.5,0.02675521019404845,held_out_replay_of_fixed_executed_schedule,7,105242.40904488997,1.8561271436488531,-48542.409044889966,512,0.09657907833824791,2404466325,-11.803838445035671,0.09657907833824791,3.738161536263577e-17,False,0.10045003477589479,0.05305403417459211,screening,False,P03_matched_full_method_full_NSGA-III_s02,2924272080,40.614054900128394,2,algorithms,full_method,1.3876221159021471,full,0.09657907833824791
0.045800571103529544,NSGA-III,matched,0.05000000000000001,379777378,4000,P03,cluster,0.099609375,17,8.901338716050233,0.08925777998677321,34.93454149996881,0.03973249976891376,2.5,0.14006129340344653,held_out_replay_of_fixed_executed_schedule,7,116856.28257385327,2.0609573646182233,-60156.28257385327,512,0.1832685651478237,1492915544,-1.9606068331911604,0.1832685651478237,0.0,False,0.12888518546985142,0.07506768163149095,screening,False,P03_matched_full_method_full_NSGA-III_s03,1635011324,38.952292600180954,3,algorithms,full_method,1.4848879887818172,full,0.1832685651478237
0.015563764004270609,NSGA-III,matched,0.05,1357363921,4000,P03,cluster,0.0625,17,6.747427046877463,0.061686295517333053,34.271732658686616,0.056103367397822464,2.5,0.006867801042287696,held_out_replay_of_fixed_executed_schedule,7,103203.94960683449,1.8201754780746824,-46503.94960683449,512,0.149106205365599,2648893410,-0.20149358625795918,0.149106205365599,2.115103957611461e-17,False,0.08708877245949292,0.043139082655852354,screening,False,P03_matched_full_method_full_NSGA-III_s04,4117655867,40.07241900032386,4,algorithms,full_method,1.3853770482313148,full,0.149106205365599
0.06678914381907904,NSGA-III,matched,0.05000000000000001,3858429081,4000,P03,cluster,0.111328125,17,16.38929976749509,0.07017617592844436,54.97921777489873,0.03960800226034812,2.5,0.0,held_out_replay_of_fixed_executed_schedule,7,99743.32048914008,1.759141454834922,-43043.32048914008,512,0.104963247807079,1657173369,-19.325629877440072,0.104963247807079,3.738161536263577e-17,False,0.14182505529905332,0.0854168019240662,screening,False,P03_matched_full_method_full_NSGA-III_s05,3807187742,40.80173349985853,5,algorithms,full_method,1.451519734297186,full,0.104963247807079
0.07310810649965566,NSGA-III,matched,0.04999999999999999,2949804321,4000,P03,cluster,0.1171875,17,16.86937351475722,0.07411240993528363,67.55001585014288,0.04821488675476261,2.5,0.04984789917760716,held_out_replay_of_fixed_executed_schedule,7,107609.40966570473,1.8978731863439988,-50909.409665704734,512,0.09872956577172441,2359523738,-3.7434045042377453,0.09872956577172441,0.0,False,0.14825904371283938,0.0906281188230049,screening,False,P03_matched_full_method_full_NSGA-III_s06,1055613486,38.94851730018854,6,algorithms,full_method,1.4485961375853451,full,0.09872956577172441
0.049677499598671224,NSGA-III,matched,0.05,2740852803,4000,P03,cluster,0.095703125,17,10.45498451873304,0.09867311570638088,44.227519191158905,0.033405666416267486,2.5,0.0,held_out_replay_of_fixed_executed_schedule,7,101091.86103881049,1.7829252387797263,-44391.861038810486,512,0.15059609856874656,1013433051,-1.8288190021095811,0.15059609856874656,0.0,False,0.12454863540683042,0.07164180078160846,screening,False,P03_matched_full_method_full_NSGA-III_s07,3435654529,39.67734629986808,7,algorithms,full_method,1.539751380398975,full,0.15059609856874656
0.05055754290992407,NSGA-III,matched,0.05,1815214551,4000,P03,cluster,0.080078125,17,25.25158498195523,0.057478733725563336,66.70543610578449,0.049288085651829225,2.5,0.01288178781892156,held_out_replay_of_fixed_executed_schedule,7,103820.38325143946,1.8310473236585443,-47120.38325143946,512,0.10740445706188854,516322722,-4.4527291587679425,0.10740445706188854,4.230207915222922e-17,False,0.1070682263312835,0.05807617584047817,screening,False,P03_matched_full_method_full_NSGA-III_s08,933781252,40.67298079980537,8,algorithms,full_method,1.3687961587579662,full,0.10740445706188854
0.012180524398601598,NSGA-III,matched,0.04999999999999999,2599688270,4000,P03,cluster,0.064453125,17,14.525682582350353,0.05251968588309718,42.41982480877387,0.032556994723878255,2.5,0.056996299521905436,held_out_replay_of_fixed_executed_schedule,7,108342.1207009953,1.910795779559,-51642.12070099531,512,0.07489229871373286,3574013839,-1.3422057860368402,0.07489229871373286,1.8690807681317883e-17,False,0.08932842130276045,0.04477831127608061,screening,False,P03_matched_full_method_full_NSGA-III_s09,3474652730,39.81289569986984,9,algorithms,full_method,1.3561291735591345,full,0.07489229871373286
0.06936894018382313,NSGA-II,matched,0.05000000000000001,4060196048,4000,P03,cluster,0.08203125,17,31.75001928552382,0.0757768252097982,84.95791591623231,0.04873616154308685,2.5,0.10517013493343284,held_out_replay_of_fixed_executed_schedule,7,113279.93883067687,1.9978825190595568,-56579.93883067687,512,0.13037923037512902,123201614,-11.132589347189263,0.13037923037512902,3.549247616674842e-17,False,0.10926608406412831,0.05975869449431895,screening,False,P03_matched_full_method_full_NSGA-II_s00,2882909151,41.44926179992035,0,algorithms,full_method,1.451259778134058,full,0.13037923037512902
0.03442205853917311,NSGA-II,matched,0.050000000000000024,3272684868,4000,P03,cluster,0.060546875,17,15.616809794120208,0.046707884927159014,56.61608029681758,0.050167911957686766,2.5,0.0,held_out_replay_of_fixed_executed_schedule,7,94120.2076321833,1.6599683885746614,-37420.2076321833,512,0.120249435313981,3286126663,-8.586221793122242,0.120249435313981,0.0,False,0.08484351298594771,0.041505696476874514,screening,False,P03_matched_full_method_full_NSGA-II_s01,3819462166,40.1580249001272,1,algorithms,full_method,1.319937857644481,full,0.120249435313981
0.06956113959528128,NSGA-II,matched,0.05,1989384750,4000,P03,cluster,0.08203125,17,20.449066007468502,0.06199778635922978,75.5830573180346,0.051683872277483014,2.5,0.028730939662803344,held_out_replay_of_fixed_executed_schedule,7,105444.92131543734,1.859698788632052,-48744.92131543734,512,0.11577289796589814,2404466325,-12.018976518982258,0.11577289796589814,2.115103957611461e-17,False,0.10926608406412831,0.05975869449431895,screening,False,P03_matched_full_method_full_NSGA-II_s02,2924272080,41.1658871001564,2,algorithms,full_method,1.3970572311106126,full,0.11577289796589814
0.05784907540364091,NSGA-II,matched,0.05000000000000001,379777378,4000,P03,cluster,0.091796875,17,25.838505672491685,0.08421813868343078,79.88812079473789,0.05763888614882983,2.5,0.14027746036743544,held_out_replay_of_fixed_executed_schedule,7,116878.43968766213,2.061348142639544,-60178.43968766213,512,0.12777194375893627,1492915544,-1.9799395786787286,0.14027746036743544,0.0,False,0.12019942172134977,0.06822891441402182,screening,False,P03_matched_full_method_full_NSGA-II_s03,1635011324,39.753966100048274,3,algorithms,full_method,1.4701523567571377,full,0.12777194375893627
0.03948738333104029,NSGA-II,matched,0.05,1357363921,4000,P03,cluster,0.0859375,17,6.66277821672875,0.08362525861932432,58.044141957175874,0.051717453693652236,2.5,0.015152996595044302,held_out_replay_of_fixed_executed_schedule,7,104053.18215099204,1.8351531243561205,-47353.18215099204,512,0.15040320480161704,2648893410,-1.0260198728082297,0.15040320480161704,0.0,False,0.11365026768538071,0.06313561727295579,screening,False,P03_matched_full_method_full_NSGA-II_s04,4117655867,39.124289399944246,4,algorithms,full_method,1.457659268086134,full,0.15040320480161704
0.06678914381907904,NSGA-II,matched,0.05000000000000001,3858429081,4000,P03,cluster,0.111328125,17,25.10236598506489,0.06862656382001833,66.91224564727769,0.04130199202801623,2.5,0.0,held_out_replay_of_fixed_executed_schedule,7,99187.03746401751,1.7493304667375222,-42487.037464017514,512,0.10332702626244902,1657173369,-18.660133460864433,0.10332702626244902,0.0,False,0.14182505529905332,0.0854168019240662,screening,False,P03_matched_full_method_full_NSGA-II_s05,3807187742,41.35743319988251,5,algorithms,full_method,1.4337648083456351,full,0.10332702626244902
0.06992401546478388,NSGA-II,matched,0.04999999999999999,2949804321,4000,P03,cluster,0.12890625,17,12.11590650932849,0.07706168310580107,44.01576731154719,0.046567385562679364,2.5,0.03847254884804872,held_out_replay_of_fixed_executed_schedule,7,106443.436256925,1.8773092814272485,-49743.43625692499,512,0.1401173785697397,2359523738,-2.6193201758876725,0.1401173785697397,0.0,False,0.1610626384996719,0.10111644958008391,screening,False,P03_matched_full_method_full_NSGA-II_s06,1055613486,40.45710839983076,6,algorithms,full_method,1.452752908480632,full,0.1401173785697397
0.0371034333932435,NSGA-II,matched,0.05,2740852803,4000,P03,cluster,0.091796875,17,10.073035487230143,0.09593021478129103,34.948806261912715,0.03833553878330828,2.5,0.0,held_out_replay_of_fixed_executed_schedule,7,100854.83035200986,1.7787448033864173,-44154.830352009856,512,0.15173919819105103,1013433051,-1.5900603655967886,0.15173919819105103,0.0,False,0.12019942172134977,0.06822891441402182,screening,False,P03_matched_full_method_full_NSGA-II_s07,3435654529,40.110658099874854,7,algorithms,full_method,1.5268296195215145,full,0.15173919819105103
0.07200197713775143,NSGA-II,matched,0.05,1815214551,4000,P03,cluster,0.0859375,17,34.410565990263954,0.06065793611837319,80.94083974613397,0.05050203915075999,2.5,0.021657530241651266,held_out_replay_of_fixed_executed_schedule,7,104719.89684976925,1.8469117610188581,-48019.896849769255,512,0.10277180101705016,516322722,-5.357721486078275,0.10277180101705016,3.549247616674842e-17,False,0.11365026768538071,0.06313561727295579,screening,False,P03_matched_full_method_full_NSGA-II_s08,933781252,40.90412880014628,8,algorithms,full_method,1.3816211534178087,full,0.10277180101705016
0.010331147734474648,NSGA-II,matched,0.04999999999999999,2599688270,4000,P03,cluster,0.068359375,17,8.654299356525382,0.05509155855614865,29.344181570133202,0.0330318250290682,2.5,0.04956690812293531,held_out_replay_of_fixed_executed_schedule,7,107580.60808260087,1.8973652219153592,-50880.60808260087,512,0.08200482856551242,3574013839,-0.6298940093920261,0.08200482856551242,0.0,False,0.0937917927860118,0.048073325372727405,screening,False,P03_matched_full_method_full_NSGA-II_s09,3474652730,39.88147879997268,9,algorithms,full_method,1.369556193047698,full,0.08200482856551242
0.07679858083885677,SPEA2,matched,0.05000000000000001,4060196048,4000,P03,cluster,0.0859375,17,23.129277985647327,0.07647892156197798,74.92506037159245,0.05699335776637926,2.5,0.09520665700308505,held_out_replay_of_fixed_executed_schedule,7,112258.68234281622,1.9798709407904094,-55558.68234281622,512,0.09801005242394714,123201614,-10.130691932209063,0.09801005242394714,0.0,False,0.11365026768538071,0.06313561727295579,screening,False,P03_matched_full_method_full_SPEA2_s00,2882909151,62.701751300133765,0,algorithms,full_method,1.45170166564634,full,0.09801005242394714
0.05452532115165448,SPEA2,matched,0.050000000000000024,3272684868,4000,P03,cluster,0.060546875,17,3.1696788157505784,0.04623720278611117,57.3022837020944,0.04404190345227247,2.5,0.0,held_out_replay_of_fixed_executed_schedule,7,93963.33249970726,1.6572016313881353,-37263.33249970726,512,0.11709113191836144,3286126663,-8.405235389060765,0.11709113191836144,2.115103957611461e-17,False,0.08484351298594771,0.041505696476874514,screening,False,P03_matched_full_method_full_SPEA2_s01,3819462166,66.80210789991543,1,algorithms,full_method,1.3074532897054452,full,0.11709113191836144
0.06118730587960032,SPEA2,matched,0.05,1989384750,4000,P03,cluster,0.08203125,17,14.423506722981767,0.061977816060714466,68.14175792498986,0.047499292532562236,2.5,0.017955136746642883,held_out_replay_of_fixed_executed_schedule,7,104340.4015165309,1.8402187216319381,-47640.401516530896,512,0.13234727608229568,2404466325,-10.845594473882866,0.13234727608229568,3.738161536263577e-17,False,0.10926608406412831,0.05975869449431895,screening,False,P03_matched_full_method_full_SPEA2_s02,2924272080,62.58033729996532,2,algorithms,full_method,1.3929063752470263,full,0.13234727608229568
0.05298318161973368,SPEA2,matched,0.05000000000000001,379777378,4000,P03,cluster,0.095703125,17,8.384609541820376,0.08424874410991567,32.27682261481592,0.033152632727263265,2.5,0.12567360309227654,held_out_replay_of_fixed_executed_schedule,7,115381.54431695835,2.0349478715512936,-58681.544316958345,512,0.1813024511292824,1492915544,-0.6738535300634642,0.1813024511292824,0.0,False,0.12454863540683042,0.07164180078160846,screening,False,P03_matched_full_method_full_SPEA2_s03,1635011324,66.03218849981204,3,algorithms,full_method,1.468143729585941,full,0.1813024511292824
0.08016893080413538,SPEA2,matched,0.05,1357363921,4000,P03,cluster,0.0859375,17,7.896887606995524,0.08259929344352214,45.10642666634885,0.05391999749031875,2.5,0.003466678975853024,held_out_replay_of_fixed_executed_schedule,7,102855.33459502493,1.8140270651679882,-46155.334595024935,512,0.14193271152387194,2648893410,0.1369793598161411,0.14193271152387194,0.0,False,0.11365026768538071,0.06313561727295579,screening,False,P03_matched_full_method_full_SPEA2_s04,4117655867,64.23702019965276,4,algorithms,full_method,1.4669049473100837,full,0.14193271152387194
0.05201828433152355,SPEA2,matched,0.05000000000000001,3858429081,4000,P03,cluster,0.109375,17,9.395159312182416,0.06447026353349296,22.323200659404893,0.03316609696575179,2.5,0.0,held_out_replay_of_fixed_executed_schedule,7,93568.54744755785,1.650238932055694,-36868.54744755785,512,0.13713082732529402,1657173369,-11.938582013746196,0.13713082732529402,0.0,False,0.1396752725025087,0.08368492763042859,screening,False,P03_matched_full_method_full_SPEA2_s05,3807187742,65.46245499979705,5,algorithms,full_method,1.3991692688074446,full,0.13713082732529402
0.05199371248810586,SPEA2,matched,0.04999999999999999,2949804321,4000,P03,cluster,0.115234375,17,9.886555852740376,0.07255764714452831,40.70984054328326,0.0443424505771962,2.5,0.04847741895896161,held_out_replay_of_fixed_executed_schedule,7,107468.93544329357,1.8953956868305744,-50768.935443293565,512,0.12807903848589808,2359523738,-3.607976997263282,0.12807903848589808,0.0,False,0.1461168844607363,0.08888845626727049,screening,False,P03_matched_full_method_full_SPEA2_s06,1055613486,61.729507899843156,6,algorithms,full_method,1.4506997478147692,full,0.12807903848589808
0.039246099437732836,SPEA2,matched,0.05,2740852803,4000,P03,cluster,0.11328125,17,10.485206545901988,0.10522228872327768,31.258167642667836,0.029919279936199385,2.5,0.0,held_out_replay_of_fixed_executed_schedule,7,101027.09105466629,1.7817829110170422,-44327.09105466629,512,0.15089303910416457,1013433051,-1.7635768458725272,0.15089303910416457,1.9350951101551666e-17,False,0.14397224007474893,0.08715133147046501,screening,False,P03_matched_full_method_full_SPEA2_s07,3435654529,67.64970159996301,7,algorithms,full_method,1.573047053400986,full,0.15089303910416457
0.04876807229169204,SPEA2,matched,0.05,1815214551,4000,P03,cluster,0.0859375,17,22.886813873400246,0.0597836418374419,66.08365186177417,0.043524018609388086,2.5,0.014136717196187379,held_out_replay_of_fixed_executed_schedule,7,103949.0135126092,1.8333159349666526,-47249.01351260921,512,0.10677201231737016,516322722,-4.5821428770649115,0.10677201231737016,0.0,False,0.11365026768538071,0.06313561727295579,screening,False,P03_matched_full_method_full_SPEA2_s08,933781252,62.738853100221604,8,algorithms,full_method,1.3762918227074152,full,0.10677201231737016
0.036561063620655275,SPEA2,matched,0.04999999999999999,2599688270,4000,P03,cluster,0.095703125,17,9.66639482112526,0.0829456107474318,50.29052250315494,0.04742029063332189,2.5,0.06964746488622538,held_out_replay_of_fixed_executed_schedule,7,109638.8651508381,1.933666052043,-52938.8651508381,512,0.10266426759440836,3574013839,-2.5551684088615407,0.10266426759440836,0.0,False,0.12454863540683042,0.07164180078160846,screening,False,P03_matched_full_method_full_SPEA2_s09,3474652730,68.51794849988073,9,algorithms,full_method,1.4766720038646648,full,0.10266426759440836
0.0,MOABC,normal,0.05000000000000001,4060196048,4000,P03,cluster,0.0,17,6.011716670430042,0.0,26.42885549341543,0.026201719207085142,1.0,0.0,held_out_replay_of_fixed_executed_schedule,7,27735.055936173634,0.4891544256820747,28964.944063826366,512,0.03533131911768481,123201614,9.999999999999995,0.03533131911768481,0.0,True,0.007178950026259454,0.0,screening,False,P03_normal_full_method_full_MOABC_s00,2882909151,32.38158390019089,0,algorithms,full_method,0.48915442568207473,full,0.03533131911768481
0.0,MOABC,normal,0.049999999999999996,3272684868,4000,P03,cluster,0.0,17,2.3134049454304355,0.0,7.115586065435483,0.038454976829221145,1.0,0.0,held_out_replay_of_fixed_executed_schedule,7,28341.074416376676,0.49984258229941225,28358.925583623324,512,0.048983931031865414,3286126663,10.0,0.048983931031865414,0.0,True,0.007178950026259454,0.0,screening,False,P03_normal_full_method_full_MOABC_s01,3819462166,31.364562099799514,1,algorithms,full_method,0.4998425822994122,full,0.048983931031865414
0.0,MOABC,normal,0.049999999999999996,1989384750,4000,P03,cluster,0.0,17,5.932831272165531,0.0,21.952477245397755,0.02715805320898109,1.0,0.0,held_out_replay_of_fixed_executed_schedule,7,27610.16055659923,0.4869516853015737,29089.83944340077,512,0.0,2404466325,10.277188150328675,0.0,0.0,True,0.007178950026259454,0.0,screening,False,P03_normal_full_method_full_MOABC_s02,2924272080,30.649641000200063,2,algorithms,full_method,0.4869516853015736,full,0.0
0.0,MOABC,normal,0.05,379777378,4000,P03,cluster,0.0,17,2.0928981198176904,0.0,18.863122622141784,0.026522473749280306,1.0,0.0,held_out_replay_of_fixed_executed_schedule,7,27895.0972705469,0.491977024171903,28804.9027294531,512,0.069330194737796,1492915544,9.999999999999995,0.069330194737796,0.0,True,0.007178950026259454,0.0,screening,False,P03_normal_full_method_full_MOABC_s03,1635011324,31.311089099850506,3,algorithms,full_method,0.4919770241719029,full,0.069330194737796
0.0,MOABC,normal,0.05,1357363921,4000,P03,cluster,0.0,17,5.362924675564923,0.0,23.798599410160023,0.023449534185834696,1.0,0.0,held_out_replay_of_fixed_executed_schedule,7,27430.921497956224,0.4837905026094572,29269.078502043776,512,0.05832719672302855,2648893410,10.354041268309013,0.05832719672302855,0.0,True,0.007178950026259454,0.0,screening,False,P03_normal_full_method_full_MOABC_s04,4117655867,31.760005199816078,4,algorithms,full_method,0.4837905026094572,full,0.05832719672302855
0.0,MOABC,normal,0.05,3858429081,4000,P03,cluster,0.0,17,4.369282863614334,0.0,18.39362101763202,0.04228886594586203,1.0,0.0,held_out_replay_of_fixed_executed_schedule,7,25634.16976799792,0.45210175957668286,31065.83023200208,512,0.0,1657173369,16.517990315124297,0.0,0.0,True,0.007178950026259454,0.0,screening,False,P03_normal_full_method_full_MOABC_s05,3807187742,30.36463089985773,5,algorithms,full_method,0.4521017595766829,full,0.0
0.0,MOABC,normal,0.05000000000000002,2949804321,4000,P03,cluster,0.0,17,4.073314578777859,0.0,22.887395903532564,0.031076225169201808,1.0,0.0,held_out_replay_of_fixed_executed_schedule,7,27657.67083209572,0.4877896090316705,29042.32916790428,512,0.04485390157977013,2359523738,9.999999999999996,0.04485390157977013,0.0,True,0.007178950026259454,0.0,screening,False,P03_normal_full_method_full_MOABC_s06,1055613486,31.932905400171876,6,algorithms,full_method,0.48778960903167057,full,0.04485390157977013
0.0,MOABC,normal,0.05000000000000001,2740852803,4000,P03,cluster,0.0,17,2.198140848021948,0.0,16.721669835136144,0.0289899175933644,1.0,0.0,held_out_replay_of_fixed_executed_schedule,7,27560.20198458125,0.48607058173864637,29139.79801541875,512,0.06258253324249166,1013433051,10.0,0.06258253324249166,0.0,True,0.007178950026259454,0.0,screening,False,P03_normal_full_method_full_MOABC_s07,3435654529,30.841473899781704,7,algorithms,full_method,0.48607058173864637,full,0.06258253324249166
0.0,MOABC,normal,0.04999999999999999,1815214551,4000,P03,cluster,0.0,17,3.4370480769641807,0.0,30.755576030467594,0.02313834552459036,1.0,0.0,held_out_replay_of_fixed_executed_schedule,7,27935.11269843102,0.49268276364075875,28764.88730156898,512,0.011253265349354615,516322722,10.323906152396757,0.011253265349354615,0.0,True,0.007178950026259454,0.0,screening,False,P03_normal_full_method_full_MOABC_s08,933781252,32.15638179983944,8,algorithms,full_method,0.4926827636407587,full,0.011253265349354615
0.0,MOABC,normal,0.05000000000000001,2599688270,4000,P03,cluster,0.0,17,2.589191361821637,0.0,25.14121012348337,0.029028806007215736,1.0,0.0,held_out_replay_of_fixed_executed_schedule,7,27578.893604116976,0.4864002399315163,29121.106395883024,512,0.055019923720568686,3574013839,10.292983887979423,0.055019923720568686,0.0,True,0.007178950026259454,0.0,screening,False,P03_normal_full_method_full_MOABC_s09,3474652730,32.44426580006257,9,algorithms,full_method,0.48640023993151627,full,0.055019923720568686
0.0,MOEA/D,normal,0.05000000000000001,4060196048,4000,P03,cluster,0.0,17,7.508844886369795,0.0,53.77940753021839,0.046651596439762646,1.0,0.0,held_out_replay_of_fixed_executed_schedule,7,25332.207745342694,0.44677615071151133,31367.792254657306,512,0.023958777557517543,123201614,17.797220156052784,0.023958777557517543,0.0,True,0.007178950026259454,0.0,screening,False,P03_normal_full_method_full_MOEA-D_s00,2882909151,27.80594089999795,0,algorithms,full_method,0.44677615071151133,full,0.023958777557517543
0.0,MOEA/D,normal,0.049999999999999996,3272684868,4000,P03,cluster,0.0,17,2.0820363499688765,0.0,18.02062165296624,0.03393622639077143,1.0,0.0,held_out_replay_of_fixed_executed_schedule,7,28229.210423194425,0.49786967236674473,28470.789576805575,512,0.04115137706252813,3286126663,10.355235628631814,0.04115137706252813,0.0,True,0.007178950026259454,0.0,screening,False,P03_normal_full_method_full_MOEA-D_s01,3819462166,27.922306700143963,1,algorithms,full_method,0.4978696723667448,full,0.04115137706252813
0.0,MOEA/D,normal,0.049999999999999996,1989384750,4000,P03,cluster,0.0,17,7.335487977064398,0.0,33.52574162877203,0.039104117609023346,1.0,0.0,held_out_replay_of_fixed_executed_schedule,7,27695.458923616352,0.4884560656722461,29004.541076383648,512,0.0,2404466325,9.999999999999995,0.0,0.0,True,0.007178950026259454,0.0,screening,False,P03_normal_full_method_full_MOEA-D_s02,2924272080,26.613098499830812,2,algorithms,full_method,0.48845606567224603,full,0.0
0.0,MOEA/D,normal,0.05,379777378,4000,P03,cluster,0.0,17,1.8942618065891708,0.0,26.49822478233715,0.03157530452678977,1.0,0.0,held_out_replay_of_fixed_executed_schedule,7,26955.897410806763,0.4754126527479147,29744.102589193237,512,0.058111533157335075,1492915544,13.030209450671506,0.058111533157335075,0.0,True,0.007178950026259454,0.0,screening,False,P03_normal_full_method_full_MOEA-D_s03,1635011324,26.7019647997804,3,algorithms,full_method,0.4754126527479147,full,0.058111533157335075
1.774623808337421e-17,MOEA/D,normal,0.05,1357363921,4000,P03,cluster,0.0,17,4.279444053915687,0.0,31.369799762015425,0.030827573856556063,1.0,0.0,held_out_replay_of_fixed_executed_schedule,7,27430.921497956224,0.4837905026094572,29269.078502043776,512,0.05874130292085579,2648893410,10.354041268309013,0.05874130292085579,1.774623808337421e-17,True,0.007178950026259454,0.0,screening,False,P03_normal_full_method_full_MOEA-D_s04,4117655867,27.25302999978885,4,algorithms,full_method,0.4837905026094572,full,0.05874130292085579
0.0,MOEA/D,normal,0.05,3858429081,4000,P03,cluster,0.0,17,4.370358526162411,0.0,36.1894037112347,0.030629645590555674,1.0,0.0,held_out_replay_of_fixed_executed_schedule,7,27635.598230426665,0.4874003215242798,29064.401769573335,512,0.03280833332117135,1657173369,10.0,0.03280833332117135,0.0,True,0.007178950026259454,0.0,screening,False,P03_normal_full_method_full_MOEA-D_s05,3807187742,28.396550400182605,5,algorithms,full_method,0.48740032152427987,full,0.03280833332117135
0.0,MOEA/D,normal,0.05000000000000002,2949804321,4000,P03,cluster,0.0,17,4.159385766257583,0.0,32.18876254643732,0.032912776169475855,1.0,0.0,held_out_replay_of_fixed_executed_schedule,7,28089.25946423034,0.49540140148554396,28610.74053576966,512,0.048264361167158834,2359523738,8.59558033183907,0.048264361167158834,0.0,True,0.007178950026259454,0.0,screening,False,P03_normal_full_method_full_MOEA-D_s06,1055613486,28.268621399998665,6,algorithms,full_method,0.495401401485544,full,0.048264361167158834
0.0,MOEA/D,normal,0.05000000000000001,2740852803,4000,P03,cluster,0.0,17,2.1505856497377063,0.0,22.62237456478662,0.03270292703237411,1.0,0.0,held_out_replay_of_fixed_executed_schedule,7,27560.20198458125,0.48607058173864637,29139.79801541875,512,0.06466050748284013,1013433051,10.0,0.06466050748284013,0.0,True,0.007178950026259454,0.0,screening,False,P03_normal_full_method_full_MOEA-D_s07,3435654529,28.807174200192094,7,algorithms,full_method,0.48607058173864637,full,0.06466050748284013
0.0,MOEA/D,normal,0.04999999999999999,1815214551,4000,P03,cluster,0.0,17,3.1630062340294245,0.0,35.75186200334787,0.037660070787599996,1.0,0.0,held_out_replay_of_fixed_executed_schedule,7,28469.18015726057,0.5021019428088284,28230.81984273943,512,0.0,516322722,8.60946583221722,0.0,0.0,True,0.007178950026259454,0.0,screening,False,P03_normal_full_method_full_MOEA-D_s08,933781252,29.2295556999743,8,algorithms,full_method,0.5021019428088284,full,0.0
0.0,MOEA/D,normal,0.05000000000000001,2599688270,4000,P03,cluster,0.0,17,2.5414385912840247,0.0,30.637487266812855,0.041590170124966484,1.0,0.0,held_out_replay_of_fixed_executed_schedule,7,27668.96650838363,0.48798882730835325,29031.03349161637,512,0.055019923720568686,3574013839,9.999999999999995,0.055019923720568686,0.0,True,0.007178950026259454,0.0,screening,False,P03_normal_full_method_full_MOEA-D_s09,3474652730,28.319921400398016,9,algorithms,full_method,0.48798882730835325,full,0.055019923720568686
0.0,MOPSO,normal,0.05000000000000001,4060196048,4000,P03,cluster,0.0,17,2.7317631711587538,0.0,3.099404237542129,0.03796274449681565,1.0,0.0,held_out_replay_of_fixed_executed_schedule,7,32305.38694119545,0.5697599107794612,24394.61305880455,512,0.03148585726581302,123201614,-4.830681841729549,0.03148585726581302,0.0,True,0.007178950026259454,0.0,screening,False,P03_normal_full_method_full_MOPSO_s00,2882909151,28.654991399962455,0,algorithms,full_method,0.43820494587128683,full,0.03148585726581302
0.0,MOPSO,normal,0.049999999999999996,3272684868,4000,P03,cluster,0.0,17,1.9800655870695838,0.0,2.7181211638016087,0.03080373650999436,1.0,0.0,held_out_replay_of_fixed_executed_schedule,7,26784.660161174997,0.47239259543518514,29915.339838825003,512,0.03821730665345685,3286126663,14.942553726446182,0.03821730665345685,0.0,True,0.007178950026259454,0.0,screening,False,P03_normal_full_method_full_MOPSO_s01,3819462166,29.777176199946553,1,algorithms,full_method,0.47239259543518514,full,0.03821730665345685
0.0,MOPSO,normal,0.049999999999999996,1989384750,4000,P03,cluster,0.0,17,5.232941337115074,0.0,5.266771068597968,0.04565186537824363,1.0,0.0,held_out_replay_of_fixed_executed_schedule,7,27510.917688439065,0.4852013701664738,29189.082311560935,512,0.0,2404466325,10.599690772836162,0.0,0.0,True,0.007178950026259454,0.0,screening,False,P03_normal_full_method_full_MOPSO_s02,2924272080,28.29532810021192,2,algorithms,full_method,0.48520137016647374,full,0.0
0.0,MOPSO,normal,0.05,379777378,4000,P03,cluster,0.0,17,2.0302289834471106,0.0,2.7822770283184712,0.03543241893659437,1.0,0.0,held_out_replay_of_fixed_executed_schedule,7,37762.188612774415,0.6659997991670973,18937.811387225585,512,0.06272205905063354,1492915544,-21.834921104150933,0.06272205905063354,0.0,True,0.007178950026259454,0.0,screening,False,P03_normal_full_method_full_MOPSO_s03,1635011324,29.202582400292158,3,algorithms,full_method,0.49991423629948795,full,0.06272205905063354
0.0,MOPSO,normal,0.05,1357363921,4000,P03,cluster,0.0,17,3.741002496469525,0.0,3.9286038764844298,0.048430873328519905,1.0,0.0,held_out_replay_of_fixed_executed_schedule,7,27612.641011790412,0.4869954323067092,29087.358988209588,512,0.0,2648893410,9.760170587036553,0.0,0.0,True,0.007178950026259454,0.0,screening,False,P03_normal_full_method_full_MOPSO_s04,4117655867,28.418101700022817,4,algorithms,full_method,0.4869954323067092,full,0.0
0.0,MOPSO,normal,0.05,3858429081,4000,P03,cluster,0.0,17,3.9031082440449225,0.0,4.004109642023247,0.041000649501476846,1.0,0.0,held_out_replay_of_fixed_executed_schedule,7,25445.130810019946,0.4487677391537909,31254.869189980054,512,0.0,1657173369,17.133627656359263,0.0,0.0,True,0.007178950026259454,0.0,screening,False,P03_normal_full_method_full_MOPSO_s05,3807187742,28.15432950016111,5,algorithms,full_method,0.44876773915379087,full,0.0
0.0,MOPSO,normal,0.05000000000000002,2949804321,4000,P03,cluster,0.0,17,2.695930888309374,0.0,3.039740605148091,0.04756785254457441,1.0,0.0,held_out_replay_of_fixed_executed_schedule,7,32807.94494670892,0.578623367666824,23892.05505329108,512,0.052914921201911075,2359523738,-6.75935306082553,0.052914921201911075,0.0,True,0.007178950026259454,0.0,screening,False,P03_normal_full_method_full_MOPSO_s06,1055613486,28.7248630002141,6,algorithms,full_method,0.44982262544083296,full,0.052914921201911075
1.9350951101551666e-17,MOPSO,normal,0.05000000000000001,2740852803,4000,P03,cluster,0.0,17,2.222814408380088,0.0,3.2911675438474672,0.03577902500549701,1.0,0.0,held_out_replay_of_fixed_executed_schedule,7,28986.53847543984,0.5112264281382688,27713.46152456016,512,0.06782677953717448,1013433051,5.342186379871571,0.06782677953717448,1.9350951101551666e-17,True,0.007178950026259454,0.0,screening,False,P03_normal_full_method_full_MOPSO_s07,3435654529,28.322163799777627,7,algorithms,full_method,0.5112264281382688,full,0.06782677953717448
0.0,MOPSO,normal,0.04999999999999999,1815214551,4000,P03,cluster,0.0,17,2.400352171469796,0.0,2.7740182332659913,0.046829004615876094,1.0,0.0,held_out_replay_of_fixed_executed_schedule,7,31430.571303079923,0.5543310635463832,25269.428696920077,512,0.003785629795101555,516322722,-0.8970642891691616,0.003785629795101555,0.0,True,0.007178950026259454,0.0,screening,False,P03_normal_full_method_full_MOPSO_s08,933781252,28.60630050022155,8,algorithms,full_method,0.4512550338363093,full,0.003785629795101555
0.0,MOPSO,normal,0.05000000000000001,2599688270,4000,P03,cluster,0.0,17,1.904121527079437,0.0,2.926388469916004,0.03252663934983806,1.0,0.0,held_out_replay_of_fixed_executed_schedule,7,24042.758260855997,0.4240345372285008,32657.241739144003,512,0.047820558419043625,3574013839,21.795118627889515,0.047820558419043625,0.0,True,0.007178950026259454,0.0,screening,False,P03_normal_full_method_full_MOPSO_s09,3474652730,29.214635000098497,9,algorithms,full_method,0.4240345372285008,full,0.047820558419043625
1.9350951101551666e-17,NSGA-III,normal,0.05000000000000001,4060196048,4000,P03,cluster,0.0,17,3.139477458315485,0.0,38.63461281620539,0.035423864748662735,1.0,0.0,held_out_replay_of_fixed_executed_schedule,7,27637.545169541212,0.48743465907480094,29062.454830458788,512,0.03226351093237302,123201614,10.316421535875532,0.03226351093237302,1.9350951101551666e-17,True,0.007178950026259454,0.0,screening,False,P03_normal_full_method_full_NSGA-III_s00,2882909151,35.75153179978952,0,algorithms,full_method,0.48743465907480094,full,0.03226351093237302
0.0,NSGA-III,normal,0.049999999999999996,3272684868,4000,P03,cluster,0.0,17,1.9378910191520151,0.0,24.22027755558349,0.02877130309405774,1.0,0.0,held_out_replay_of_fixed_executed_schedule,7,28341.074416376676,0.49984258229941225,28358.925583623324,512,0.048983931031865414,3286126663,10.0,0.048983931031865414,0.0,True,0.007178950026259454,0.0,screening,False,P03_normal_full_method_full_NSGA-III_s01,3819462166,34.89073710003868,1,algorithms,full_method,0.4998425822994122,full,0.048983931031865414
0.0,NSGA-III,normal,0.049999999999999996,1989384750,4000,P03,cluster,0.0,17,8.81336870821522,0.0,46.73785330462378,0.037550760621635294,1.0,0.0,held_out_replay_of_fixed_executed_schedule,7,28013.730317110603,0.4940693177620918,28686.269682889397,512,0.0,2404466325,8.96573566469927,0.0,0.0,True,0.007178950026259454,0.0,screening,False,P03_normal_full_method_full_NSGA-III_s02,2924272080,37.49857500009239,2,algorithms,full_method,0.4940693177620918,full,0.0
0.0,NSGA-III,normal,0.05,379777378,4000,P03,cluster,0.0,17,1.9704987213789655,0.0,22.070373027645594,0.024172693687830496,1.0,0.0,held_out_replay_of_fixed_executed_schedule,7,26955.897410806763,0.4754126527479147,29744.102589193237,512,0.06292105661850485,1492915544,13.030209450671506,0.06292105661850485,0.0,True,0.007178950026259454,0.0,screening,False,P03_normal_full_method_full_NSGA-III_s03,1635011324,36.16241949982941,3,algorithms,full_method,0.4754126527479147,full,0.06292105661850485
0.0,NSGA-III,normal,0.05,1357363921,4000,P03,cluster,0.0,17,4.38364534383481,0.0,26.289617069958258,0.02773301301206269,1.0,0.0,held_out_replay_of_fixed_executed_schedule,7,27539.255196155475,0.4857011498440119,29160.744803844525,512,0.058590875588042664,2648893410,9.999999999999995,0.058590875588042664,0.0,True,0.007178950026259454,0.0,screening,False,P03_normal_full_method_full_NSGA-III_s04,4117655867,38.32282939972356,4,algorithms,full_method,0.48570114984401186,full,0.058590875588042664
0.0,NSGA-III,normal,0.05,3858429081,4000,P03,cluster,0.0,17,5.385878219547628,0.0,36.38889536778986,0.03350773178117474,1.0,0.0,held_out_replay_of_fixed_executed_schedule,7,26781.81743724338,0.4723424592106416,29918.18256275662,512,0.0,1657173369,12.78048156387999,0.0,0.0,True,0.007178950026259454,0.0,screening,False,P03_normal_full_method_full_NSGA-III_s05,3807187742,41.84176900004968,5,algorithms,full_method,0.4723424592106416,full,0.0
0.0,NSGA-III,normal,0.05000000000000002,2949804321,4000,P03,cluster,0.0,17,3.2034636345060776,0.0,40.34122265549557,0.04119120405159269,1.0,0.0,held_out_replay_of_fixed_executed_schedule,7,35280.3335178073,0.6222281043704991,21419.666482192697,512,0.03674510397900483,2359523738,-14.804678813297564,0.03674510397900483,0.0,True,0.007178950026259454,0.0,screening,False,P03_normal_full_method_full_NSGA-III_s06,1055613486,41.46758869988844,6,algorithms,full_method,0.6222281043704991,full,0.03674510397900483
0.0,NSGA-III,normal,0.05000000000000001,2740852803,4000,P03,cluster,0.0,17,2.3891503843023414,0.0,22.888575119498135,0.024592951342186902,1.0,0.0,held_out_replay_of_fixed_executed_schedule,7,27560.20198458125,0.48607058173864637,29139.79801541875,512,0.06496934549606197,1013433051,10.0,0.06496934549606197,0.0,True,0.007178950026259454,0.0,screening,False,P03_normal_full_method_full_NSGA-III_s07,3435654529,38.8687001997605,7,algorithms,full_method,0.48607058173864637,full,0.06496934549606197
0.0,NSGA-III,normal,0.04999999999999999,1815214551,4000,P03,cluster,0.0,17,3.0892078126073566,0.0,43.42791416950091,0.0375503321334232,1.0,0.0,held_out_replay_of_fixed_executed_schedule,7,28036.013111045955,0.4944623123641262,28663.986888954045,512,0.0,516322722,9.999999999999995,0.0,0.0,True,0.007178950026259454,0.0,screening,False,P03_normal_full_method_full_NSGA-III_s08,933781252,36.65945120016113,8,algorithms,full_method,0.49446231236412624,full,0.0
0.0,NSGA-III,normal,0.05000000000000001,2599688270,4000,P03,cluster,0.0,17,2.4848744348400515,0.0,22.56423713565566,0.03155519073561812,1.0,0.0,held_out_replay_of_fixed_executed_schedule,7,27578.893604116976,0.4864002399315163,29121.106395883024,512,0.055019923720568686,3574013839,10.292983887979423,0.055019923720568686,0.0,True,0.007178950026259454,0.0,screening,False,P03_normal_full_method_full_NSGA-III_s09,3474652730,36.90663230000064,9,algorithms,full_method,0.48640023993151627,full,0.055019923720568686
1.774623808337421e-17,NSGA-II,normal,0.05000000000000001,4060196048,4000,P03,cluster,0.0,17,2.7954782295041065,0.0,33.28516605612194,0.030643458407785536,1.0,0.0,held_out_replay_of_fixed_executed_schedule,7,27735.055936173634,0.4891544256820747,28964.944063826366,512,0.024562445532434644,123201614,9.999999999999995,0.024562445532434644,1.774623808337421e-17,True,0.007178950026259454,0.0,screening,False,P03_normal_full_method_full_NSGA-II_s00,2882909151,35.67663250025362,0,algorithms,full_method,0.48915442568207473,full,0.024562445532434644
0.0,NSGA-II,normal,0.049999999999999996,3272684868,4000,P03,cluster,0.0,17,2.044857820699349,0.0,22.87678273780336,0.03145231413432072,1.0,0.0,held_out_replay_of_fixed_executed_schedule,7,27360.45864197215,0.4825477714633536,29339.54135802785,512,0.05165343601500216,3286126663,13.114046362526386,0.05165343601500216,0.0,True,0.007178950026259454,0.0,screening,False,P03_normal_full_method_full_NSGA-II_s01,3819462166,35.86378809995949,1,algorithms,full_method,0.48254777146335365,full,0.05165343601500216
1.8690807681317883e-17,NSGA-II,normal,0.049999999999999996,1989384750,4000,P03,cluster,0.0,17,5.328115569809216,0.0,41.46395154473818,0.039142227162995334,1.0,0.0,held_out_replay_of_fixed_executed_schedule,7,27695.458923616352,0.4884560656722461,29004.541076383648,512,0.004235679343774902,2404466325,9.999999999999995,0.004235679343774902,1.8690807681317883e-17,True,0.007178950026259454,0.0,screening,False,P03_normal_full_method_full_NSGA-II_s02,2924272080,36.88059910014272,2,algorithms,full_method,0.48845606567224603,full,0.004235679343774902
0.0,NSGA-II,normal,0.05,379777378,4000,P03,cluster,0.0,17,1.9886546050023,0.0,21.762679204203646,0.02486093610134217,1.0,0.0,held_out_replay_of_fixed_executed_schedule,7,27895.0972705469,0.491977024171903,28804.9027294531,512,0.061575025326511136,1492915544,9.999999999999995,0.061575025326511136,0.0,True,0.007178950026259454,0.0,screening,False,P03_normal_full_method_full_NSGA-II_s03,1635011324,34.51770780002698,3,algorithms,full_method,0.4919770241719029,full,0.061575025326511136
0.0,NSGA-II,normal,0.05,1357363921,4000,P03,cluster,0.0,17,4.208033494826745,0.0,26.18718497161924,0.03284899738771844,1.0,0.0,held_out_replay_of_fixed_executed_schedule,7,29556.094090888946,0.5212715007211455,27143.905909111054,512,0.057674132054157216,2648893410,3.408844965736312,0.057674132054157216,0.0,True,0.007178950026259454,0.0,screening,False,P03_normal_full_method_full_NSGA-II_s04,4117655867,35.521885300055146,4,algorithms,full_method,0.5212715007211455,full,0.057674132054157216
0.0,NSGA-II,normal,0.05,3858429081,4000,P03,cluster,0.0,17,4.067137054632218,0.0,40.13385357610885,0.04043409319522191,1.0,0.0,held_out_replay_of_fixed_executed_schedule,7,28810.40234333191,0.5081199707818679,27889.59765666809,512,0.025231639971597285,1657173369,6.1740516966605385,0.025231639971597285,0.0,True,0.007178950026259454,0.0,screening,False,P03_normal_full_method_full_NSGA-II_s05,3807187742,35.86551179969683,5,algorithms,full_method,0.5081199707818679,full,0.025231639971597285
0.0,NSGA-II,normal,0.05000000000000002,2949804321,4000,P03,cluster,0.0,17,3.526813862797388,0.0,50.928807819181074,0.04237541682890276,1.0,0.0,held_out_replay_of_fixed_executed_schedule,7,27657.67083209572,0.4877896090316705,29042.32916790428,512,0.01989676517061862,2359523738,9.999999999999996,0.01989676517061862,0.0,True,0.007178950026259454,0.0,screening,False,P03_normal_full_method_full_NSGA-II_s06,1055613486,37.62288670009002,6,algorithms,full_method,0.48778960903167057,full,0.01989676517061862
0.0,NSGA-II,normal,0.05000000000000001,2740852803,4000,P03,cluster,0.0,17,2.0324719632683204,0.0,28.556698873086653,0.032229458620074716,1.0,0.0,held_out_replay_of_fixed_executed_schedule,7,27560.20198458125,0.48607058173864637,29139.79801541875,512,0.06258253324249166,1013433051,10.0,0.06258253324249166,0.0,True,0.007178950026259454,0.0,screening,False,P03_normal_full_method_full_NSGA-II_s07,3435654529,34.28524299990386,7,algorithms,full_method,0.48607058173864637,full,0.06258253324249166
0.0,NSGA-II,normal,0.04999999999999999,1815214551,4000,P03,cluster,0.0,17,3.0108582056055564,0.0,27.54519916987137,0.03630361645775316,1.0,0.0,held_out_replay_of_fixed_executed_schedule,7,28036.013111045955,0.4944623123641262,28663.986888954045,512,0.011847663729408521,516322722,9.999999999999995,0.011847663729408521,0.0,True,0.007178950026259454,0.0,screening,False,P03_normal_full_method_full_NSGA-II_s08,933781252,34.224576300010085,8,algorithms,full_method,0.49446231236412624,full,0.011847663729408521
0.0,NSGA-II,normal,0.05000000000000001,2599688270,4000,P03,cluster,0.0,17,2.2997688113524584,0.0,23.798872283857612,0.02820876018520375,1.0,0.0,held_out_replay_of_fixed_executed_schedule,7,27668.96650838363,0.48798882730835325,29031.03349161637,512,0.055019923720568686,3574013839,9.999999999999995,0.055019923720568686,0.0,True,0.007178950026259454,0.0,screening,False,P03_normal_full_method_full_NSGA-II_s09,3474652730,32.32606379967183,9,algorithms,full_method,0.48798882730835325,full,0.055019923720568686
0.0,SPEA2,normal,0.05000000000000001,4060196048,4000,P03,cluster,0.0,17,3.833577119693341,0.0,31.55462381716113,0.03129946286054428,1.0,0.0,held_out_replay_of_fixed_executed_schedule,7,27735.055936173634,0.4891544256820747,28964.944063826366,512,0.039385456698251275,123201614,9.999999999999995,0.039385456698251275,0.0,True,0.007178950026259454,0.0,screening,False,P03_normal_full_method_full_SPEA2_s00,2882909151,66.68745379988104,0,algorithms,full_method,0.48915442568207473,full,0.039385456698251275
0.0,SPEA2,normal,0.049999999999999996,3272684868,4000,P03,cluster,0.0,17,2.874241926482988,0.0,27.24528812718473,0.03295473954638913,1.0,0.0,held_out_replay_of_fixed_executed_schedule,7,27360.45864197215,0.4825477714633536,29339.54135802785,512,0.036149445230875245,3286126663,13.114046362526386,0.036149445230875245,0.0,True,0.007178950026259454,0.0,screening,False,P03_normal_full_method_full_SPEA2_s01,3819462166,67.07620649971068,1,algorithms,full_method,0.48254777146335365,full,0.036149445230875245
0.0,SPEA2,normal,0.049999999999999996,1989384750,4000,P03,cluster,0.0,17,7.500947571754541,0.0,44.33470207794728,0.04504389746253187,1.0,0.0,held_out_replay_of_fixed_executed_schedule,7,28013.730317110603,0.4940693177620918,28686.269682889397,512,0.0,2404466325,8.96573566469927,0.0,0.0,True,0.007178950026259454,0.0,screening,False,P03_normal_full_method_full_SPEA2_s02,2924272080,68.05321979988366,2,algorithms,full_method,0.4940693177620918,full,0.0
0.0,SPEA2,normal,0.05,379777378,4000,P03,cluster,0.0,17,1.8504690464490008,0.0,23.258216588871964,0.027373841158569324,1.0,0.0,held_out_replay_of_fixed_executed_schedule,7,29543.783831709585,0.5210543885663066,27156.216168290415,512,0.061444401966942556,1492915544,4.680721523731302,0.061444401966942556,0.0,True,0.007178950026259454,0.0,screening,False,P03_normal_full_method_full_SPEA2_s03,1635011324,66.02047969959676,3,algorithms,full_method,0.5210543885663066,full,0.061444401966942556
0.0,SPEA2,normal,0.05,1357363921,4000,P03,cluster,0.0,17,4.218217064502756,0.0,28.608704569801844,0.03149637744023885,1.0,0.0,held_out_replay_of_fixed_executed_schedule,7,27539.25519615547,0.48570114984401186,29160.74480384453,512,0.0563180930497703,2648893410,10.000000000000007,0.0563180930497703,0.0,True,0.007178950026259454,0.0,screening,False,P03_normal_full_method_full_SPEA2_s04,4117655867,66.68842610018328,4,algorithms,full_method,0.48570114984401186,full,0.0563180930497703
0.0,SPEA2,normal,0.05,3858429081,4000,P03,cluster,0.0,17,4.011527725146196,0.0,31.1088866252051,0.03258287049051383,1.0,0.0,held_out_replay_of_fixed_executed_schedule,7,26781.81743724338,0.4723424592106416,29918.18256275662,512,0.04597347284839996,1657173369,12.78048156387999,0.04597347284839996,0.0,True,0.007178950026259454,0.0,screening,False,P03_normal_full_method_full_SPEA2_s05,3807187742,64.02852809987962,5,algorithms,full_method,0.4723424592106416,full,0.04597347284839996
0.0,SPEA2,normal,0.05000000000000002,2949804321,4000,P03,cluster,0.0,17,4.446831772678079,0.0,34.738467385694186,0.042570749314096025,1.0,0.0,held_out_replay_of_fixed_executed_schedule,7,32925.29047791909,0.5806929537551867,23774.709522080913,512,0.0,2359523738,-7.1412036466188615,0.0,0.0,True,0.007178950026259454,0.0,screening,False,P03_normal_full_method_full_SPEA2_s06,1055613486,72.11459010001272,6,algorithms,full_method,0.5267026737809009,full,0.0
0.0,SPEA2,normal,0.05000000000000001,2740852803,4000,P03,cluster,0.0,17,2.3208864623561687,0.0,24.566150467950035,0.026989828083857168,1.0,0.0,held_out_replay_of_fixed_executed_schedule,7,27560.20198458125,0.48607058173864637,29139.79801541875,512,0.06576593135724747,1013433051,10.0,0.06576593135724747,0.0,True,0.007178950026259454,0.0,screening,False,P03_normal_full_method_full_SPEA2_s07,3435654529,64.10540469968691,7,algorithms,full_method,0.48607058173864637,full,0.06576593135724747
0.0,SPEA2,normal,0.04999999999999999,1815214551,4000,P03,cluster,0.0,17,3.034994988955696,0.0,27.475906771376266,0.027824212091789126,1.0,0.0,held_out_replay_of_fixed_executed_schedule,7,27082.308754508045,0.4776421297091366,29617.691245491955,512,0.0,516322722,13.06154058882909,0.0,0.0,True,0.007178950026259454,0.0,screening,False,P03_normal_full_method_full_SPEA2_s08,933781252,64.82813079981133,8,algorithms,full_method,0.4776421297091366,full,0.0
0.0,SPEA2,normal,0.05000000000000001,2599688270,4000,P03,cluster,0.0,17,2.75698229878548,0.0,24.79042641747037,0.031607929993478216,1.0,0.0,held_out_replay_of_fixed_executed_schedule,7,27578.893604116976,0.4864002399315163,29121.106395883024,512,0.055019923720568686,3574013839,10.292983887979423,0.055019923720568686,0.0,True,0.007178950026259454,0.0,screening,False,P03_normal_full_method_full_SPEA2_s09,3474652730,64.62680489988998,9,algorithms,full_method,0.48640023993151627,full,0.055019923720568686
0.05033490867341997,MOABC,matched,0.05000000000000002,1361562152,4000,P04,cluster,0.11328125,16,16.083668654999585,0.07751607036000557,46.13084536453575,0.05099869196519182,18.0,0.0,held_out_replay_of_fixed_executed_schedule,7,86581.89706379527,1.5270175848993874,-29881.897063795273,512,0.12093011582083737,1796953418,-2.1619518489895024,0.12093011582083737,2.115103957611461e-17,False,0.14397224007474893,0.08715133147046501,screening,False,P04_matched_full_method_full_MOABC_s00,2637181580,38.313222900033,0,algorithms,full_method,1.3491091376274988,full,0.12093011582083737
0.0565539484742845,MOABC,matched,0.05000000000000001,211806493,4000,P04,cluster,0.083984375,16,18.277536194915015,0.05891291395125418,44.37606485154907,0.03686785102723665,18.0,0.0,held_out_replay_of_fixed_executed_schedule,7,89067.7265109868,1.570859374091478,-32367.726510986802,512,0.15012309743828445,3770397190,-1.356244229911448,0.15012309743828445,0.0,False,0.11146005775145044,0.061445217287309846,screening,False,P04_matched_full_method_full_MOABC_s01,2490736846,37.85578629979864,1,algorithms,full_method,1.3078320157167709,full,0.15012309743828445
0.0422700311511383,MOABC,matched,0.05000000000000001,821183208,4000,P04,cluster,0.091796875,16,18.140812592934953,0.0682472926249722,48.34976642376478,0.04798047993762231,18.0,0.0,held_out_replay_of_fixed_executed_schedule,7,100686.60572715625,1.7757778787858245,-43986.605727156246,512,0.1373728381707507,933469085,-1.608829222242265,0.1373728381707507,3.738161536263577e-17,False,0.12019942172134977,0.06822891441402182,screening,False,P04_matched_full_method_full_MOABC_s02,3288307128,39.50043369969353,2,algorithms,full_method,1.2926148470171608,full,0.1373728381707507
0.046167678317942114,MOABC,matched,0.049999999999999996,3692707336,4000,P04,cluster,0.09375,16,10.354716931911927,0.072739685463443,38.75484954998668,0.0512081984244946,18.0,0.013214408293477168,held_out_replay_of_fixed_executed_schedule,7,103854.47685008141,1.8316486216945576,-47154.47685008141,512,0.14900825025961215,4164267626,-9.610853883934924,0.14900825025961215,3.549247616674842e-17,False,0.1223756546175132,0.0699336881025476,screening,False,P04_matched_full_method_full_MOABC_s03,2261183824,39.67156339995563,3,algorithms,full_method,1.347602032331356,full,0.14900825025961215
0.034907131262726564,MOABC,matched,0.05,3672366897,4000,P04,cluster,0.126953125,16,10.571074658663528,0.0992711621944717,33.49729574834909,0.03637061604879445,18.0,0.0,held_out_replay_of_fixed_executed_schedule,7,91831.288180387,1.6195994388075308,-35131.288180387,512,0.12327015574919088,188508810,-1.780805597801796,0.12327015574919088,0.0,False,0.15893434685687088,0.09936264416248344,screening,False,P04_matched_full_method_full_MOABC_s04,3546742114,39.09283219976351,4,algorithms,full_method,1.412395852281066,full,0.12327015574919088
0.0789854948790988,MOABC,matched,0.05000000000000001,731520722,4000,P04,cluster,0.099609375,16,12.668594778098,0.12349725471323907,56.327022799585286,0.05336922153555361,18.0,0.036167046683256675,held_out_replay_of_fixed_executed_schedule,7,106207.12228503381,1.8731414865085327,-49507.12228503381,512,0.11771128436853079,2657440289,-1.884559427122615,0.11771128436853079,0.0,False,0.12888518546985142,0.07506768163149095,screening,False,P04_matched_full_method_full_MOABC_s05,1195260430,38.4186920998618,5,algorithms,full_method,1.4732535752058449,full,0.11771128436853079
0.08070509280744315,MOABC,matched,0.05000000000000002,2620787693,4000,P04,cluster,0.08984375,16,11.907782577394947,0.07213271148052153,52.575760680667,0.052016707828496433,18.0,0.0,held_out_replay_of_fixed_executed_schedule,7,92192.745926741,1.6259743549689771,-35492.745926741,512,0.15881217899783925,1013451241,-4.108025064610894,0.15881217899783925,0.0,False,0.11801984492278575,0.06652757606419021,screening,False,P04_matched_full_method_full_MOABC_s06,458743322,36.334480800200254,6,algorithms,full_method,1.3641018985079219,full,0.15881217899783925
0.06867536048718065,MOABC,matched,0.04999999999999999,863799693,4000,P04,cluster,0.15625,16,31.7678045733412,0.09901027506068466,68.1326502158634,0.05326680064443532,18.0,0.0,held_out_replay_of_fixed_executed_schedule,7,96959.90026615137,1.7100511510785072,-40259.900266151366,512,0.10081021318481966,171082638,-3.7105579627054035,0.10081021318481966,3.738161536263577e-17,False,0.19064907525587618,0.12588300503155372,screening,False,P04_matched_full_method_full_MOABC_s07,2859959098,36.305987900123,7,algorithms,full_method,1.4283040919418564,full,0.10081021318481966
0.025668508138373868,MOABC,matched,0.05,2464983429,4000,P04,cluster,0.1328125,16,17.643946855740513,0.0954668065078724,48.932145140510826,0.04758672528368844,18.0,0.0,held_out_replay_of_fixed_executed_schedule,7,101077.1772095403,1.7826662647185239,-44377.1772095403,512,0.13030394767598524,2478259792,-5.262528780559823,0.13030394767598524,2.115103957611461e-17,False,0.1653127982327512,0.10463060264925446,screening,False,P04_matched_full_method_full_MOABC_s08,3249853674,38.36917319986969,8,algorithms,full_method,1.4322769988109558,full,0.13030394767598524
0.025775844539612777,MOABC,matched,0.049999999999999996,3110087328,4000,P04,cluster,0.130859375,16,21.035064617318664,0.11248843481264474,65.35709992476177,0.052759265475415186,18.0,0.007939089626861061,held_out_replay_of_fixed_executed_schedule,7,103313.75668675326,1.8221121108774825,-46613.75668675326,512,0.12373646049490652,2249055519,-2.570726639479855,0.12373646049490652,1.9350951101551666e-17,False,0.16318877549545088,0.1028724496863284,screening,False,P04_matched_full_method_full_MOABC_s09,3361636189,37.42253430001438,9,algorithms,full_method,1.4650098027311829,full,0.12373646049490652
0.1084984084848843,MOEA/D,matched,0.05000000000000002,1361562152,4000,P04,cluster,0.103515625,16,22.86588251994191,0.07956346189156895,69.27941130954196,0.046398434310730166,18.0,0.0,held_out_replay_of_fixed_executed_schedule,7,88738.60261020699,1.565054719756737,-32038.602610206988,512,0.148343386153671,1796953418,-4.70674765107982,0.148343386153671,2.115103957611461e-17,False,0.13320972090574068,0.07850587732859848,screening,False,P04_matched_full_method_full_MOEA-D_s00,2637181580,26.066327100154012,0,algorithms,full_method,1.3642410037752435,full,0.148343386153671
0.08425969888934978,MOEA/D,matched,0.05000000000000001,211806493,4000,P04,cluster,0.078125,16,5.391477550240327,0.05752472522214865,34.69337890204887,0.04162803324703467,18.0,0.0,held_out_replay_of_fixed_executed_schedule,7,87751.1430513908,1.5476392072555696,-31051.143051390798,512,0.18540260968316732,3770397190,0.1419859361343147,0.18540260968316732,0.0,False,0.10486635710025519,0.0563977959958858,screening,False,P04_matched_full_method_full_MOEA-D_s01,2490736846,25.809333700221032,1,algorithms,full_method,1.3066190453811444,full,0.18540260968316732
0.007088896417716325,MOEA/D,matched,0.05000000000000001,821183208,4000,P04,cluster,0.087890625,16,7.074866922238666,0.07113087809240004,39.548639108697,0.048458234923293556,18.0,0.0,held_out_replay_of_fixed_executed_schedule,7,100896.0060953169,1.7794710069720794,-44196.0060953169,512,0.17636874706822905,933469085,-1.8201475609016056,0.17636874706822905,2.115103957611461e-17,False,0.11583682755047449,0.06482977461995097,screening,False,P04_matched_full_method_full_MOEA-D_s02,3288307128,26.071552999783307,2,algorithms,full_method,1.3007557343654665,full,0.17636874706822905
0.031957828881513335,MOEA/D,matched,0.049999999999999996,3692707336,4000,P04,cluster,0.103515625,16,8.206116842480402,0.07040083984996234,40.507892358976406,0.04780484171056256,18.0,0.01848001231129889,held_out_replay_of_fixed_executed_schedule,7,104394.20126190814,1.8411675707567572,-47694.201261908136,512,0.12714410534315293,4164267626,-10.180493782345193,0.12714410534315293,2.115103957611461e-17,False,0.13320972090574068,0.07850587732859848,screening,False,P04_matched_full_method_full_MOEA-D_s03,2261183824,25.61177570000291,3,algorithms,full_method,1.3388781074324219,full,0.12714410534315293
0.04919112806267186,MOEA/D,matched,0.05,3672366897,4000,P04,cluster,0.126953125,16,15.539472963265215,0.0949188242261441,52.68637077391349,0.0424592132194397,18.0,0.0,held_out_replay_of_fixed_executed_schedule,7,91758.45366631183,1.6183148794763993,-35058.453666311834,512,0.11970903957561127,188508810,-1.7000797834874788,0.11970903957561127,0.0,False,0.15893434685687088,0.09936264416248344,screening,False,P04_matched_full_method_full_MOEA-D_s04,3546742114,25.624153000302613,4,algorithms,full_method,1.4107998259403896,full,0.11970903957561127
0.061374253462249874,MOEA/D,matched,0.05000000000000001,731520722,4000,P04,cluster,0.099609375,16,15.693693609632579,0.12556992346085263,61.47905505870029,0.0477380694709234,18.0,0.04262819931130848,held_out_replay_of_fixed_executed_schedule,7,106869.39042940912,1.8848217006950463,-50169.39042940912,512,0.11285649289338472,2657440289,-2.5198736759279865,0.11285649289338472,0.0,False,0.12888518546985142,0.07506768163149095,screening,False,P04_matched_full_method_full_MOEA-D_s05,1195260430,25.489737200085074,5,algorithms,full_method,1.4818375273831157,full,0.11285649289338472
0.0829060926028095,MOEA/D,matched,0.05000000000000002,2620787693,4000,P04,cluster,0.09375,16,9.740002641008719,0.07202796757908572,50.83800199522272,0.03956189373293482,18.0,0.0,held_out_replay_of_fixed_executed_schedule,7,89587.6796954484,1.5800296242583491,-32887.6796954484,512,0.14236640542441412,1013451241,-1.1662719171572826,0.14236640542441412,1.8217949677962628e-17,False,0.1223756546175132,0.0699336881025476,screening,False,P04_matched_full_method_full_MOEA-D_s06,458743322,25.29455119976774,6,algorithms,full_method,1.3536818597302072,full,0.14236640542441412
0.06423256466101918,MOEA/D,matched,0.04999999999999999,863799693,4000,P04,cluster,0.150390625,16,26.661226849664025,0.10090619655650729,67.24851912128278,0.058336851777192986,18.0,0.0,held_out_replay_of_fixed_executed_schedule,7,97825.53579810579,1.7253180916773507,-41125.53579810579,512,0.11637640634783418,171082638,-4.636461803003362,0.11637640634783418,3.738161536263577e-17,False,0.1843398602734746,0.12054465284274261,screening,False,P04_matched_full_method_full_MOEA-D_s07,2859959098,25.955673800315708,7,algorithms,full_method,1.4488760319970149,full,0.11637640634783418
0.05959450843105492,MOEA/D,matched,0.05,2464983429,4000,P04,cluster,0.130859375,16,16.24065985030376,0.092908320462682,64.88185512653901,0.05297977056687229,18.0,0.0,held_out_replay_of_fixed_executed_schedule,7,101445.25502226228,1.7891579369005692,-44745.25502226228,512,0.1425975203736123,2478259792,-5.645847769324342,0.1425975203736123,2.115103957611461e-17,False,0.16318877549545088,0.1028724496863284,screening,False,P04_matched_full_method_full_MOEA-D_s08,3249853674,25.49525080015883,8,algorithms,full_method,1.4386401516838654,full,0.1425975203736123
0.07120528399257414,MOEA/D,matched,0.049999999999999996,3110087328,4000,P04,cluster,0.130859375,16,29.99630617472718,0.11837132962008104,76.7202241591643,0.04662490890669111,18.0,0.013191931271516128,held_out_replay_of_fixed_executed_schedule,7,103852.1729553304,1.831607988630166,-47152.1729553304,512,0.11643305883021406,2249055519,-3.105270631234208,0.11643305883021406,2.115103957611461e-17,False,0.16318877549545088,0.1028724496863284,screening,False,P04_matched_full_method_full_MOEA-D_s09,3361636189,25.90525049995631,9,algorithms,full_method,1.4684727536177489,full,0.11643305883021406
0.052290162039064114,MOPSO,matched,0.05000000000000002,1361562152,4000,P04,cluster,0.109375,16,9.556234101627206,0.07385835625566733,29.51760523972201,0.03924638196786452,18.0,0.0,held_out_replay_of_fixed_executed_schedule,7,86463.17117318104,1.52492365384799,-29763.171173181036,512,0.14434911443786752,1796953418,-2.021861724708406,0.14434911443786752,0.0,False,0.1396752725025087,0.08368492763042859,screening,False,P04_matched_full_method_full_MOPSO_s00,2637181580,25.89550070045516,0,algorithms,full_method,1.33449276465341,full,0.14434911443786752
0.07244232795273917,MOPSO,matched,0.05000000000000001,211806493,4000,P04,cluster,0.078125,16,5.660899721898096,0.05935397603331055,16.968140881161062,0.041737338033082064,18.0,0.0,held_out_replay_of_fixed_executed_schedule,7,88536.15674057679,1.5614842458655518,-31836.156740576786,512,0.17249768087552803,3770397190,-0.7513347123403491,0.17249768087552803,0.0,False,0.10486635710025519,0.0563977959958858,screening,False,P04_matched_full_method_full_MOPSO_s01,2490736846,25.123079599812627,1,algorithms,full_method,1.314471049746532,full,0.17249768087552803
0.03602717618712138,MOPSO,matched,0.05000000000000001,821183208,4000,P04,cluster,0.087890625,16,6.68341592757696,0.06529248484394966,19.346976652222526,0.0413312677450163,18.0,0.0,held_out_replay_of_fixed_executed_schedule,7,99940.42037667774,1.7626176433276497,-43240.420376677735,512,0.15800966877449665,933469085,-0.8558093016942754,0.15800966877449665,0.0,False,0.11583682755047449,0.06482977461995097,screening,False,P04_matched_full_method_full_MOPSO_s02,3288307128,24.712763300165534,2,algorithms,full_method,1.2801073988602043,full,0.15800966877449665
0.02898771893105011,MOPSO,matched,0.049999999999999996,3692707336,4000,P04,cluster,0.107421875,16,9.990775703675501,0.07067513351401314,18.965615948570104,0.047769885724475145,18.0,0.004446152647343328,held_out_replay_of_fixed_executed_schedule,7,102955.73064635269,1.815797718630559,-46255.73064635269,512,0.14404822125896136,4164267626,-8.662292571957426,0.14404822125896136,0.0,False,0.13752283153306127,0.08195577125920168,screening,False,P04_matched_full_method_full_MOPSO_s03,2261183824,24.472320000175387,3,algorithms,full_method,1.3485909201571185,full,0.14404822125896136
0.052597113706448144,MOPSO,matched,0.05,3672366897,4000,P04,cluster,0.103515625,16,11.910562302882276,0.07994697831370887,30.388905462345235,0.04106535186976827,18.0,0.0,held_out_replay_of_fixed_executed_schedule,7,91257.84855081743,1.609485865093782,-34557.848550817434,512,0.14342840173887692,188508810,-1.145236298755847,0.14342840173887692,0.0,False,0.13320972090574068,0.07850587732859848,screening,False,P04_matched_full_method_full_MOPSO_s04,3546742114,24.795748500153422,4,algorithms,full_method,1.3828878688747916,full,0.14342840173887692
0.03738907031339963,MOPSO,matched,0.05000000000000001,731520722,4000,P04,cluster,0.09765625,16,33.56748899198725,0.09226601598667811,34.84919546215839,0.055547152197659336,18.0,0.0,held_out_replay_of_fixed_executed_schedule,7,102048.16082964305,1.7997911962900008,-45348.16082964305,512,0.1032817030419663,2657440289,2.1051349214322252,0.1032817030419663,0.0,False,0.12671845134763224,0.07335316095280342,screening,False,P04_matched_full_method_full_MOPSO_s05,1195260430,25.29848140012473,5,algorithms,full_method,1.4132409911301933,full,0.1032817030419663
0.05726970036904134,MOPSO,matched,0.05000000000000002,2620787693,4000,P04,cluster,0.0859375,16,7.501097311268261,0.06560248652872636,24.39501222265799,0.03432577650109323,18.0,0.0,held_out_replay_of_fixed_executed_schedule,7,89693.16094176917,1.5818899636996326,-32993.160941769165,512,0.14821268727928502,1013451241,-1.2853858900129629,0.14821268727928502,0.0,False,0.11365026768538071,0.06313561727295579,screening,False,P04_matched_full_method_full_MOPSO_s06,458743322,25.966474500019103,6,algorithms,full_method,1.3376786378632382,full,0.14821268727928502
0.03544801588681961,MOPSO,matched,0.04999999999999999,863799693,4000,P04,cluster,0.154296875,16,17.601857603647158,0.08664700914289448,49.40819259040742,0.05132415434802949,18.0,0.0,held_out_replay_of_fixed_executed_schedule,7,97966.95050492643,1.7278121782173972,-41266.950504926426,512,0.10506309494503643,171082638,-4.787722253026954,0.10506309494503643,0.0,False,0.18854773761522484,0.12410179422675843,screening,False,P04_matched_full_method_full_MOPSO_s07,2859959098,25.708432299550623,7,algorithms,full_method,1.4313222451272283,full,0.10506309494503643
0.07035349859263962,MOPSO,matched,0.05,2464983429,4000,P04,cluster,0.138671875,16,19.346913372048714,0.08929903152550178,37.087080029206035,0.043237776441730526,18.0,0.0,held_out_replay_of_fixed_executed_schedule,7,98387.86080755986,1.7352356403449711,-41687.86080755986,512,0.19541693380085684,2478259792,-2.46185455341314,0.19541693380085684,0.0,False,0.17167256345011522,0.10991758273574519,screening,False,P04_matched_full_method_full_MOPSO_s08,3249853674,25.565208499785513,8,algorithms,full_method,1.4032054544919377,full,0.19541693380085684
0.0441454627431863,MOPSO,matched,0.049999999999999996,3110087328,4000,P04,cluster,0.130859375,16,15.767594378788086,0.09813480963782441,42.455471332101496,0.0511895777319473,18.0,0.0,held_out_replay_of_fixed_executed_schedule,7,102122.83673697332,1.801108231692651,-45422.83673697332,512,0.10295108369243311,2249055519,-1.3883717572665375,0.10295108369243311,0.0,False,0.16318877549545088,0.1028724496863284,screening,False,P04_matched_full_method_full_MOPSO_s09,3361636189,25.04230169998482,9,algorithms,full_method,1.4397803013478943,full,0.10295108369243311
0.03171337483129595,NSGA-III,matched,0.05000000000000002,1361562152,4000,P04,cluster,0.11328125,16,8.42035492326363,0.07982422272589773,33.0320989739826,0.04525295344615287,18.0,0.0,held_out_replay_of_fixed_executed_schedule,7,87211.6595278476,1.5381245066639788,-30511.6595278476,512,0.12850346947605062,1796953418,-2.9050374674694206,0.12850346947605062,1.8690807681317883e-17,False,0.14397224007474893,0.08715133147046501,screening,False,P04_matched_full_method_full_NSGA-III_s00,2637181580,37.058855700306594,0,algorithms,full_method,1.3524316497963476,full,0.12850346947605062
0.060903612313052476,NSGA-III,matched,0.05000000000000001,211806493,4000,P04,cluster,0.0703125,16,9.844560250886815,0.05530880486913938,45.5191794944926,0.037669568755474184,18.0,0.0,held_out_replay_of_fixed_executed_schedule,7,89134.14786197017,1.5720308264897738,-32434.147861970167,512,0.1541382642405877,3770397190,-1.4318296179758903,0.1541382642405877,0.0,False,0.0960159290992518,0.04972866865403264,screening,False,P04_matched_full_method_full_NSGA-III_s01,2490736846,36.62341229990125,1,algorithms,full_method,1.2957945151709864,full,0.1541382642405877
0.04375606030249768,NSGA-III,matched,0.05000000000000001,821183208,4000,P04,cluster,0.099609375,16,9.772847181255838,0.06978973523502403,45.04122835799995,0.04292024534723808,18.0,0.0,held_out_replay_of_fixed_executed_schedule,7,101890.13884478893,1.79700421243014,-45190.13884478893,512,0.13767144870774262,933469085,-2.8233859165481268,0.13767144870774262,2.115103957611461e-17,False,0.12888518546985142,0.07506768163149095,screening,False,P04_matched_full_method_full_NSGA-III_s02,3288307128,35.48968459991738,2,algorithms,full_method,1.2964591741570324,full,0.13767144870774262
0.01284870041237733,NSGA-III,matched,0.049999999999999996,3692707336,4000,P04,cluster,0.119140625,16,10.383866552779905,0.07541344615949923,42.11259736120567,0.03940826732913593,18.0,0.015171798241751201,held_out_replay_of_fixed_executed_schedule,7,104055.1093197795,1.8351871132236244,-47355.1093197795,512,0.14177531566031082,4164267626,-9.822606877040805,0.14177531566031082,1.8690807681317883e-17,False,0.1503987708464746,0.09237026401229942,screening,False,P04_matched_full_method_full_NSGA-III_s03,2261183824,35.68846009997651,3,algorithms,full_method,1.3569377522119077,full,0.14177531566031082
0.051746892180577736,NSGA-III,matched,0.05,3672366897,4000,P04,cluster,0.125,16,10.670807055625414,0.10137241115652197,40.25419443910024,0.037344386841083724,18.0,0.0,held_out_replay_of_fixed_executed_schedule,7,92909.11088885198,1.6386086576517105,-36209.11088885198,512,0.11821973754887259,188508810,-2.975405670749488,0.11821973754887259,1.8217949677962628e-17,False,0.15680385865168373,0.0976110768689058,screening,False,P04_matched_full_method_full_NSGA-III_s04,3546742114,36.764496699906886,4,algorithms,full_method,1.4265669296462562,full,0.11821973754887259
0.05515323198551226,NSGA-III,matched,0.05000000000000001,731520722,4000,P04,cluster,0.099609375,16,18.321131273374785,0.12500347115876062,62.154982362885356,0.05214198419268199,18.0,0.043655141548761565,held_out_replay_of_fixed_executed_schedule,7,106974.65200874806,1.8866781659391192,-50274.65200874806,512,0.20051557119204783,2657440289,-2.6208511754102637,0.20051557119204783,1.8690807681317883e-17,False,0.12888518546985142,0.07506768163149095,screening,False,P04_matched_full_method_full_NSGA-III_s05,1195260430,35.494106099940836,5,algorithms,full_method,1.4830258036419557,full,0.20051557119204783
0.0772348275624606,NSGA-III,matched,0.05000000000000002,2620787693,4000,P04,cluster,0.087890625,16,6.7588160204982275,0.07145291985398404,35.8445982183394,0.04780433165040733,18.0,0.0,held_out_replay_of_fixed_executed_schedule,7,91294.07670227965,1.610124809564015,-34594.07670227965,512,0.1453884078802007,1013451241,-3.0932090158584113,0.1453884078802007,1.8690807681317883e-17,False,0.11583682755047449,0.06482977461995097,screening,False,P04_matched_full_method_full_NSGA-III_s06,458743322,35.90844490006566,6,algorithms,full_method,1.368316173142406,full,0.1453884078802007
0.03871650223948676,NSGA-III,matched,0.04999999999999999,863799693,4000,P04,cluster,0.150390625,16,22.050627967006676,0.10243153103518747,68.24671568954207,0.04745872003097309,18.0,0.0,held_out_replay_of_fixed_executed_schedule,7,98753.56097060374,1.74168537867026,-42053.560970603736,512,0.1162272181355992,171082638,-5.629099049731197,0.1162272181355992,1.9350951101551666e-17,False,0.1843398602734746,0.12054465284274261,screening,False,P04_matched_full_method_full_NSGA-III_s07,2859959098,36.98024769965559,7,algorithms,full_method,1.4502367737325204,full,0.1162272181355992
0.05913368711221776,NSGA-III,matched,0.05,2464983429,4000,P04,cluster,0.12890625,16,21.86766205367143,0.09450255935515611,64.6589651991481,0.0430680042920639,18.0,0.0,held_out_replay_of_fixed_executed_schedule,7,102457.52599778086,1.8070110405252355,-45757.52599778086,512,0.12697301174793207,2478259792,-6.700034338794472,0.12697301174793207,2.115103957611461e-17,False,0.1610626384996719,0.10111644958008391,screening,False,P04_matched_full_method_full_NSGA-III_s08,3249853674,37.15528930025175,8,algorithms,full_method,1.4453746596547317,full,0.12697301174793207
0.04961596885611063,NSGA-III,matched,0.049999999999999996,3110087328,4000,P04,cluster,0.13671875,16,19.65092348188118,0.12083593218168524,65.95617794830059,0.04704681258133725,18.0,0.020289465375291183,held_out_replay_of_fixed_executed_schedule,7,104579.67020096735,1.844438627883022,-47879.670200967346,512,0.12063588746147366,2249055519,-3.8275357342199468,0.12063588746147366,3.6435899355925256e-17,False,0.16955465530625868,0.10815320735094226,screening,False,P04_matched_full_method_full_NSGA-III_s09,3361636189,37.21392000000924,9,algorithms,full_method,1.4910886099583096,full,0.12063588746147366
0.09778757453328707,NSGA-II,matched,0.05000000000000002,1361562152,4000,P04,cluster,0.107421875,16,11.373276209982372,0.08125568406625672,42.97152328628543,0.05115217950944464,18.0,0.0,held_out_replay_of_fixed_executed_schedule,7,87458.40213790117,1.5424762281816784,-30758.40213790117,512,0.1597195341960923,1796953418,-3.1961803911317763,0.1597195341960923,1.8690807681317883e-17,False,0.13752283153306127,0.08195577125920168,screening,False,P04_matched_full_method_full_NSGA-II_s00,2637181580,36.25700980005786,0,algorithms,full_method,1.3573874467649985,full,0.1597195341960923
0.07221089493187653,NSGA-II,matched,0.05000000000000001,211806493,4000,P04,cluster,0.076171875,16,4.922043181569961,0.05502744193837037,26.601401865512692,0.0461538091249997,18.0,0.0,held_out_replay_of_fixed_executed_schedule,7,89234.58276421117,1.5738021651536362,-32534.58276421117,512,0.1878779909204846,3770397190,-1.5461213471971433,0.1878779909204846,1.9350951101551666e-17,False,0.10266034114372115,0.05472369803144192,screening,False,P04_matched_full_method_full_NSGA-II_s01,2490736846,38.644781299866736,1,algorithms,full_method,1.300706492818006,full,0.1878779909204846
0.07213442981612984,NSGA-II,matched,0.05000000000000001,821183208,4000,P04,cluster,0.08203125,16,7.674420770099879,0.06649847364057616,42.80545209630958,0.04076845884113465,18.0,0.0,held_out_replay_of_fixed_executed_schedule,7,101372.77683107235,1.7878796619236745,-44672.77683107235,512,0.1287369205981141,933469085,-2.3012852049573933,0.1287369205981141,2.115103957611461e-17,False,0.10926608406412831,0.05975869449431895,screening,False,P04_matched_full_method_full_NSGA-II_s02,3288307128,39.19073359994218,2,algorithms,full_method,1.2895893192476273,full,0.1287369205981141
0.02727494721012857,NSGA-II,matched,0.049999999999999996,3692707336,4000,P04,cluster,0.103515625,16,8.094566476286968,0.06884628461644032,32.650215519565016,0.038905458390638706,18.0,0.00919550964380643,held_out_replay_of_fixed_executed_schedule,7,103442.53973849016,1.8243834169045883,-46742.53973849016,512,0.14137013790497605,4164267626,-9.176084195448803,0.14137013790497605,1.8690807681317883e-17,False,0.13320972090574068,0.07850587732859848,screening,False,P04_matched_full_method_full_NSGA-II_s03,2261183824,37.222681200131774,3,algorithms,full_method,1.3337595356932554,full,0.14137013790497605
0.04792510731508068,NSGA-II,matched,0.05,3672366897,4000,P04,cluster,0.115234375,16,9.641351729530234,0.09458511186557494,38.46886697015449,0.033217692613450464,18.0,0.0,held_out_replay_of_fixed_executed_schedule,7,92780.5673024048,1.636341574998321,-36080.5673024048,512,0.11957317667276572,188508810,-2.8329349503418113,0.11957317667276572,1.8217949677962628e-17,False,0.1461168844607363,0.08888845626727049,screening,False,P04_matched_full_method_full_NSGA-II_s04,3546742114,36.38402950018644,4,algorithms,full_method,1.4194191449749092,full,0.11957317667276572
0.02034133061694873,NSGA-II,matched,0.05000000000000001,731520722,4000,P04,cluster,0.099609375,16,20.06266619000175,0.12582287772318793,64.81002856537876,0.051384410860594434,18.0,0.041687898105197504,held_out_replay_of_fixed_executed_schedule,7,106773.00955578274,1.8831218616540166,-50073.009555782744,512,0.1263935384309727,2657440289,-2.4274154430397004,0.1263935384309727,1.8690807681317883e-17,False,0.12888518546985142,0.07506768163149095,screening,False,P04_matched_full_method_full_NSGA-II_s05,1195260430,35.71614219993353,5,algorithms,full_method,1.4764266700037243,full,0.1263935384309727
0.07851813943958905,NSGA-II,matched,0.05000000000000002,2620787693,4000,P04,cluster,0.080078125,16,16.60091438767932,0.06557372994413524,48.776914258751695,0.045059398859338774,18.0,0.0,held_out_replay_of_fixed_executed_schedule,7,91753.63574746838,1.618229907362758,-35053.635747468375,512,0.15147529190334025,1013451241,-3.6121629109207687,0.15147529190334025,0.0,False,0.1070682263312835,0.05807617584047817,screening,False,P04_matched_full_method_full_NSGA-II_s06,458743322,34.75659570004791,6,algorithms,full_method,1.3388094102209338,full,0.15147529190334025
0.025232125877854682,NSGA-II,matched,0.04999999999999999,863799693,4000,P04,cluster,0.15625,16,24.64062274863464,0.10445738630818842,75.87282850501481,0.04366003293992271,18.0,0.0,held_out_replay_of_fixed_executed_schedule,7,98856.814317696,1.7435064253561905,-42156.814317696,512,0.10963008194158831,171082638,-5.739541224373098,0.10963008194158831,1.8217949677962628e-17,False,0.19064907525587618,0.12588300503155372,screening,False,P04_matched_full_method_full_NSGA-II_s07,2859959098,37.40113289980218,7,algorithms,full_method,1.4592257901478534,full,0.10963008194158831
0.02581240605202052,NSGA-II,matched,0.05,2464983429,4000,P04,cluster,0.130859375,16,26.836354234393426,0.09490126593604951,68.67463105254271,0.04424413312990236,18.0,0.0012858603429838607,held_out_replay_of_fixed_executed_schedule,7,102631.80068515585,1.8100846681685334,-45931.800685155846,512,0.1270182810952247,2478259792,-6.881525302451904,0.1270182810952247,1.8690807681317883e-17,False,0.16318877549545088,0.1028724496863284,screening,False,P04_matched_full_method_full_NSGA-II_s08,3249853674,38.08420300018042,8,algorithms,full_method,1.4478144789322545,full,0.1270182810952247
0.023153360893854818,NSGA-II,matched,0.049999999999999996,3110087328,4000,P04,cluster,0.12890625,16,23.567728374703663,0.11737958032608259,57.099358546691114,0.04530758024349246,18.0,2.9053738386307776e-05,held_out_replay_of_fixed_executed_schedule,7,102502.9780081846,1.8078126632836788,-45802.9780081846,512,0.12224146146183792,2249055519,-1.7657790616201885,0.12224146146183792,2.115103957611461e-17,False,0.1610626384996719,0.10111644958008391,screening,False,P04_matched_full_method_full_NSGA-II_s09,3361636189,36.70217789988965,9,algorithms,full_method,1.4794209734008346,full,0.12224146146183792
0.03693665330695711,SPEA2,matched,0.05000000000000002,1361562152,4000,P04,cluster,0.111328125,16,17.479340353635727,0.07992106970695931,47.35049415890914,0.04367197776409266,18.0,0.0,held_out_replay_of_fixed_executed_schedule,7,86612.34403086134,1.5275545684455263,-29912.344030861335,512,0.12748012022163932,1796953418,-2.1978776220302443,0.12748012022163932,1.8217949677962628e-17,False,0.14182505529905332,0.0854168019240662,screening,False,P04_matched_full_method_full_SPEA2_s00,2637181580,61.625163699965924,0,algorithms,full_method,1.3567338584189321,full,0.12748012022163932
0.048699853020481604,SPEA2,matched,0.05000000000000001,211806493,4000,P04,cluster,0.083984375,16,8.237161303572822,0.05823906818859927,31.523194108968454,0.04115664057095589,18.0,0.0,held_out_replay_of_fixed_executed_schedule,7,85825.26215803745,1.5136730539336412,-29125.262158037454,512,0.17491226524478767,3770397190,2.333577232229236,0.17491226524478767,1.8690807681317883e-17,False,0.11146005775145044,0.061445217287309846,screening,False,P04_matched_full_method_full_SPEA2_s01,2490736846,62.35310949990526,1,algorithms,full_method,1.3006959951609185,full,0.17491226524478767
0.020390050569813585,SPEA2,matched,0.05000000000000001,821183208,4000,P04,cluster,0.08984375,16,10.066246848075314,0.06923950992208926,44.78555563152645,0.046435775985513836,18.0,0.0,held_out_replay_of_fixed_executed_schedule,7,100605.77211060637,1.7743522418096362,-43905.77211060637,512,0.13231304731981455,933469085,-1.5272552226013436,0.13231304731981455,2.115103957611461e-17,False,0.11801984492278575,0.06652757606419021,screening,False,P04_matched_full_method_full_SPEA2_s02,3288307128,60.87940730014816,2,algorithms,full_method,1.2968839466772524,full,0.13231304731981455
0.03141102890310498,SPEA2,matched,0.049999999999999996,3692707336,4000,P04,cluster,0.109375,16,10.317326621203463,0.07857150018316356,34.45406583279507,0.038372898791146005,18.0,0.011096915863191413,held_out_replay_of_fixed_executed_schedule,7,103637.43387597712,1.8278207032800198,-46937.43387597712,512,0.1429868994798011,4164267626,-9.38178079587323,0.1429868994798011,0.0,False,0.1396752725025087,0.08368492763042859,screening,False,P04_matched_full_method_full_SPEA2_s03,2261183824,59.5918578999117,3,algorithms,full_method,1.365240022939651,full,0.1429868994798011
0.05886130728713363,SPEA2,matched,0.05,3672366897,4000,P04,cluster,0.10546875,16,8.64676197142589,0.08898328859558786,38.38116230795442,0.04044544526262756,18.0,0.0,held_out_replay_of_fixed_executed_schedule,7,92717.9396843609,1.6352370314702098,-36017.9396843609,512,0.14304380383516246,188508810,-2.763521904489089,0.14304380383516246,1.8217949677962628e-17,False,0.13536766956040827,0.08022939831656616,screening,False,P04_matched_full_method_full_SPEA2_s04,3546742114,61.69604129996151,4,algorithms,full_method,1.4082064540022157,full,0.14304380383516246
0.08351305259613054,SPEA2,matched,0.05000000000000001,731520722,4000,P04,cluster,0.09765625,16,10.52278804354189,0.12083726579463612,46.0622619599167,0.04887773717825159,18.0,0.0338408859435432,held_out_replay_of_fixed_executed_schedule,7,105968.69080921318,1.8689363458415023,-49268.69080921318,512,0.16649510775588858,2657440289,-1.6558319619122446,0.16649510775588858,2.115103957611461e-17,False,0.12671845134763224,0.07335316095280342,screening,False,P04_matched_full_method_full_SPEA2_s05,1195260430,60.06923570018262,5,algorithms,full_method,1.4631227723628002,full,0.16649510775588858
0.07803247819161653,SPEA2,matched,0.05000000000000002,2620787693,4000,P04,cluster,0.087890625,16,10.728963718086103,0.07039166517559363,50.94286005543095,0.0492647302394579,18.0,0.0,held_out_replay_of_fixed_executed_schedule,7,90708.08649452392,1.5997898852649721,-34008.086494523915,512,0.13850112380314086,1013451241,-2.4314835989245465,0.13850112380314086,0.0,False,0.11583682755047449,0.06482977461995097,screening,False,P04_matched_full_method_full_SPEA2_s06,458743322,60.75376529991627,6,algorithms,full_method,1.347107223963977,full,0.13850112380314086
0.052014970293419865,SPEA2,matched,0.04999999999999999,863799693,4000,P04,cluster,0.16015625,16,14.035060075055716,0.10595896567142508,51.93687434049148,0.04798138466231146,18.0,0.0,held_out_replay_of_fixed_executed_schedule,7,97613.82119229904,1.7215841480123288,-40913.821192299045,512,0.1838193195396171,171082638,-4.410006950669557,0.1838193195396171,1.8217949677962628e-17,False,0.19484667872315029,0.12945057269205582,screening,False,P04_matched_full_method_full_SPEA2_s07,2859959098,61.71983390022069,7,algorithms,full_method,1.456126293002396,full,0.1838193195396171
0.04696686203391586,SPEA2,matched,0.05,2464983429,4000,P04,cluster,0.1328125,16,18.65250612313819,0.09871173766638902,61.16602822956746,0.03833902546856611,18.0,0.0,held_out_replay_of_fixed_executed_schedule,7,101688.84328396394,1.7934540261722036,-44988.84328396394,512,0.12346085821859266,2478259792,-5.8995224080098145,0.12346085821859266,2.115103957611461e-17,False,0.1653127982327512,0.10463060264925446,screening,False,P04_matched_full_method_full_SPEA2_s08,3249853674,61.16898769978434,8,algorithms,full_method,1.4515315268455702,full,0.12346085821859266
0.03293305055965818,SPEA2,matched,0.049999999999999996,3110087328,4000,P04,cluster,0.13671875,16,14.928689700957039,0.11733976616415147,52.67781149413233,0.044785839556710574,18.0,0.014203371453279823,held_out_replay_of_fixed_executed_schedule,7,103955.84557396118,1.8334364298758585,-47255.84557396118,512,0.12184633061785599,2249055519,-3.2081976388912636,0.12184633061785599,0.0,False,0.16955465530625868,0.10815320735094226,screening,False,P04_matched_full_method_full_SPEA2_s09,3361636189,61.77447830000892,9,algorithms,full_method,1.4712157421072591,full,0.12184633061785599
0.0,MOABC,normal,0.049999999999999996,1361562152,4000,P04,cluster,0.0,16,3.692240904864971,0.0,9.160996977371582,0.03004995695726149,1.0,0.0,held_out_replay_of_fixed_executed_schedule,7,13910.252286771887,0.24533072816176169,42789.74771322811,512,0.0693069503307652,1796953418,-9.532594884212012,0.0693069503307652,0.0,True,0.007178950026259454,0.0,screening,False,P04_normal_full_method_full_MOABC_s00,2637181580,33.86897419998422,0,algorithms,full_method,0.2453307281617617,full,0.0693069503307652
0.0,MOABC,normal,0.05,211806493,4000,P04,cluster,0.0,16,3.977009041971951,0.0,4.295463781283145,0.031765442144640554,1.0,0.0,held_out_replay_of_fixed_executed_schedule,7,14962.427299179357,0.26388760668746664,41737.572700820645,512,0.03750705278951205,3770397190,-15.454957066216474,0.03750705278951205,0.0,True,0.007178950026259454,0.0,screening,False,P04_normal_full_method_full_MOABC_s01,2490736846,32.664078899659216,1,algorithms,full_method,0.26388760668746664,full,0.03750705278951205
1.8217949677962628e-17,MOABC,normal,0.05,821183208,4000,P04,cluster,0.0,16,4.142398541313641,0.0,25.496262679225516,0.028982580469908998,1.0,0.0,held_out_replay_of_fixed_executed_schedule,7,11591.410832984973,0.20443405349179847,45108.58916701503,512,1.8217949677962628e-17,933469085,9.107512621052669,1.8217949677962628e-17,1.8217949677962628e-17,True,0.007178950026259454,0.0,screening,False,P04_normal_full_method_full_MOABC_s02,3288307128,32.11199579993263,2,algorithms,full_method,0.2044340534917985,full,0.0
0.0,MOABC,normal,0.04999999999999999,3692707336,4000,P04,cluster,0.0,16,2.4074184734264037,0.0,19.40043546127808,0.021637258038932905,1.0,0.0,held_out_replay_of_fixed_executed_schedule,7,12413.124878618493,0.2189263647022662,44286.875121381505,512,0.03468846908684274,4164267626,0.0,0.03468846908684274,0.0,True,0.007178950026259454,0.0,screening,False,P04_normal_full_method_full_MOABC_s03,2261183824,32.91498490003869,3,algorithms,full_method,0.2189263647022662,full,0.03468846908684274
0.0,MOABC,normal,0.049999999999999996,3672366897,4000,P04,cluster,0.0,16,3.591138425157976,0.0,16.685413956450702,0.029302993611686246,1.0,0.0,held_out_replay_of_fixed_executed_schedule,7,12596.901910094428,0.22216758218861424,44103.09808990557,512,0.003326568305900919,188508810,0.0,0.003326568305900919,0.0,True,0.007178950026259454,0.0,screening,False,P04_normal_full_method_full_MOABC_s04,3546742114,30.66775429993868,4,algorithms,full_method,0.22216758218861427,full,0.003326568305900919
0.0,MOABC,normal,0.05000000000000001,731520722,4000,P04,cluster,0.0,16,2.7813915472561073,0.0,10.386642717132759,0.022868412800709368,1.0,0.0,held_out_replay_of_fixed_executed_schedule,7,12811.92936716939,0.22595995356559773,43888.07063283061,512,0.021085971001259824,2657440289,0.0,0.021085971001259824,0.0,True,0.007178950026259454,0.0,screening,False,P04_normal_full_method_full_MOABC_s05,1195260430,30.477174799889326,5,algorithms,full_method,0.22595995356559773,full,0.021085971001259824
0.0,MOABC,normal,0.05000000000000001,2620787693,4000,P04,cluster,0.0,16,6.3538183038586435,0.0,32.531988424256014,0.030195342220458155,1.0,0.0,held_out_replay_of_fixed_executed_schedule,7,15328.081615540648,0.27033653642928834,41371.91838445935,512,0.014844039101128253,1013451241,-19.980439424763414,0.014844039101128253,0.0,True,0.007178950026259454,0.0,screening,False,P04_normal_full_method_full_MOABC_s06,458743322,31.949128000065684,6,algorithms,full_method,0.27033653642928834,full,0.014844039101128253
0.0,MOABC,normal,0.05,863799693,4000,P04,cluster,0.0,16,2.6421405801399116,0.0,21.924374240621344,0.029931130815623173,1.0,0.0,held_out_replay_of_fixed_executed_schedule,7,11994.574057999649,0.21154451601410315,44705.42594200035,512,0.0,171082638,3.923990973097063,0.0,0.0,True,0.007178950026259454,0.0,screening,False,P04_normal_full_method_full_MOABC_s07,2859959098,32.69003009982407,7,algorithms,full_method,0.21154451601410312,full,0.0
1.8690807681317883e-17,MOABC,normal,0.05,2464983429,4000,P04,cluster,0.0,16,4.123537212782032,0.0,18.069620773821434,0.020225162582862923,1.0,0.0,held_out_replay_of_fixed_executed_schedule,7,12550.228386612576,0.2213444159896398,44149.77161338742,512,1.8690807681317883e-17,2478259792,0.0,1.8690807681317883e-17,1.8690807681317883e-17,True,0.007178950026259454,0.0,screening,False,P04_normal_full_method_full_MOABC_s08,3249853674,34.18651970010251,8,algorithms,full_method,0.22134441598963978,full,0.0
0.0,MOABC,normal,0.05000000000000001,3110087328,4000,P04,cluster,0.0,16,3.3563774011369154,0.0,25.396003600882985,0.032569303102952654,1.0,0.0,held_out_replay_of_fixed_executed_schedule,7,15000.0,0.26455026455026454,41700.0,512,0.022320856069247132,2249055519,-18.42441001911154,0.022320856069247132,0.0,True,0.007178950026259454,0.0,screening,False,P04_normal_full_method_full_MOABC_s09,3361636189,35.1951419999823,9,algorithms,full_method,0.26455026455026454,full,0.022320856069247132
0.0,MOEA/D,normal,0.049999999999999996,1361562152,4000,P04,cluster,0.0,16,3.1006147414632625,0.0,16.790188846420506,0.03311691111894059,1.0,0.0,held_out_replay_of_fixed_executed_schedule,7,12699.646439926446,0.22397965502515776,44000.353560073556,512,0.05035644346819942,1796953418,0.0,0.05035644346819942,0.0,True,0.007178950026259454,0.0,screening,False,P04_normal_full_method_full_MOEA-D_s00,2637181580,27.413101899903268,0,algorithms,full_method,0.22397965502515776,full,0.05035644346819942
1.8690807681317883e-17,MOEA/D,normal,0.05,211806493,4000,P04,cluster,0.0,16,3.8297584320233895,0.0,43.16411817212389,0.042299898382771116,1.0,0.0,held_out_replay_of_fixed_executed_schedule,7,12959.536497508729,0.2285632539243162,43740.46350249127,512,0.011529059638071673,3770397190,0.0,0.011529059638071673,1.8690807681317883e-17,True,0.007178950026259454,0.0,screening,False,P04_normal_full_method_full_MOEA-D_s01,2490736846,27.335208000149578,1,algorithms,full_method,0.22856325392431623,full,0.011529059638071673
2.115103957611461e-17,MOEA/D,normal,0.05,821183208,4000,P04,cluster,0.0,16,3.5331683135587335,0.0,40.57324381040795,0.04092962104937585,1.0,0.0,held_out_replay_of_fixed_executed_schedule,7,12752.881087584577,0.22491853769990436,43947.11891241542,512,0.02731089279412158,933469085,0.0,0.02731089279412158,2.115103957611461e-17,True,0.007178950026259454,0.0,screening,False,P04_normal_full_method_full_MOEA-D_s02,3288307128,27.328235399909317,2,algorithms,full_method,0.2249185376999044,full,0.02731089279412158
0.0,MOEA/D,normal,0.04999999999999999,3692707336,4000,P04,cluster,0.0,16,2.3077654419735296,0.0,20.430655212740433,0.025536909275392573,1.0,0.0,held_out_replay_of_fixed_executed_schedule,7,12413.124878618493,0.2189263647022662,44286.875121381505,512,0.03626865594163507,4164267626,0.0,0.03626865594163507,0.0,True,0.007178950026259454,0.0,screening,False,P04_normal_full_method_full_MOEA-D_s03,2261183824,27.753078900277615,3,algorithms,full_method,0.2189263647022662,full,0.03626865594163507
0.0,MOEA/D,normal,0.049999999999999996,3672366897,4000,P04,cluster,0.0,16,3.20638276508061,0.0,28.202137672140584,0.025871047990342438,1.0,0.0,held_out_replay_of_fixed_executed_schedule,7,12596.901910094428,0.22216758218861424,44103.09808990557,512,0.0064005581897523195,188508810,0.0,0.0064005581897523195,0.0,True,0.007178950026259454,0.0,screening,False,P04_normal_full_method_full_MOEA-D_s04,3546742114,27.266657800413668,4,algorithms,full_method,0.22216758218861427,full,0.0064005581897523195
0.0,MOEA/D,normal,0.05000000000000001,731520722,4000,P04,cluster,0.0,16,2.6728154659767505,0.0,26.295756439894014,0.02859224704983817,1.0,0.0,held_out_replay_of_fixed_executed_schedule,7,12811.92936716939,0.22595995356559773,43888.07063283061,512,0.016224029070410734,2657440289,0.0,0.016224029070410734,0.0,True,0.007178950026259454,0.0,screening,False,P04_normal_full_method_full_MOEA-D_s05,1195260430,27.429685099981725,5,algorithms,full_method,0.22595995356559773,full,0.016224029070410734
0.0,MOEA/D,normal,0.05000000000000001,2620787693,4000,P04,cluster,0.0,16,6.243559780850365,0.0,45.627676306640225,0.0403163908358268,1.0,0.0,held_out_replay_of_fixed_executed_schedule,7,12775.483811386177,0.22531717480398902,43924.51618861382,512,0.01037821564997295,1013451241,0.0,0.01037821564997295,0.0,True,0.007178950026259454,0.0,screening,False,P04_normal_full_method_full_MOEA-D_s06,458743322,23.179370699916035,6,algorithms,full_method,0.225317174803989,full,0.01037821564997295
0.0,MOEA/D,normal,0.05,863799693,4000,P04,cluster,0.0,16,3.6436451878999954,0.0,36.81735452218891,0.03241060617566323,1.0,0.0,held_out_replay_of_fixed_executed_schedule,7,11994.574057999649,0.21154451601410315,44705.42594200035,512,0.0,171082638,3.923990973097063,0.0,0.0,True,0.007178950026259454,0.0,screening,False,P04_normal_full_method_full_MOEA-D_s07,2859959098,27.862682800274342,7,algorithms,full_method,0.21154451601410312,full,0.0
0.0,MOEA/D,normal,0.05,2464983429,4000,P04,cluster,0.0,16,3.631078736410664,0.0,22.788640139652806,0.026835053827909995,1.0,0.0,held_out_replay_of_fixed_executed_schedule,7,12550.228386612576,0.2213444159896398,44149.77161338742,512,0.0,2478259792,0.0,0.0,0.0,True,0.007178950026259454,0.0,screening,False,P04_normal_full_method_full_MOEA-D_s08,3249853674,26.701844700146466,8,algorithms,full_method,0.22134441598963978,full,0.0
0.0,MOEA/D,normal,0.05000000000000001,3110087328,4000,P04,cluster,0.0,16,3.8683857598248386,0.0,41.77049143980988,0.03446597719782515,1.0,0.0,held_out_replay_of_fixed_executed_schedule,7,13591.872645039362,0.23971556693191115,43108.12735496064,512,0.021104131984777712,2249055519,-7.307299936245835,0.021104131984777712,0.0,True,0.007178950026259454,0.0,screening,False,P04_normal_full_method_full_MOEA-D_s09,3361636189,27.567040000110865,9,algorithms,full_method,0.23971556693191118,full,0.021104131984777712
0.0,MOPSO,normal,0.049999999999999996,1361562152,4000,P04,cluster,0.0,16,2.960587843164488,0.0,3.8980532847383946,0.03418536177448987,1.0,0.0,held_out_replay_of_fixed_executed_schedule,7,11052.961211005899,0.19493758749569487,45647.038788994105,512,0.061041402781931285,1796953418,12.966386400675928,0.061041402781931285,0.0,True,0.007178950026259454,0.0,screening,False,P04_normal_full_method_full_MOPSO_s00,2637181580,27.708746599964797,0,algorithms,full_method,0.19493758749569487,full,0.061041402781931285
0.0,MOPSO,normal,0.05,211806493,4000,P04,cluster,0.0,16,3.7876510594070427,0.0,4.1040212341851525,0.015492490367919304,1.0,0.0,held_out_replay_of_fixed_executed_schedule,7,5851.560179704191,0.10320211957150248,50848.43982029581,512,0.00451407053628804,3770397190,54.847457848287526,0.00451407053628804,0.0,True,0.007178950026259454,0.0,screening,False,P04_normal_full_method_full_MOPSO_s01,2490736846,27.10296420007944,1,algorithms,full_method,0.10320211957150247,full,0.00451407053628804
0.0,MOPSO,normal,0.05,821183208,4000,P04,cluster,0.0,16,3.2795272180558688,0.0,3.6932905970796464,0.035478305767995134,1.0,0.0,held_out_replay_of_fixed_executed_schedule,7,11508.570053053512,0.20297301680870392,45191.42994694649,512,0.044421834091236546,933469085,9.75709744320011,0.044421834091236546,0.0,True,0.007178950026259454,0.0,screening,False,P04_normal_full_method_full_MOPSO_s02,3288307128,27.61449410021305,2,algorithms,full_method,0.20297301680870392,full,0.044421834091236546
0.0,MOPSO,normal,0.04999999999999999,3692707336,4000,P04,cluster,0.0,16,2.3078187531465324,0.0,2.721639041209296,0.014956466248098307,1.0,0.0,held_out_replay_of_fixed_executed_schedule,7,8041.677087506393,0.14182852006184116,48658.322912493604,512,0.03659136127252328,4164267626,35.216336207507936,0.03659136127252328,0.0,True,0.007178950026259454,0.0,screening,False,P04_normal_full_method_full_MOPSO_s03,2261183824,27.34650079999119,3,algorithms,full_method,0.14182852006184116,full,0.03659136127252328
0.0,MOPSO,normal,0.049999999999999996,3672366897,4000,P04,cluster,0.0,16,3.984239312668663,0.0,4.145637179431798,0.034404198950139846,1.0,0.0,held_out_replay_of_fixed_executed_schedule,7,14020.244011203169,0.24727061748153736,42679.75598879683,512,0.019298191999321347,188508810,-11.29914411707975,0.019298191999321347,0.0,True,0.007178950026259454,0.0,screening,False,P04_normal_full_method_full_MOPSO_s04,3546742114,27.622481499798596,4,algorithms,full_method,0.24727061748153736,full,0.019298191999321347
0.0,MOPSO,normal,0.05000000000000001,731520722,4000,P04,cluster,0.0,16,2.5936731106181696,0.0,3.0937839439010544,0.02076355714329775,1.0,0.0,held_out_replay_of_fixed_executed_schedule,7,6089.35586006858,0.10739604691478977,50610.64413993142,512,0.017600770489084754,2657440289,52.47120331717896,0.017600770489084754,0.0,True,0.007178950026259454,0.0,screening,False,P04_normal_full_method_full_MOPSO_s05,1195260430,27.231100600212812,5,algorithms,full_method,0.10739604691478977,full,0.017600770489084754
0.0,MOPSO,normal,0.05000000000000001,2620787693,4000,P04,cluster,0.0,16,5.621176873213276,0.0,5.680298946206791,0.026880664554894313,1.0,0.0,held_out_replay_of_fixed_executed_schedule,7,8986.874067648721,0.1584986608050921,47713.12593235128,512,0.0,1013451241,29.655313252096562,0.0,0.0,True,0.007178950026259454,0.0,screening,False,P04_normal_full_method_full_MOPSO_s06,458743322,26.038389099761844,6,algorithms,full_method,0.15849866080509206,full,0.0
0.0,MOPSO,normal,0.05,863799693,4000,P04,cluster,0.0,16,2.5359545608692065,0.0,2.984385432884708,0.024244473006847893,1.0,0.0,held_out_replay_of_fixed_executed_schedule,7,8210.189368052132,0.14480051795506405,48489.81063194787,512,0.0,171082638,34.23674537975977,0.0,0.0,True,0.007178950026259454,0.0,screening,False,P04_normal_full_method_full_MOPSO_s07,2859959098,26.2246793997474,7,algorithms,full_method,0.14480051795506405,full,0.0
0.0,MOPSO,normal,0.05,2464983429,4000,P04,cluster,0.0,16,3.277815197348035,0.0,3.6046898710330324,0.03406898731478126,1.0,0.0,held_out_replay_of_fixed_executed_schedule,7,6873.128453415714,0.12121919670927185,49826.87154658428,512,0.0,2478259792,45.23503284810871,0.0,0.0,True,0.007178950026259454,0.0,screening,False,P04_normal_full_method_full_MOPSO_s08,3249853674,27.73360660020262,8,algorithms,full_method,0.12121919670927185,full,0.0
0.0,MOPSO,normal,0.05000000000000001,3110087328,4000,P04,cluster,0.0,16,3.080008607359816,0.0,3.467205564048017,0.02222240773143246,1.0,0.0,held_out_replay_of_fixed_executed_schedule,7,5709.078105776566,0.10068920821475426,50990.92189422344,512,0.021820188845600212,2249055519,54.92705290469222,0.021820188845600212,0.0,True,0.007178950026259454,0.0,screening,False,P04_normal_full_method_full_MOPSO_s09,3361636189,27.102751499973238,9,algorithms,full_method,0.10068920821475426,full,0.021820188845600212
1.8690807681317883e-17,NSGA-III,normal,0.049999999999999996,1361562152,4000,P04,cluster,0.0,16,4.275106940678215,0.0,36.17806174810795,0.0418755625296971,1.0,0.0,held_out_replay_of_fixed_executed_schedule,7,14086.151410685996,0.24843300547947084,42613.848589314,512,0.041223687590913646,1796953418,-10.917665915489694,0.041223687590913646,1.8690807681317883e-17,False,0.007178950026259454,0.0,screening,False,P04_normal_full_method_full_NSGA-III_s00,2637181580,39.311620300170034,0,algorithms,full_method,0.24843300547947084,full,0.041223687590913646
1.8690807681317883e-17,NSGA-III,normal,0.05,211806493,4000,P04,cluster,0.0,16,3.805821942042721,0.0,34.10544479248213,0.02605485661184558,1.0,0.0,held_out_replay_of_fixed_executed_schedule,7,10757.51350631474,0.18972686959990726,45942.48649368526,512,0.010542465939388802,3770397190,16.991525828236934,0.010542465939388802,1.8690807681317883e-17,False,0.007178950026259454,0.0,screening,False,P04_normal_full_method_full_NSGA-III_s01,2490736846,38.5656288000755,1,algorithms,full_method,0.18972686959990726,full,0.010542465939388802
2.115103957611461e-17,NSGA-III,normal,0.05,821183208,4000,P04,cluster,0.0,16,3.9012655371947536,0.0,35.478135871372885,0.029160423582416432,1.0,0.0,held_out_replay_of_fixed_executed_schedule,7,12752.881087584577,0.22491853769990436,43947.11891241542,512,0.009597679306774843,933469085,0.0,0.009597679306774843,2.115103957611461e-17,True,0.007178950026259454,0.0,screening,False,P04_normal_full_method_full_NSGA-III_s02,3288307128,35.31770659983158,2,algorithms,full_method,0.2249185376999044,full,0.009597679306774843
0.0,NSGA-III,normal,0.04999999999999999,3692707336,4000,P04,cluster,0.0,16,2.413062988006438,0.0,19.445635685420562,0.025288899823187584,1.0,0.0,held_out_replay_of_fixed_executed_schedule,7,12116.868497890866,0.21370138444251968,44583.131502109136,512,0.03721416754474757,4164267626,2.386638204517918,0.03721416754474757,0.0,True,0.007178950026259454,0.0,screening,False,P04_normal_full_method_full_NSGA-III_s03,2261183824,36.647432200144976,3,algorithms,full_method,0.21370138444251968,full,0.03721416754474757
0.0,NSGA-III,normal,0.049999999999999996,3672366897,4000,P04,cluster,0.0,16,3.3441384098329037,0.0,36.02088563712708,0.030797876502460363,1.0,0.0,held_out_replay_of_fixed_executed_schedule,7,13344.875387513343,0.23535935427713126,43355.12461248666,512,0.0017205436350751127,188508810,-5.937757416524233,0.0017205436350751127,0.0,True,0.007178950026259454,0.0,screening,False,P04_normal_full_method_full_NSGA-III_s04,3546742114,36.547552899923176,4,algorithms,full_method,0.23535935427713123,full,0.0017205436350751127
0.0,NSGA-III,normal,0.05000000000000001,731520722,4000,P04,cluster,0.0,16,3.2628443155758777,0.0,29.447736594609573,0.025122717669589595,1.0,0.0,held_out_replay_of_fixed_executed_schedule,7,13963.59723587397,0.24627155618825342,42736.40276412603,512,0.0,2657440289,-8.989027614027684,0.0,0.0,True,0.007178950026259454,0.0,screening,False,P04_normal_full_method_full_NSGA-III_s05,1195260430,38.06416889978573,5,algorithms,full_method,0.24627155618825344,full,0.0
1.8217949677962628e-17,NSGA-III,normal,0.05000000000000001,2620787693,4000,P04,cluster,0.0,16,2.6882495086430485,0.0,24.281248072882008,0.023582108327997904,1.0,0.0,held_out_replay_of_fixed_executed_schedule,7,12775.483811386177,0.22531717480398902,43924.51618861382,512,0.041595565634241716,1013451241,0.0,0.041595565634241716,1.8217949677962628e-17,False,0.007178950026259454,0.0,screening,False,P04_normal_full_method_full_NSGA-III_s06,458743322,38.8227095999755,6,algorithms,full_method,0.225317174803989,full,0.041595565634241716
0.0,NSGA-III,normal,0.05,863799693,4000,P04,cluster,0.0,16,2.6051330677193816,0.0,29.862517417894196,0.02836697546067486,1.0,0.0,held_out_replay_of_fixed_executed_schedule,7,12394.639505580044,0.21860034401375739,44305.360494419954,512,0.0033564440768825213,171082638,0.719484388100736,0.0033564440768825213,0.0,True,0.007178950026259454,0.0,screening,False,P04_normal_full_method_full_NSGA-III_s07,2859959098,36.91342999972403,7,algorithms,full_method,0.2186003440137574,full,0.0033564440768825213
0.0,NSGA-III,normal,0.05,2464983429,4000,P04,cluster,0.0,16,3.782158791669235,0.0,27.482600198598448,0.023424505547794443,1.0,0.0,held_out_replay_of_fixed_executed_schedule,7,12550.228386612576,0.2213444159896398,44149.77161338742,512,0.0,2478259792,0.0,0.0,0.0,True,0.007178950026259454,0.0,screening,False,P04_normal_full_method_full_NSGA-III_s08,3249853674,38.01570300012827,8,algorithms,full_method,0.22134441598963978,full,0.0
0.0,NSGA-III,normal,0.05000000000000001,3110087328,4000,P04,cluster,0.0,16,3.624966820587933,0.0,28.513219284100153,0.027207419639082363,1.0,0.0,held_out_replay_of_fixed_executed_schedule,7,13591.872645039362,0.23971556693191115,43108.12735496064,512,0.003823229184724059,2249055519,-7.307299936245835,0.003823229184724059,0.0,True,0.007178950026259454,0.0,screening,False,P04_normal_full_method_full_NSGA-III_s09,3361636189,36.70013239979744,9,algorithms,full_method,0.23971556693191118,full,0.003823229184724059
0.0,NSGA-II,normal,0.049999999999999996,1361562152,4000,P04,cluster,0.0,16,3.0933951937859625,0.0,18.269380270139614,0.026632115538718193,1.0,0.0,held_out_replay_of_fixed_executed_schedule,7,14086.151410685996,0.24843300547947084,42613.848589314,512,0.049508029028373056,1796953418,-10.917665915489694,0.049508029028373056,0.0,True,0.007178950026259454,0.0,screening,False,P04_normal_full_method_full_NSGA-II_s00,2637181580,35.163833499886096,0,algorithms,full_method,0.24843300547947084,full,0.049508029028373056
0.003242276644432998,NSGA-II,normal,0.05,211806493,4000,P04,cluster,0.0,16,1.5675297712229797,0.0,10.67163387714341,0.016930126830489108,1.0,0.0,held_out_replay_of_fixed_executed_schedule,7,12959.536497508729,0.2285632539243162,43740.46350249127,512,0.046975022270483245,3770397190,0.0,0.046975022270483245,0.0,False,0.007178950026259454,0.0,screening,False,P04_normal_full_method_full_NSGA-II_s01,2490736846,39.31846769992262,1,algorithms,full_method,0.22856325392431623,full,0.046975022270483245
2.115103957611461e-17,NSGA-II,normal,0.05,821183208,4000,P04,cluster,0.0,16,3.884327087699507,0.0,42.64881238525069,0.03480595069400564,1.0,0.0,held_out_replay_of_fixed_executed_schedule,7,12752.881087584577,0.22491853769990436,43947.11891241542,512,0.005124076176246296,933469085,0.0,0.005124076176246296,2.115103957611461e-17,True,0.007178950026259454,0.0,screening,False,P04_normal_full_method_full_NSGA-II_s02,3288307128,38.17757790023461,2,algorithms,full_method,0.2249185376999044,full,0.005124076176246296
0.0,NSGA-II,normal,0.04999999999999999,3692707336,4000,P04,cluster,0.0,16,2.338564248270038,0.0,22.67367853966143,0.020372923528465585,1.0,0.0,held_out_replay_of_fixed_executed_schedule,7,12116.868497890866,0.21370138444251968,44583.131502109136,512,0.03468846908684274,4164267626,2.386638204517918,0.03468846908684274,0.0,True,0.007178950026259454,0.0,screening,False,P04_normal_full_method_full_NSGA-II_s03,2261183824,36.57435279991478,3,algorithms,full_method,0.21370138444251968,full,0.03468846908684274
0.0,NSGA-II,normal,0.049999999999999996,3672366897,4000,P04,cluster,0.0,16,3.2352995664731363,0.0,30.295018145319744,0.02509369260587254,1.0,0.0,held_out_replay_of_fixed_executed_schedule,7,13344.875387513343,0.23535935427713126,43355.12461248666,512,0.014963256808594167,188508810,-5.937757416524233,0.014963256808594167,0.0,True,0.007178950026259454,0.0,screening,False,P04_normal_full_method_full_NSGA-II_s04,3546742114,35.44645560020581,4,algorithms,full_method,0.23535935427713123,full,0.014963256808594167
1.8690807681317883e-17,NSGA-II,normal,0.05000000000000001,731520722,4000,P04,cluster,0.0,16,3.309190613871822,0.0,25.732341824623425,0.023326264937777858,1.0,0.0,held_out_replay_of_fixed_executed_schedule,7,12811.92936716939,0.22595995356559773,43888.07063283061,512,0.003964359067874714,2657440289,0.0,0.003964359067874714,1.8690807681317883e-17,True,0.007178950026259454,0.0,screening,False,P04_normal_full_method_full_NSGA-II_s05,1195260430,36.378269399981946,5,algorithms,full_method,0.22595995356559773,full,0.003964359067874714
2.115103957611461e-17,NSGA-II,normal,0.05000000000000001,2620787693,4000,P04,cluster,0.0,16,2.302989182546453,0.0,24.7673849066779,0.028349621552289435,1.0,0.0,held_out_replay_of_fixed_executed_schedule,7,12775.483811386177,0.22531717480398902,43924.51618861382,512,0.043298645533615,1013451241,0.0,0.043298645533615,2.115103957611461e-17,False,0.007178950026259454,0.0,screening,False,P04_normal_full_method_full_NSGA-II_s06,458743322,38.983655999880284,6,algorithms,full_method,0.225317174803989,full,0.043298645533615
0.0,NSGA-II,normal,0.05,863799693,4000,P04,cluster,0.0,16,2.5317972831984847,0.0,24.324701835170643,0.02442681868575274,1.0,0.0,held_out_replay_of_fixed_executed_schedule,7,11994.574057999649,0.21154451601410315,44705.42594200035,512,0.0,171082638,3.923990973097063,0.0,0.0,True,0.007178950026259454,0.0,screening,False,P04_normal_full_method_full_NSGA-II_s07,2859959098,34.339124999940395,7,algorithms,full_method,0.21154451601410312,full,0.0
2.115103957611461e-17,NSGA-II,normal,0.05,2464983429,4000,P04,cluster,0.0,16,3.536661627696614,0.0,28.99252151433086,0.024363325393390763,1.0,0.0,held_out_replay_of_fixed_executed_schedule,7,12550.228386612576,0.2213444159896398,44149.77161338742,512,2.115103957611461e-17,2478259792,0.0,2.115103957611461e-17,2.115103957611461e-17,True,0.007178950026259454,0.0,screening,False,P04_normal_full_method_full_NSGA-II_s08,3249853674,34.76680100010708,8,algorithms,full_method,0.22134441598963978,full,0.0
0.0,NSGA-II,normal,0.05000000000000001,3110087328,4000,P04,cluster,0.0,16,3.309224901210133,0.0,19.144208230277695,0.02803544893285152,1.0,0.0,held_out_replay_of_fixed_executed_schedule,7,11890.989557733046,0.20971762888418072,44809.010442266954,512,0.029897105681775157,2249055519,6.121105138803196,0.029897105681775157,0.0,True,0.007178950026259454,0.0,screening,False,P04_normal_full_method_full_NSGA-II_s09,3361636189,34.94242569990456,9,algorithms,full_method,0.20971762888418072,full,0.029897105681775157
0.0,SPEA2,normal,0.049999999999999996,1361562152,4000,P04,cluster,0.0,16,3.0872403403141546,0.0,25.150722365521425,0.026790417040813898,1.0,0.0,held_out_replay_of_fixed_executed_schedule,7,11409.627157520226,0.20122799219612392,45290.372842479774,512,0.054935915846010853,1796953418,10.157914934942797,0.054935915846010853,0.0,True,0.007178950026259454,0.0,screening,False,P04_normal_full_method_full_SPEA2_s00,2637181580,63.632738899905235,0,algorithms,full_method,0.20122799219612392,full,0.054935915846010853
1.8690807681317883e-17,SPEA2,normal,0.05,211806493,4000,P04,cluster,0.0,16,6.070594376512934,0.0,45.583540748588206,0.035004203982737764,1.0,0.0,held_out_replay_of_fixed_executed_schedule,7,12959.536497508729,0.2285632539243162,43740.46350249127,512,0.023473562493317095,3770397190,0.0,0.023473562493317095,1.8690807681317883e-17,True,0.007178950026259454,0.0,screening,False,P04_normal_full_method_full_SPEA2_s01,2490736846,66.05586530035362,1,algorithms,full_method,0.22856325392431623,full,0.023473562493317095
0.0,SPEA2,normal,0.05,821183208,4000,P04,cluster,0.0,16,7.7022489760817106,0.0,46.93340311241299,0.033279471727296325,1.0,0.0,held_out_replay_of_fixed_executed_schedule,7,12752.881087584577,0.22491853769990436,43947.11891241542,512,0.027795746717127007,933469085,0.0,0.027795746717127007,0.0,False,0.007178950026259454,0.0,screening,False,P04_normal_full_method_full_SPEA2_s02,3288307128,67.91220030002296,2,algorithms,full_method,0.2249185376999044,full,0.027795746717127007
0.0,SPEA2,normal,0.04999999999999999,3692707336,4000,P04,cluster,0.0,16,2.504242929238501,0.0,23.83702115480674,0.021456652636830893,1.0,0.0,held_out_replay_of_fixed_executed_schedule,7,12413.124878618493,0.2189263647022662,44286.875121381505,512,0.03468846908684274,4164267626,0.0,0.03468846908684274,0.0,True,0.007178950026259454,0.0,screening,False,P04_normal_full_method_full_SPEA2_s03,2261183824,64.02269960008562,3,algorithms,full_method,0.2189263647022662,full,0.03468846908684274
0.0,SPEA2,normal,0.049999999999999996,3672366897,4000,P04,cluster,0.0,16,3.3436485447986266,0.0,36.24512672899217,0.030648794704666894,1.0,0.0,held_out_replay_of_fixed_executed_schedule,7,13344.875387513343,0.23535935427713126,43355.12461248666,512,0.007284391332796328,188508810,-5.937757416524233,0.007284391332796328,0.0,True,0.007178950026259454,0.0,screening,False,P04_normal_full_method_full_SPEA2_s04,3546742114,66.77218579966575,4,algorithms,full_method,0.23535935427713123,full,0.007284391332796328
2.115103957611461e-17,SPEA2,normal,0.05000000000000001,731520722,4000,P04,cluster,0.0,16,3.890921023579997,0.0,40.084528654390525,0.03911818338723947,1.0,0.0,held_out_replay_of_fixed_executed_schedule,7,13963.59723587397,0.24627155618825342,42736.40276412603,512,2.115103957611461e-17,2657440289,-8.989027614027684,2.115103957611461e-17,2.115103957611461e-17,True,0.007178950026259454,0.0,screening,False,P04_normal_full_method_full_SPEA2_s05,1195260430,68.5515453000553,5,algorithms,full_method,0.24627155618825344,full,0.0
0.0,SPEA2,normal,0.05000000000000001,2620787693,4000,P04,cluster,0.0,16,15.162024668714974,0.0,59.61147067132043,0.0389264408301607,1.0,0.0,held_out_replay_of_fixed_executed_schedule,7,12775.483811386177,0.22531717480398902,43924.51618861382,512,0.015024202014688702,1013451241,0.0,0.015024202014688702,0.0,False,0.007178950026259454,0.0,screening,False,P04_normal_full_method_full_SPEA2_s06,458743322,68.66875960025936,6,algorithms,full_method,0.225317174803989,full,0.015024202014688702
0.0,SPEA2,normal,0.05,863799693,4000,P04,cluster,0.0,16,2.5295333926055568,0.0,21.663985569189727,0.024800456436452734,1.0,0.0,held_out_replay_of_fixed_executed_schedule,7,12484.463269744023,0.22018453738525615,44215.536730255975,512,0.0032542762750132925,171082638,0.0,0.0032542762750132925,0.0,True,0.007178950026259454,0.0,screening,False,P04_normal_full_method_full_SPEA2_s07,2859959098,63.21546669956297,7,algorithms,full_method,0.22018453738525615,full,0.0032542762750132925
0.0,SPEA2,normal,0.05,2464983429,4000,P04,cluster,0.0,16,4.309544149497414,0.0,30.177366340708648,0.040501836030679084,1.0,0.0,held_out_replay_of_fixed_executed_schedule,7,11811.910615610535,0.20832293854692302,44888.08938438947,512,0.0,2478259792,5.882903069633459,0.0,0.0,True,0.007178950026259454,0.0,screening,False,P04_normal_full_method_full_SPEA2_s08,3249853674,66.92750719981268,8,algorithms,full_method,0.20832293854692305,full,0.0
0.0,SPEA2,normal,0.05000000000000001,3110087328,4000,P04,cluster,0.0,16,3.181885709692027,0.0,40.96269812194856,0.0350005925016188,1.0,0.0,held_out_replay_of_fixed_executed_schedule,7,11993.157810070652,0.21151953809648416,44706.842189929346,512,0.025803020500695554,2249055519,5.31449080508555,0.025803020500695554,0.0,True,0.007178950026259454,0.0,screening,False,P04_normal_full_method_full_SPEA2_s09,3361636189,66.81167050031945,9,algorithms,full_method,0.21151953809648413,full,0.025803020500695554
0.0,MOABC,matched,0.05,365222106,4000,P05,independent,0.01953125,7,2.118982860673431,0.024336995441046092,13.903936650021393,0.05887487822760311,18.25,0.0,held_out_replay_of_fixed_executed_schedule,7,83999.30737696955,1.4814692659077522,-27299.307376969547,512,0.0,3140760178,-1.3917331784691787,0.0,0.0,False,0.035624636181676994,0.009404755122447006,screening,False,P05_matched_full_method_full_MOABC_s00,165838068,24.350034299772233,0,algorithms,full_method,1.0473150677822096,full,0.0
1.8690807681317883e-17,MOABC,matched,0.05000000000000001,4076338479,4000,P05,independent,0.01171875,7,1.454216957501112,0.03363391226435113,2.2182066116078483,0.040314309654305824,18.25,0.0055888352445741295,held_out_replay_of_fixed_executed_schedule,7,103072.85561256885,1.817863414683754,-46372.85561256885,512,0.0814998352266572,1355805987,3.9364717988660205,0.0814998352266572,1.8690807681317883e-17,True,0.025331281179926377,0.004312383422342904,screening,False,P05_matched_full_method_full_MOABC_s01,471093869,17.99047639966011,1,algorithms,full_method,1.0570388097465364,full,0.0814998352266572
0.0,MOABC,matched,0.05,2338959365,4000,P05,independent,0.03125,7,2.573021527169043,0.039554271605692894,2.85220604385994,0.0371847253167291,18.25,0.0,held_out_replay_of_fixed_executed_schedule,7,94686.57349267739,1.6699572044563913,-37986.57349267739,512,0.0,4117947120,-0.3546121862405866,0.0,0.0,True,0.05025287955876002,0.017965442532865916,screening,False,P05_matched_full_method_full_MOABC_s02,3127916639,18.119615400210023,2,algorithms,full_method,1.1330599376659432,full,0.0
1.8217949677962628e-17,MOABC,matched,0.05,1648197155,4000,P05,independent,0.01171875,7,1.385184987480912,0.021588824240266417,2.9873794627686143,0.05042347126318274,18.25,0.0,held_out_replay_of_fixed_executed_schedule,7,94097.98567491159,1.6595764669296575,-37397.985674911586,512,0.03083861798588499,3600885613,-0.31493814083608623,0.03083861798588499,1.8217949677962628e-17,True,0.025331281179926377,0.004312383422342904,screening,False,P05_matched_full_method_full_MOABC_s03,953717244,17.815665000118315,3,algorithms,full_method,1.0029858850734223,full,0.03083861798588499
0.0,MOABC,matched,0.05,3100450504,4000,P05,independent,0.01953125,7,1.5184557732903097,0.023745267837525924,2.5031449640268946,0.06067474231935116,18.25,0.0,held_out_replay_of_fixed_executed_schedule,7,87572.37862377793,1.5444863954810921,-30872.378623777928,512,0.058960619451723734,2936803218,3.2654807470251215,0.058960619451723734,0.0,True,0.035624636181676994,0.009404755122447006,screening,False,P05_matched_full_method_full_MOABC_s04,3758214604,16.78744710003957,4,algorithms,full_method,1.0486003078224035,full,0.058960619451723734
1.8690807681317883e-17,MOABC,matched,0.049999999999999996,3238993896,4000,P05,independent,0.01171875,7,1.4557912639431474,0.011113436859960172,2.0972283310178392,0.05952221535488904,18.25,0.0,held_out_replay_of_fixed_executed_schedule,7,82593.34835551595,1.4566728105029267,-25893.348355515947,512,0.049711488474878066,2194844800,-1.909652224020219,0.049711488474878066,1.8690807681317883e-17,True,0.025331281179926377,0.004312383422342904,screening,False,P05_matched_full_method_full_MOABC_s05,2411971995,18.719892399851233,5,algorithms,full_method,0.9634954983433063,full,0.049711488474878066
0.0,MOABC,matched,0.05,189380920,4000,P05,independent,0.0234375,7,1.7686100120938626,0.03647061927277079,2.212400130643567,0.04734200448992594,18.25,0.0,held_out_replay_of_fixed_executed_schedule,7,81610.16227538546,1.4393326679962162,-24910.16227538546,512,0.001503669335565822,667919493,5.144028009472028,0.001503669335565822,0.0,True,0.040582439140948286,0.012167790534685311,screening,False,P05_matched_full_method_full_MOABC_s06,1334469670,17.713687799870968,6,algorithms,full_method,1.106217458973122,full,0.001503669335565822
0.0,MOABC,matched,0.05000000000000001,862790406,4000,P05,independent,0.005859375,7,3.912475256305069,0.006059496901210511,15.955498129895481,0.07565479280674203,18.25,0.0,held_out_replay_of_fixed_executed_schedule,7,79900.54002896315,1.4091806001580802,-23200.54002896315,512,0.0,3534777380,0.4727206062122213,0.0,0.0,False,0.017027375116838862,0.0012099778257548665,screening,False,P05_matched_full_method_full_MOABC_s07,1010951374,24.649708000011742,7,algorithms,full_method,0.9306531881553998,full,0.0
0.00513050657581352,MOABC,matched,0.05,1287604003,4000,P05,independent,0.0234375,7,2.182623509037432,0.051940452171603174,12.946395391572576,0.04187212369139958,18.25,0.0,held_out_replay_of_fixed_executed_schedule,7,100543.05527127537,1.7732461247138513,-43843.05527127537,512,0.14759431460390446,1926225720,-5.1963862021396325,0.14759431460390446,0.0,False,0.040582439140948286,0.012167790534685311,screening,False,P05_matched_full_method_full_MOABC_s08,2255692243,24.939082499593496,8,algorithms,full_method,1.1111410771951251,full,0.14759431460390446
0.0,MOABC,matched,0.05000000000000001,1701466230,4000,P05,independent,0.01953125,7,1.6555970932182742,0.028685063524113586,13.162971194541775,0.04757977971118884,18.25,0.0,held_out_replay_of_fixed_executed_schedule,7,87107.55893955557,1.5362885174524792,-30407.558939555573,512,0.012773513657155549,3387513219,0.09180198208103005,0.012773513657155549,0.0,False,0.035624636181676994,0.009404755122447006,screening,False,P05_matched_full_method_full_MOABC_s09,1754879764,24.862125599756837,9,algorithms,full_method,1.0689714559117245,full,0.012773513657155549
0.005299413226078841,MOEA/D,matched,0.05,365222106,4000,P05,independent,0.015625,7,6.408990106562381,0.024684628656803494,20.859641143266884,0.0618144002671925,18.25,0.0,held_out_replay_of_fixed_executed_schedule,7,85754.63693229706,1.5124274591234048,-29054.636932297057,512,0.08491068108161101,3140760178,-3.5105114335723178,0.08491068108161101,2.115103957611461e-17,False,0.030554414950524595,0.006769276942972373,screening,False,P05_matched_full_method_full_MOEA-D_s00,165838068,14.466210699640214,0,algorithms,full_method,1.0572072635567442,full,0.08491068108161101
0.0,MOEA/D,matched,0.05000000000000001,4076338479,4000,P05,independent,0.013671875,7,1.2840628720125946,0.03708429165400198,3.371479186470058,0.04600402946015474,18.25,0.0402220535316726,held_out_replay_of_fixed_executed_schedule,7,106622.76048699644,1.8804719662609601,-49922.76048699644,512,0.06639419631840564,1355805987,0.6279733102073431,0.06639419631840564,0.0,True,0.027965446339922807,0.00551399998131654,screening,False,P05_matched_full_method_full_MOEA-D_s01,471093869,14.615454699844122,1,algorithms,full_method,1.060962020091104,full,0.06639419631840564
0.0,MOEA/D,matched,0.05,2338959365,4000,P05,independent,0.029296875,7,2.4279322391396247,0.037516200847615165,2.7415532846775443,0.057551739327515374,18.25,0.0,held_out_replay_of_fixed_executed_schedule,7,96917.35354695341,1.7093007680238697,-40217.35354695341,512,0.0,4117947120,-2.7189291000529128,0.0,0.0,True,0.04786087313588519,0.01648801460911842,screening,False,P05_matched_full_method_full_MOEA-D_s02,3127916639,14.75461950013414,2,algorithms,full_method,1.1145914575836857,full,0.0
0.0,MOEA/D,matched,0.05,1648197155,4000,P05,independent,0.01171875,7,1.3784103265216132,0.020702943173239653,2.3590286096270785,0.05953387752939907,18.25,0.0,held_out_replay_of_fixed_executed_schedule,7,91305.36887427319,1.6103239660365642,-34605.36887427319,512,0.03061369852902903,3600885613,2.6621838410831455,0.03061369852902903,0.0,True,0.025331281179926377,0.004312383422342904,screening,False,P05_matched_full_method_full_MOEA-D_s03,953717244,14.83096529962495,3,algorithms,full_method,0.9797193349748778,full,0.03061369852902903
0.01558367073622457,MOEA/D,matched,0.05,3100450504,4000,P05,independent,0.01953125,7,1.2641962357482974,0.026182234267290744,2.6457434616008304,0.05440997282396411,18.25,0.0,held_out_replay_of_fixed_executed_schedule,7,90002.68006135515,1.5873488546976215,-33302.680061355146,512,0.1026099541887154,2936803218,0.5809123374602767,0.1026099541887154,0.0,True,0.035624636181676994,0.009404755122447006,screening,False,P05_matched_full_method_full_MOEA-D_s04,3758214604,14.86644780030474,4,algorithms,full_method,1.0721230328148939,full,0.1026099541887154
0.0,MOEA/D,matched,0.049999999999999996,3238993896,4000,P05,independent,0.01171875,7,1.062408104183462,0.012894548012618084,4.766197070502757,0.05952556086666134,18.25,0.0,held_out_replay_of_fixed_executed_schedule,7,83667.81596652095,1.4756228565523977,-26967.815966520953,512,0.08777005926601762,2194844800,-3.2354081443658456,0.08777005926601762,0.0,True,0.025331281179926377,0.004312383422342904,screening,False,P05_matched_full_method_full_MOEA-D_s05,2411971995,14.63876030035317,5,algorithms,full_method,0.9846408688877109,full,0.08777005926601762
0.0,MOEA/D,matched,0.05,189380920,4000,P05,independent,0.0234375,7,1.8307730790112637,0.03682431337314723,2.5236630755693694,0.050212615771768186,18.25,0.0,held_out_replay_of_fixed_executed_schedule,7,82021.94167022372,1.4465950911856036,-25321.94167022372,512,0.0,667919493,4.665414395014905,0.0,0.0,True,0.040582439140948286,0.012167790534685311,screening,False,P05_matched_full_method_full_MOEA-D_s06,1334469670,14.851757800206542,6,algorithms,full_method,1.0822560871805476,full,0.0
0.0,MOEA/D,matched,0.05000000000000001,862790406,4000,P05,independent,0.005859375,7,8.05921714334221,0.00790667287727937,23.396070616400124,0.06715504085244452,18.25,0.0,held_out_replay_of_fixed_executed_schedule,7,81206.39175971632,1.4322114948803584,-24506.391759716324,512,0.0,3534777380,-1.153900065017539,0.0,0.0,False,0.017027375116838862,0.0012099778257548665,screening,False,P05_matched_full_method_full_MOEA-D_s07,1010951374,14.13989849993959,7,algorithms,full_method,0.9610436059719994,full,0.0
0.010723106065680907,MOEA/D,matched,0.05,1287604003,4000,P05,independent,0.01953125,7,1.9642553282349784,0.04892778189363348,9.759591654967032,0.04588622719490336,18.25,0.0,held_out_replay_of_fixed_executed_schedule,7,100802.17373170855,1.7778161151976817,-44102.17373170855,512,0.15907704579941184,1926225720,-5.46749717606306,0.15907704579941184,0.0,False,0.035624636181676994,0.009404755122447006,screening,False,P05_matched_full_method_full_MOEA-D_s08,2255692243,14.234044900164008,8,algorithms,full_method,1.0939937844448246,full,0.15907704579941184
0.0,MOEA/D,matched,0.05000000000000001,1701466230,4000,P05,independent,0.021484375,7,1.5028097728022813,0.030455812910671433,20.87202714522437,0.05894928390086669,18.25,0.0,held_out_replay_of_fixed_executed_schedule,7,87031.95239324178,1.5349550686638762,-30331.95239324178,512,0.054611676765921734,3387513219,0.1785190694673377,0.054611676765921734,0.0,False,0.0381157716754838,0.01077255408609197,screening,False,P05_matched_full_method_full_MOEA-D_s09,1754879764,14.458486699964851,9,algorithms,full_method,1.0770677901584704,full,0.054611676765921734
0.0,MOPSO,matched,0.05,365222106,4000,P05,independent,0.015625,7,1.5408501035996929,0.023851555882508733,7.2815083537592376,0.053601361543234194,18.25,0.0,held_out_replay_of_fixed_executed_schedule,7,84274.50307987069,1.4863228056414584,-27574.503079870687,512,0.048389271205923276,3140760178,-1.723909361246416,0.048389271205923276,0.0,False,0.030554414950524595,0.006769276942972373,screening,False,P05_matched_full_method_full_MOPSO_s00,165838068,14.778132800012827,0,algorithms,full_method,1.0502950680554255,full,0.048389271205923276
0.0,MOPSO,matched,0.05000000000000001,4076338479,4000,P05,independent,0.01171875,7,1.4915153933871472,0.03378151529758606,1.9931715261742369,0.03595457606553275,18.25,0.010889228236889353,held_out_replay_of_fixed_executed_schedule,7,103616.14589428116,1.8274452538673926,-46916.14589428116,512,0.08963621777993018,1355805987,3.4301272235799116,0.08963621777993018,0.0,True,0.025331281179926377,0.004312383422342904,screening,False,P05_matched_full_method_full_MOPSO_s01,471093869,14.642852399963886,1,algorithms,full_method,1.0538721494910643,full,0.08963621777993018
0.0,MOPSO,matched,0.05,2338959365,4000,P05,independent,0.03125,7,2.5858120566403597,0.041517799361940215,2.8181062584035956,0.05085512301118491,18.25,0.0,held_out_replay_of_fixed_executed_schedule,7,95861.26484108534,1.6906748649221401,-39161.26484108534,512,0.0,4117947120,-1.5996218043901882,0.0,0.0,True,0.05025287955876002,0.017965442532865916,screening,False,P05_matched_full_method_full_MOPSO_s02,3127916639,14.509304599836469,2,algorithms,full_method,1.1219647478698596,full,0.0
0.0,MOPSO,matched,0.05,1648197155,4000,P05,independent,0.015625,7,1.834311486541731,0.02106855827290035,2.1321665512870904,0.05123618400954878,18.25,0.0,held_out_replay_of_fixed_executed_schedule,7,91897.37451676573,1.6207649826590076,-35197.37451676573,512,0.006739382326706175,3600885613,2.031065024036044,0.006739382326706175,0.0,True,0.030554414950524595,0.006769276942972373,screening,False,P05_matched_full_method_full_MOPSO_s03,953717244,14.73439330002293,3,algorithms,full_method,0.9881569567219343,full,0.006739382326706175
0.022273727965121913,MOPSO,matched,0.05,3100450504,4000,P05,independent,0.013671875,7,1.7264506781473739,0.0141144549766767,2.176351934951704,0.045914763986353385,18.25,0.0,held_out_replay_of_fixed_executed_schedule,7,82176.917431615,1.449328349763933,-25476.917431615002,512,0.050238244631726804,2936803218,9.225434704816191,0.050238244631726804,0.0,True,0.027965446339922807,0.00551399998131654,screening,False,P05_matched_full_method_full_MOPSO_s04,3758214604,14.543645499739796,4,algorithms,full_method,0.9587429863144267,full,0.050238244631726804
0.0,MOPSO,matched,0.049999999999999996,3238993896,4000,P05,independent,0.01953125,7,1.3400990660561356,0.017038923224439412,10.056002167785932,0.04916664128878334,18.25,0.0,held_out_replay_of_fixed_executed_schedule,7,83387.65032157808,1.4706816635198956,-26687.650321578083,512,0.07069780108616106,2194844800,-2.8897194901373187,0.07069780108616106,0.0,False,0.035624636181676994,0.009404755122447006,screening,False,P05_matched_full_method_full_MOPSO_s05,2411971995,14.334843900054693,5,algorithms,full_method,1.020723782705963,full,0.07069780108616106
0.0,MOPSO,matched,0.05,189380920,4000,P05,independent,0.0234375,7,2.0126365390966625,0.029855114300958493,2.329081209045414,0.040628745867077105,18.25,0.0,held_out_replay_of_fixed_executed_schedule,7,82468.21800841423,1.4544659260743251,-25768.21800841423,512,0.0,667919493,4.1467047802418175,0.0,0.0,True,0.040582439140948286,0.012167790534685311,screening,False,P05_matched_full_method_full_MOPSO_s06,1334469670,14.395010500214994,6,algorithms,full_method,1.0082364154084995,full,0.0
0.0028901957462312477,MOPSO,matched,0.05000000000000001,862790406,4000,P05,independent,0.005859375,7,1.0411163870544766,0.0074882791107691235,12.12402215010163,0.05799708609163919,18.25,0.0,held_out_replay_of_fixed_executed_schedule,7,79974.29155881844,1.4104813326070271,-23274.29155881844,512,0.04549133549725829,3534777380,0.3808527775972215,0.04549133549725829,0.0,False,0.017027375116838862,0.0012099778257548665,screening,False,P05_matched_full_method_full_MOPSO_s07,1010951374,14.435463099740446,7,algorithms,full_method,0.9800183503646712,full,0.04549133549725829
0.026278928351264996,MOPSO,matched,0.05,1287604003,4000,P05,independent,0.021484375,7,2.471094825888042,0.050386163691760494,8.115978468196776,0.050270683989681736,18.25,0.0,held_out_replay_of_fixed_executed_schedule,7,100020.4097056226,1.7640283898698872,-43320.4097056226,512,0.14635656383331033,1926225720,-4.649551568729084,0.14635656383331033,1.774623808337421e-17,False,0.0381157716754838,0.01077255408609197,screening,False,P05_matched_full_method_full_MOPSO_s08,2255692243,14.5035972003825,8,algorithms,full_method,1.1007549918430943,full,0.14635656383331033
0.0,MOPSO,matched,0.05000000000000001,1701466230,4000,P05,independent,0.021484375,7,2.6879464623522975,0.03028342692637921,9.547571765542198,0.06033701800141701,18.25,0.0,held_out_replay_of_fixed_executed_schedule,7,86659.50563558529,1.5283863427792819,-29959.505635585287,512,0.0,3387513219,0.6056976618659302,0.0,0.0,False,0.0381157716754838,0.01077255408609197,screening,False,P05_matched_full_method_full_MOPSO_s09,1754879764,14.225483499933034,9,algorithms,full_method,1.0764843099859778,full,0.0
0.0,NSGA-III,matched,0.05,365222106,4000,P05,independent,0.015625,7,1.4907007266026526,0.021694157699303857,17.97415960666196,0.05344210073707154,18.25,0.0,held_out_replay_of_fixed_executed_schedule,7,85851.13138847142,1.5141293013839756,-29151.131388471418,512,0.07735300354952243,3140760178,-3.6269854910276385,0.07735300354952243,0.0,False,0.030554414950524595,0.006769276942972373,screening,False,P05_matched_full_method_full_NSGA-III_s00,165838068,26.642348299734294,0,algorithms,full_method,1.027034048727108,full,0.07735300354952243
0.0,NSGA-III,matched,0.05000000000000001,4076338479,4000,P05,independent,0.015625,7,1.4162691799099503,0.040145503092786194,3.013948350317783,0.04506491592984632,18.25,0.0368401982752504,held_out_replay_of_fixed_executed_schedule,7,106276.12032321317,1.8743583831254527,-49576.12032321317,512,0.03950745437801553,1355805987,0.951040687659334,0.03950745437801553,0.0,True,0.030554414950524595,0.006769276942972373,screening,False,P05_matched_full_method_full_NSGA-III_s01,471093869,21.945281699765474,1,algorithms,full_method,1.0473908342218876,full,0.03950745437801553
0.0,NSGA-III,matched,0.05,2338959365,4000,P05,independent,0.029296875,7,2.6495635406506537,0.035894469397961086,5.135380920128598,0.05610289799932358,18.25,0.0,held_out_replay_of_fixed_executed_schedule,7,95136.76333270475,1.67789706054153,-38436.76333270475,512,0.0,4117947120,-0.8317508674668717,0.0,0.0,True,0.04786087313588519,0.01648801460911842,screening,False,P05_matched_full_method_full_NSGA-III_s02,3127916639,22.20122310006991,2,algorithms,full_method,1.094135641486134,full,0.0
0.0,NSGA-III,matched,0.05,1648197155,4000,P05,independent,0.01171875,7,1.3801398273616856,0.021453296324164504,4.20567215774953,0.049226780994851574,18.25,0.0,held_out_replay_of_fixed_executed_schedule,7,93151.47502039417,1.6428831573261757,-36451.475020394166,512,0.017797239929563845,3600885613,0.6941074521863438,0.017797239929563845,0.0,True,0.025331281179926377,0.004312383422342904,screening,False,P05_matched_full_method_full_NSGA-III_s03,953717244,21.97064909990877,3,algorithms,full_method,0.990740788554529,full,0.017797239929563845
0.004291848194425168,NSGA-III,matched,0.05,3100450504,4000,P05,independent,0.01953125,7,1.0764367395237153,0.027324300458984173,4.252264442074288,0.05387327242836026,18.25,0.0,held_out_replay_of_fixed_executed_schedule,7,91025.5768211456,1.6053893619249666,-34325.5768211456,512,0.091318131646916,2936803218,-0.549003600176347,0.091318131646916,0.0,True,0.035624636181676994,0.009404755122447006,screening,False,P05_matched_full_method_full_NSGA-III_s04,3758214604,22.51140099996701,4,algorithms,full_method,1.084390092041365,full,0.091318131646916
0.0,NSGA-III,matched,0.049999999999999996,3238993896,4000,P05,independent,0.01171875,7,1.0291932584491956,0.012829795689641479,3.6797137017544927,0.05263432100528026,18.25,0.0,held_out_replay_of_fixed_executed_schedule,7,84089.3980246176,1.4830581662190054,-27389.398024617607,512,0.06633489731996939,2194844800,-3.7555866064326078,0.06633489731996939,0.0,True,0.025331281179926377,0.004312383422342904,screening,False,P05_matched_full_method_full_NSGA-III_s05,2411971995,25.744506500195712,5,algorithms,full_method,0.9792015513750287,full,0.06633489731996939
0.0,NSGA-III,matched,0.05,189380920,4000,P05,independent,0.021484375,7,1.28687419584432,0.030619761763361956,4.921788508141992,0.04736961391089808,18.25,0.0,held_out_replay_of_fixed_executed_schedule,7,85819.4179066839,1.5135699807175291,-29119.4179066839,512,0.026065738305540397,667919493,0.25158541248135924,0.026065738305540397,0.0,True,0.0381157716754838,0.01077255408609197,screening,False,P05_matched_full_method_full_NSGA-III_s06,1334469670,22.368309800047427,6,algorithms,full_method,1.0820534574473812,full,0.026065738305540397
1.8690807681317883e-17,NSGA-III,matched,0.05000000000000001,862790406,4000,P05,independent,0.0078125,7,2.2360066992271146,0.008827964211840978,16.90070885287663,0.0667144566417756,18.25,0.0,held_out_replay_of_fixed_executed_schedule,7,79592.5105526075,1.4037479815274692,-22892.510552607506,512,0.020903988571664315,3534777380,0.8564143302303246,0.020903988571664315,1.8690807681317883e-17,False,0.01988145997145218,0.0021326268405938735,screening,False,P05_matched_full_method_full_NSGA-III_s07,1010951374,26.92709290003404,7,algorithms,full_method,0.9547143589795178,full,0.020903988571664315
0.0,NSGA-III,matched,0.05,1287604003,4000,P05,independent,0.0234375,7,2.263107762144039,0.050733524338569404,8.577518551123507,0.047580220728375616,18.25,0.0,held_out_replay_of_fixed_executed_schedule,7,99408.45516467556,1.753235540823202,-42708.45516467556,512,0.15789001102433142,1926225720,-4.009274564475264,0.15789001102433142,0.0,False,0.040582439140948286,0.012167790534685311,screening,False,P05_matched_full_method_full_NSGA-III_s08,2255692243,26.526822799816728,8,algorithms,full_method,1.1133896944768742,full,0.15789001102433142
0.0,NSGA-III,matched,0.05000000000000001,1701466230,4000,P05,independent,0.021484375,7,1.3413478656541107,0.03261850851901212,11.230902326508135,0.05837940554919534,18.25,0.0,held_out_replay_of_fixed_executed_schedule,7,87615.98992086246,1.5452555541598316,-30915.989920862456,512,0.06421390870943201,3387513219,-0.49134400177211474,0.06421390870943201,0.0,False,0.0381157716754838,0.01077255408609197,screening,False,P05_matched_full_method_full_NSGA-III_s09,1754879764,26.491983899846673,9,algorithms,full_method,1.0985964097208154,full,0.06421390870943201
0.0,NSGA-II,matched,0.05,365222106,4000,P05,independent,0.015625,7,2.981917026618179,0.022745577189717637,19.189923647743417,0.05586324657790871,18.25,0.0,held_out_replay_of_fixed_executed_schedule,7,85830.08407938157,1.513758096638123,-29130.084079381573,512,0.05330875846901355,3140760178,-3.601580244079764,0.05330875846901355,0.0,False,0.030554414950524595,0.006769276942972373,screening,False,P05_matched_full_method_full_NSGA-II_s00,165838068,26.419359600171447,0,algorithms,full_method,1.0284991961230368,full,0.05330875846901355
0.0,NSGA-II,matched,0.05000000000000001,4076338479,4000,P05,independent,0.013671875,7,1.280725720125533,0.03605992077188008,3.4327513874970235,0.04078005508835091,18.25,0.03431931119944883,held_out_replay_of_fixed_executed_schedule,7,106017.7293979435,1.869801223949621,-49317.729397943505,512,0.0602509244508367,1355805987,1.1918600943696724,0.0602509244508367,0.0,True,0.027965446339922807,0.00551399998131654,screening,False,P05_matched_full_method_full_NSGA-II_s01,471093869,20.037862199824303,1,algorithms,full_method,1.0620121484371714,full,0.0602509244508367
0.0,NSGA-II,matched,0.05,2338959365,4000,P05,independent,0.03125,7,2.66820937642054,0.03800857254590191,6.11421052461275,0.043708976539700864,18.25,0.0,held_out_replay_of_fixed_executed_schedule,7,92489.46210269353,1.6312074444919495,-35789.462102693535,512,0.0,4117947120,1.9740206213332687,0.0,0.0,True,0.05025287955876002,0.017965442532865916,screening,False,P05_matched_full_method_full_NSGA-II_s02,3127916639,20.307074999902397,2,algorithms,full_method,1.137985368641672,full,0.0
0.0,NSGA-II,matched,0.05,1648197155,4000,P05,independent,0.013671875,7,1.5393066315510824,0.02177316729149251,3.480410303007579,0.05066685935746538,18.25,0.0,held_out_replay_of_fixed_executed_schedule,7,91729.06081795189,1.6177964870890986,-35029.06081795189,512,0.030481935981958332,3600885613,2.210499027470484,0.030481935981958332,0.0,True,0.027965446339922807,0.00551399998131654,screening,False,P05_matched_full_method_full_NSGA-II_s03,953717244,20.647721199784428,3,algorithms,full_method,0.951834963991685,full,0.030481935981958332
0.021140382284490552,NSGA-II,matched,0.05,3100450504,4000,P05,independent,0.01953125,7,1.8888168715210023,0.025628911840819082,3.2092657495547527,0.061322610248946266,18.25,0.0,held_out_replay_of_fixed_executed_schedule,7,89402.55329807886,1.576764608431726,-32702.553298078856,512,0.04696457226564461,2936803218,1.2438265445275387,0.04696457226564461,0.0,True,0.035624636181676994,0.009404755122447006,screening,False,P05_matched_full_method_full_NSGA-II_s04,3758214604,21.04341850010678,4,algorithms,full_method,1.0669633212597682,full,0.04696457226564461
0.0,NSGA-II,matched,0.049999999999999996,3238993896,4000,P05,independent,0.0234375,7,1.2281743392389415,0.02105514429887985,6.909870694551674,0.05215201827539116,18.25,0.0,held_out_replay_of_fixed_executed_schedule,7,83648.8618773694,1.4752885692657742,-26948.861877369403,512,0.07271315175731247,2194844800,-3.2120212170633815,0.07271315175731247,0.0,False,0.040582439140948286,0.012167790534685311,screening,False,P05_matched_full_method_full_NSGA-II_s05,2411971995,26.940312299877405,5,algorithms,full_method,1.0525164536933542,full,0.07271315175731247
0.0,NSGA-II,matched,0.05,189380920,4000,P05,independent,0.0234375,7,1.4571118023500496,0.03355352966311827,5.3991476697215735,0.048697173817078734,18.25,0.0,held_out_replay_of_fixed_executed_schedule,7,84165.34171479513,1.4843975611074978,-27465.341714795126,512,0.026090952203641656,667919493,2.1741279066202672,0.026090952203641656,0.0,True,0.040582439140948286,0.012167790534685311,screening,False,P05_matched_full_method_full_NSGA-II_s06,1334469670,20.55757399974391,6,algorithms,full_method,1.0902646033725383,full,0.026090952203641656
0.0,NSGA-II,matched,0.05000000000000001,862790406,4000,P05,independent,0.0078125,7,5.253795001738474,0.008407972770780222,19.242743001556732,0.05744825323571052,18.25,0.0,held_out_replay_of_fixed_executed_schedule,7,81032.21819295897,1.4291396506694705,-24332.21819295897,512,0.0,3534777380,-0.9369425671659881,0.0,0.0,False,0.01988145997145218,0.0021326268405938735,screening,False,P05_matched_full_method_full_NSGA-II_s07,1010951374,27.187373799737543,7,algorithms,full_method,0.9816515730834755,full,0.0
0.0,NSGA-II,matched,0.05,1287604003,4000,P05,independent,0.0234375,7,2.263107762144039,0.050733524338569404,8.577518551123507,0.047580220728375616,18.25,0.0,held_out_replay_of_fixed_executed_schedule,7,99408.45516467556,1.753235540823202,-42708.45516467556,512,0.15789001102433142,1926225720,-4.009274564475264,0.15789001102433142,0.0,False,0.040582439140948286,0.012167790534685311,screening,False,P05_matched_full_method_full_NSGA-II_s08,2255692243,27.05383379990235,8,algorithms,full_method,1.1133896944768742,full,0.15789001102433142
0.0,NSGA-II,matched,0.05000000000000001,1701466230,4000,P05,independent,0.021484375,7,1.5410475138759225,0.03285876807033606,16.136312729014435,0.05692267318869967,18.25,0.0,held_out_replay_of_fixed_executed_schedule,7,87836.92391651798,1.549152097293086,-31136.923916517975,512,0.06421390870943201,3387513219,-0.7447447129797191,0.06421390870943201,0.0,False,0.0381157716754838,0.01077255408609197,screening,False,P05_matched_full_method_full_NSGA-II_s09,1754879764,26.703869099728763,9,algorithms,full_method,1.0862273768909065,full,0.06421390870943201
0.0,SPEA2,matched,0.05,365222106,4000,P05,independent,0.015625,7,1.612005183029329,0.022706130673895108,13.024368874635096,0.0535961501526412,18.25,0.0,held_out_replay_of_fixed_executed_schedule,7,85134.04808377905,1.5014823295199127,-28434.048083779053,512,0.045384179583815756,3140760178,-2.7614269362432045,0.045384179583815756,0.0,False,0.030554414950524595,0.006769276942972373,screening,False,P05_matched_full_method_full_SPEA2_s00,165838068,57.66964619979262,0,algorithms,full_method,1.039985648750852,full,0.045384179583815756
0.0,SPEA2,matched,0.05000000000000001,4076338479,4000,P05,independent,0.015625,7,1.4186328258766143,0.04147473440637376,3.96174414950208,0.042341089618152236,18.25,0.03921081029180375,held_out_replay_of_fixed_executed_schedule,7,106519.10805490988,1.878643881038975,-49819.108054909884,512,0.03739962956665571,1355805987,0.7245770015835713,0.03921081029180375,0.0,True,0.030554414950524595,0.006769276942972373,screening,False,P05_matched_full_method_full_SPEA2_s01,471093869,45.15420540003106,1,algorithms,full_method,1.052886580825463,full,0.03739962956665571
1.8690807681317883e-17,SPEA2,matched,0.05,2338959365,4000,P05,independent,0.029296875,7,2.2641761986163136,0.0386990572317399,6.281767052924142,0.05313307592203417,18.25,0.0,held_out_replay_of_fixed_executed_schedule,7,95165.37435292303,1.6784016640727166,-38465.37435292303,512,1.8690807681317883e-17,4117947120,-0.8620745736941305,1.8690807681317883e-17,1.8690807681317883e-17,True,0.04786087313588519,0.01648801460911842,screening,False,P05_matched_full_method_full_SPEA2_s02,3127916639,46.193593400064856,2,algorithms,full_method,1.1227425354687142,full,0.0
1.8690807681317883e-17,SPEA2,matched,0.05,1648197155,4000,P05,independent,0.01171875,7,1.502342555069371,0.020381521291837942,2.87648508744494,0.05015351442277653,18.25,0.0,held_out_replay_of_fixed_executed_schedule,7,95005.20673788208,1.6755768384106187,-38305.20673788208,512,0.025464650565722762,3600885613,-1.2820983213564339,0.025464650565722762,1.8690807681317883e-17,True,0.025331281179926377,0.004312383422342904,screening,False,P05_matched_full_method_full_SPEA2_s03,953717244,46.20581449987367,3,algorithms,full_method,0.9986489811106581,full,0.025464650565722762
0.035479036723571,SPEA2,matched,0.05,3100450504,4000,P05,independent,0.01953125,7,1.2822805892680764,0.02302781820943821,3.6798088424257935,0.06050734122748041,18.25,0.0,held_out_replay_of_fixed_executed_schedule,7,89940.39380246849,1.5862503316132008,-33240.39380246849,512,0.04862175804760496,2936803218,0.6497152111991769,0.04862175804760496,0.0,True,0.035624636181676994,0.009404755122447006,screening,False,P05_matched_full_method_full_SPEA2_s04,3758214604,46.348424199968576,4,algorithms,full_method,1.065130959157072,full,0.04862175804760496
1.9350951101551666e-17,SPEA2,matched,0.049999999999999996,3238993896,4000,P05,independent,0.01171875,7,1.048947650179297,0.012625232725092063,3.618673593852158,0.06220157397055101,18.25,0.0,held_out_replay_of_fixed_executed_schedule,7,82359.14022060945,1.4525421555663043,-25659.14022060945,512,0.0823678568030284,2194844800,-1.6206692725890754,0.0823678568030284,1.9350951101551666e-17,True,0.025331281179926377,0.004312383422342904,screening,False,P05_matched_full_method_full_SPEA2_s05,2411971995,49.450984300114214,5,algorithms,full_method,0.9834114722105595,full,0.0823678568030284
0.0,SPEA2,matched,0.05,189380920,4000,P05,independent,0.021484375,7,1.329318612793708,0.030165370080825153,5.847629132093148,0.05167561876595131,18.25,0.0,held_out_replay_of_fixed_executed_schedule,7,84126.11499543632,1.4837057318419105,-27426.11499543632,512,0.01662199514510475,667919493,2.2197213534292977,0.01662199514510475,0.0,True,0.0381157716754838,0.01077255408609197,screening,False,P05_matched_full_method_full_SPEA2_s06,1334469670,45.66696059983224,6,algorithms,full_method,1.0784637337607277,full,0.01662199514510475
0.0,SPEA2,matched,0.05000000000000001,862790406,4000,P05,independent,0.005859375,7,5.927008538760955,0.008000443947518018,21.947441340218326,0.0644471248253809,18.25,0.0,held_out_replay_of_fixed_executed_schedule,7,79221.95493444265,1.3972126090730626,-22521.95493444265,512,0.0,3534777380,1.3179930946124265,0.0,0.0,False,0.017027375116838862,0.0012099778257548665,screening,False,P05_matched_full_method_full_SPEA2_s07,1010951374,55.185548400040716,7,algorithms,full_method,0.9290131725254374,full,0.0
0.0,SPEA2,matched,0.05,1287604003,4000,P05,independent,0.017578125,7,3.5213556490552667,0.04784148051837619,19.351161416679325,0.051597722950732026,18.25,0.0,held_out_replay_of_fixed_executed_schedule,7,98620.51314885767,1.739338856240876,-41920.51314885767,512,0.17301623229425422,1926225720,-3.1848650378577514,0.17301623229425422,0.0,False,0.033105620119942024,0.008068548953610121,screening,False,P05_matched_full_method_full_SPEA2_s08,2255692243,55.31339389970526,8,algorithms,full_method,1.0954367296428362,full,0.17301623229425422
0.0,SPEA2,matched,0.05000000000000001,1701466230,4000,P05,independent,0.01953125,7,1.3215403991762025,0.029507610316394355,8.77030825683946,0.053923581545439525,18.25,0.0,held_out_replay_of_fixed_executed_schedule,7,86271.28944606619,1.5215394964032838,-29571.289446066192,512,0.07498373890226682,3387513219,1.0509630373214573,0.07498373890226682,0.0,False,0.035624636181676994,0.009404755122447006,screening,False,P05_matched_full_method_full_SPEA2_s09,1754879764,55.07285760017112,9,algorithms,full_method,1.0684643762092247,full,0.07498373890226682
0.0,MOABC,normal,0.05,365222106,4000,P05,independent,0.0,7,1.0092687392441537,0.0,1.4284986895635923,0.03057154677887379,1.0,0.0,held_out_replay_of_fixed_executed_schedule,7,29302.96782192143,0.5168071926264802,27397.03217807857,512,0.0,3140760178,8.900171771609783,0.0,0.0,True,0.007178950026259454,0.0,screening,False,P05_normal_full_method_full_MOABC_s00,165838068,18.311872399877757,0,algorithms,full_method,0.5168071926264802,full,0.0
0.0,MOABC,normal,0.05,4076338479,4000,P05,independent,0.0,7,0.677573477077805,0.0,1.1837503691787672,0.02637324155464184,1.0,0.0,held_out_replay_of_fixed_executed_schedule,7,23722.88502316559,0.4183930339182644,32977.11497683441,512,0.0,1355805987,26.45150374856958,0.0,0.0,True,0.007178950026259454,0.0,screening,False,P05_normal_full_method_full_MOABC_s01,471093869,18.06429810030386,1,algorithms,full_method,0.4183930339182643,full,0.0
0.0,MOABC,normal,0.05,2338959365,4000,P05,independent,0.0,7,1.044444746709987,0.0,1.3194884242135203,0.026187159688158393,1.0,0.0,held_out_replay_of_fixed_executed_schedule,7,25006.924209450994,0.4410392276799117,31693.075790549006,512,0.0,4117947120,21.7005331616381,0.0,0.0,True,0.007178950026259454,0.0,screening,False,P05_normal_full_method_full_MOABC_s02,3127916639,18.26080169994384,2,algorithms,full_method,0.4410392276799117,full,0.0
0.0,MOABC,normal,0.05,1648197155,4000,P05,independent,0.0,7,1.1901432481932663,0.0,1.439362718819424,0.04083031242999932,1.0,0.0,held_out_replay_of_fixed_executed_schedule,7,26474.07492149926,0.4669149016137436,30225.92507850074,512,0.0,3600885613,17.763362476313237,0.0,0.0,True,0.007178950026259454,0.0,screening,False,P05_normal_full_method_full_MOABC_s03,953717244,18.219594900030643,3,algorithms,full_method,0.46691490161374355,full,0.0
0.0,MOABC,normal,0.05000000000000002,3100450504,4000,P05,independent,0.0,7,0.8332152354799105,0.0,1.528439317845094,0.03991959092511545,1.0,0.0,held_out_replay_of_fixed_executed_schedule,7,29837.55223664871,0.526235489182517,26862.44776335129,512,0.018113857595419062,2936803218,7.328611778308369,0.018113857595419062,0.0,True,0.007178950026259454,0.0,screening,False,P05_normal_full_method_full_MOABC_s04,3758214604,18.385139100253582,4,algorithms,full_method,0.526235489182517,full,0.018113857595419062
0.0,MOABC,normal,0.05,3238993896,4000,P05,independent,0.0,7,1.0407548257884844,0.0,1.2858092833593804,0.027591444788198236,1.0,0.0,held_out_replay_of_fixed_executed_schedule,7,29076.01227596535,0.5128044493115582,27623.98772403465,512,0.023569363844393978,2194844800,9.346549435518071,0.023569363844393978,0.0,True,0.007178950026259454,0.0,screening,False,P05_normal_full_method_full_MOABC_s05,2411971995,18.44037749990821,5,algorithms,full_method,0.5128044493115582,full,0.023569363844393978
0.0,MOABC,normal,0.05,189380920,4000,P05,independent,0.0,7,0.8991525297282514,0.0,1.2636848508002823,0.034541190175937306,1.0,0.0,held_out_replay_of_fixed_executed_schedule,7,29913.857647114564,0.5275812636175408,26786.142352885436,512,0.0,667919493,7.294524700240871,0.0,0.0,True,0.007178950026259454,0.0,screening,False,P05_normal_full_method_full_MOABC_s06,1334469670,17.958397099748254,6,algorithms,full_method,0.5275812636175409,full,0.0
0.0,MOABC,normal,0.05,862790406,4000,P05,independent,0.0,7,1.0281355894473576,0.0,1.3043562442667107,0.02956606994604999,1.0,0.0,held_out_replay_of_fixed_executed_schedule,7,27723.15653355868,0.48894455967475625,28976.84346644132,512,0.002128817485201251,3534777380,13.063084084873122,0.002128817485201251,0.0,True,0.007178950026259454,0.0,screening,False,P05_normal_full_method_full_MOABC_s07,1010951374,18.590238499920815,7,algorithms,full_method,0.4889445596747562,full,0.002128817485201251
0.0,MOABC,normal,0.05,1287604003,4000,P05,independent,0.0,7,1.1995998716497103,0.0,1.6016655354266067,0.03555546587066229,1.0,0.0,held_out_replay_of_fixed_executed_schedule,7,28106.12573183872,0.49569886652272876,28593.87426816128,512,0.0,1926225720,11.958974914639699,0.0,0.0,True,0.007178950026259454,0.0,screening,False,P05_normal_full_method_full_MOABC_s08,2255692243,18.112308700103313,8,algorithms,full_method,0.4956988665227288,full,0.0
0.0,MOABC,normal,0.049999999999999996,1701466230,4000,P05,independent,0.0,7,1.1041452956258189,0.0,1.464599412834657,0.0375146665435057,1.0,0.0,held_out_replay_of_fixed_executed_schedule,7,30889.42509399623,0.5447870386948188,25810.57490600377,512,0.0,3387513219,4.8068013411721795,0.0,0.0,True,0.007178950026259454,0.0,screening,False,P05_normal_full_method_full_MOABC_s09,1754879764,18.731311900075525,9,algorithms,full_method,0.5447870386948188,full,0.0
0.0,MOEA/D,normal,0.05,365222106,4000,P05,independent,0.0,7,0.9652249081840206,0.0,1.7451776764945506,0.04185802163101223,1.0,0.0,held_out_replay_of_fixed_executed_schedule,7,31767.959834744957,0.5602814785669304,24932.040165255043,512,0.0,3140760178,1.2367722716934444,0.0,0.0,True,0.007178950026259454,0.0,screening,False,P05_normal_full_method_full_MOEA-D_s00,165838068,15.041929900180548,0,algorithms,full_method,0.5602814785669304,full,0.0
0.0,MOEA/D,normal,0.05,4076338479,4000,P05,independent,0.0,7,0.4226514768195478,0.0,1.8618688927119376,0.03818371629014857,1.0,0.0,held_out_replay_of_fixed_executed_schedule,7,28834.671829840037,0.5085480040536162,27865.328170159963,512,0.04682425216529493,1355805987,10.603337202988168,0.04682425216529493,0.0,True,0.007178950026259454,0.0,screening,False,P05_normal_full_method_full_MOEA-D_s01,471093869,14.844735200051218,1,algorithms,full_method,0.5085480040536161,full,0.04682425216529493
0.0,MOEA/D,normal,0.05,2338959365,4000,P05,independent,0.0,7,1.303455473735822,0.0,1.4490692530694902,0.04025909529897059,1.0,0.0,held_out_replay_of_fixed_executed_schedule,7,28310.695106621686,0.4993067920039098,28389.304893378314,512,0.0,4117947120,11.356058261890281,0.0,0.0,True,0.007178950026259454,0.0,screening,False,P05_normal_full_method_full_MOEA-D_s02,3127916639,14.721775600221008,2,algorithms,full_method,0.49930679200390987,full,0.0
0.0,MOEA/D,normal,0.05,1648197155,4000,P05,independent,0.0,7,0.8249076275006823,0.0,1.6826005505748305,0.035672495715338,1.0,0.0,held_out_replay_of_fixed_executed_schedule,7,28780.785575015696,0.5075976291889893,27919.214424984304,512,0.018389568854402957,3600885613,10.598008126907517,0.018389568854402957,0.0,True,0.007178950026259454,0.0,screening,False,P05_normal_full_method_full_MOEA-D_s03,953717244,14.534055300056934,3,algorithms,full_method,0.5075976291889892,full,0.018389568854402957
0.0,MOEA/D,normal,0.05000000000000002,3100450504,4000,P05,independent,0.0,7,0.5369976367101621,0.0,2.157382947467691,0.03107399375915178,1.0,0.0,held_out_replay_of_fixed_executed_schedule,7,31818.554871512188,0.5611738072577105,24881.445128487812,512,0.034521331147834546,2936803218,1.1758864210943154,0.034521331147834546,0.0,True,0.007178950026259454,0.0,screening,False,P05_normal_full_method_full_MOEA-D_s04,3758214604,14.616978099569678,4,algorithms,full_method,0.5611738072577104,full,0.034521331147834546
0.0,MOEA/D,normal,0.05,3238993896,4000,P05,independent,0.0,7,0.7467265796554963,0.0,1.2923093572115874,0.029046597275311926,1.0,0.0,held_out_replay_of_fixed_executed_schedule,7,28546.924472856455,0.5034730947593731,28153.075527143545,512,0.038436566036708524,2194844800,10.996144109924298,0.038436566036708524,0.0,True,0.007178950026259454,0.0,screening,False,P05_normal_full_method_full_MOEA-D_s05,2411971995,14.865296700038016,5,algorithms,full_method,0.5034730947593731,full,0.038436566036708524
0.0,MOEA/D,normal,0.05,189380920,4000,P05,independent,0.0,7,0.558791485364615,0.0,3.59313558489304,0.0339001470981746,1.0,0.0,held_out_replay_of_fixed_executed_schedule,7,29040.86494929287,0.5121845670069289,27659.13505070713,512,0.026102666995631924,667919493,9.999999999999996,0.026102666995631924,0.0,True,0.007178950026259454,0.0,screening,False,P05_normal_full_method_full_MOEA-D_s06,1334469670,14.98101649992168,6,algorithms,full_method,0.5121845670069289,full,0.026102666995631924
0.0,MOEA/D,normal,0.05,862790406,4000,P05,independent,0.0,7,0.8425080064946666,0.0,1.3222343122130082,0.04552830530987036,1.0,0.0,held_out_replay_of_fixed_executed_schedule,7,31233.490375256006,0.5508552094401412,25466.509624743994,512,0.006437660746709086,3534777380,2.0550447347994885,0.006437660746709086,0.0,True,0.007178950026259454,0.0,screening,False,P05_normal_full_method_full_MOEA-D_s07,1010951374,14.74908720003441,7,algorithms,full_method,0.5508552094401413,full,0.006437660746709086
0.0,MOEA/D,normal,0.05,1287604003,4000,P05,independent,0.0,7,1.410118422047713,0.0,1.6597007288918244,0.03618366539362894,1.0,0.0,held_out_replay_of_fixed_executed_schedule,7,28731.506856183863,0.5067285159820787,27968.493143816137,512,0.0,1926225720,9.999999999999998,0.0,0.0,True,0.007178950026259454,0.0,screening,False,P05_normal_full_method_full_MOEA-D_s08,2255692243,14.769460200332105,8,algorithms,full_method,0.5067285159820787,full,0.0
0.0,MOEA/D,normal,0.049999999999999996,1701466230,4000,P05,independent,0.0,7,0.9490260713256784,0.0,1.4636943018682673,0.03393346718010038,1.0,0.0,held_out_replay_of_fixed_executed_schedule,7,32115.703105863213,0.5664145168582577,24584.296894136787,512,0.00802490506744161,3387513219,1.0277304766485515,0.00802490506744161,0.0,True,0.007178950026259454,0.0,screening,False,P05_normal_full_method_full_MOEA-D_s09,1754879764,10.901765800081193,9,algorithms,full_method,0.5664145168582577,full,0.00802490506744161
0.0,MOPSO,normal,0.05,365222106,4000,P05,independent,0.0,7,1.0963668614061621,0.0,1.4343002865030852,0.022996394769526064,1.0,0.0,held_out_replay_of_fixed_executed_schedule,7,27109.91013870151,0.47812892660849227,29590.08986129849,512,0.0,3140760178,15.71815619729741,0.0,0.0,True,0.007178950026259454,0.0,screening,False,P05_normal_full_method_full_MOPSO_s00,165838068,7.062354799825698,0,algorithms,full_method,0.4781289266084923,full,0.0
0.0,MOPSO,normal,0.05,4076338479,4000,P05,independent,0.0,7,0.7260047613677231,0.0,1.1655325640837695,0.027101740879330226,1.0,0.0,held_out_replay_of_fixed_executed_schedule,7,29371.28016560488,0.5180119958660473,27328.71983439512,512,0.0,1355805987,8.939680521562313,0.0,0.0,True,0.007178950026259454,0.0,screening,False,P05_normal_full_method_full_MOPSO_s01,471093869,7.108108900021762,1,algorithms,full_method,0.5180119958660473,full,0.0
0.0,MOPSO,normal,0.05,2338959365,4000,P05,independent,0.0,7,1.0931324310514134,0.0,1.3377938920540178,0.027400197573721377,1.0,0.0,held_out_replay_of_fixed_executed_schedule,7,23987.878616740207,0.4230666422705504,32712.121383259793,512,0.0,4117947120,24.8912784898093,0.0,0.0,True,0.007178950026259454,0.0,screening,False,P05_normal_full_method_full_MOPSO_s02,3127916639,7.056289100088179,2,algorithms,full_method,0.4230666422705504,full,0.0
0.0,MOPSO,normal,0.05,1648197155,4000,P05,independent,0.0,7,1.182144654130675,0.0,1.4356462003660986,0.022882385830080565,1.0,0.0,held_out_replay_of_fixed_executed_schedule,7,24484.332568948746,0.4318224438968033,32215.667431051254,512,0.0,3600885613,23.944115575238058,0.0,0.0,True,0.007178950026259454,0.0,screening,False,P05_normal_full_method_full_MOPSO_s03,953717244,7.08227329980582,3,algorithms,full_method,0.43182244389680335,full,0.0
1.774623808337421e-17,MOPSO,normal,0.05000000000000002,3100450504,4000,P05,independent,0.0,7,0.8534958746389789,0.0,1.5130009662608521,0.027757247046544205,1.0,0.0,held_out_replay_of_fixed_executed_schedule,7,31211.342843516657,0.5504646004147559,25488.657156483343,512,1.774623808337421e-17,2936803218,3.0618045799618527,1.774623808337421e-17,1.774623808337421e-17,True,0.007178950026259454,0.0,screening,False,P05_normal_full_method_full_MOPSO_s04,3758214604,7.059592400211841,4,algorithms,full_method,0.5504646004147559,full,0.0
0.0,MOPSO,normal,0.05,3238993896,4000,P05,independent,0.0,7,1.1002183439330935,0.0,1.3142261919227036,0.032925478884055094,1.0,0.0,held_out_replay_of_fixed_executed_schedule,7,26612.36836311116,0.46935393938467657,30087.63163688884,512,0.017761617268829567,2194844800,17.02772041394101,0.017761617268829567,0.0,True,0.007178950026259454,0.0,screening,False,P05_normal_full_method_full_MOPSO_s05,2411971995,7.121817099861801,5,algorithms,full_method,0.46935393938467657,full,0.017761617268829567
0.0,MOPSO,normal,0.05,189380920,4000,P05,independent,0.0,7,0.9121854454956875,0.0,1.2630992133799885,0.03223628431544974,1.0,0.0,held_out_replay_of_fixed_executed_schedule,7,27858.51075069534,0.49133175927152273,28841.48924930466,512,0.0,667919493,13.66421172577261,0.0,0.0,True,0.007178950026259454,0.0,screening,False,P05_normal_full_method_full_MOPSO_s06,1334469670,7.078619399573654,6,algorithms,full_method,0.49133175927152273,full,0.0
0.0,MOPSO,normal,0.05,862790406,4000,P05,independent,0.0,7,1.0204417131290535,0.0,1.3009755713331554,0.022689071756297433,1.0,0.0,held_out_replay_of_fixed_executed_schedule,7,28185.416142263217,0.4970972864596687,28514.583857736783,512,0.0,3534777380,11.613486356553139,0.0,0.0,True,0.007178950026259454,0.0,screening,False,P05_normal_full_method_full_MOPSO_s07,1010951374,7.095920400228351,7,algorithms,full_method,0.4970972864596687,full,0.0
0.0,MOPSO,normal,0.05,1287604003,4000,P05,independent,0.0,7,1.4946986741322812,0.0,1.7032988830321139,0.023533407067139522,1.0,0.0,held_out_replay_of_fixed_executed_schedule,7,25672.25634741848,0.4527734805541178,31027.74365258152,512,0.0,1926225720,19.582948334978294,0.0,0.0,True,0.007178950026259454,0.0,screening,False,P05_normal_full_method_full_MOPSO_s08,2255692243,7.050490099936724,8,algorithms,full_method,0.45277348055411776,full,0.0
0.0,MOPSO,normal,0.049999999999999996,1701466230,4000,P05,independent,0.0,7,1.0257496135849247,0.0,1.4491093686289924,0.020533570151174563,1.0,0.0,held_out_replay_of_fixed_executed_schedule,7,23653.615125963195,0.41717134260958016,33046.384874036805,512,0.0,3387513219,27.10569145157351,0.0,0.0,True,0.007178950026259454,0.0,screening,False,P05_normal_full_method_full_MOPSO_s09,1754879764,14.49308449961245,9,algorithms,full_method,0.4171713426095801,full,0.0
0.0,NSGA-III,normal,0.05,365222106,4000,P05,independent,0.0,7,1.0155819475876227,0.0,3.6999653178830445,0.0322885319975611,1.0,0.0,held_out_replay_of_fixed_executed_schedule,7,30204.71577845415,0.5327110366570397,26495.28422154585,512,0.0,3140760178,6.096732732783919,0.0,0.0,True,0.007178950026259454,0.0,screening,False,P05_normal_full_method_full_NSGA-III_s00,165838068,22.724203600082546,0,algorithms,full_method,0.5327110366570397,full,0.0
0.0,NSGA-III,normal,0.05,4076338479,4000,P05,independent,0.0,7,0.4585507449036953,0.0,1.9231303851736206,0.031179077808720812,1.0,0.0,held_out_replay_of_fixed_executed_schedule,7,29029.276748039276,0.5119801895597755,27670.723251960724,512,0.03638365100039269,1355805987,10.0,0.03638365100039269,0.0,True,0.007178950026259454,0.0,screening,False,P05_normal_full_method_full_NSGA-III_s01,471093869,22.14356329990551,1,algorithms,full_method,0.5119801895597755,full,0.03638365100039269
0.0,NSGA-III,normal,0.05,2338959365,4000,P05,independent,0.0,7,1.0707501661762275,0.0,3.6660606177062824,0.028917333943407942,1.0,0.0,held_out_replay_of_fixed_executed_schedule,7,29523.817251631237,0.5207022442968472,27176.182748368763,512,0.0,4117947120,7.557637617732895,0.0,0.0,True,0.007178950026259454,0.0,screening,False,P05_normal_full_method_full_NSGA-III_s02,3127916639,23.223710800055414,2,algorithms,full_method,0.5207022442968472,full,0.0
0.0,NSGA-III,normal,0.05,1648197155,4000,P05,independent,0.0,7,0.7808128876554112,0.0,1.5549047477944986,0.03237426574375134,1.0,0.0,held_out_replay_of_fixed_executed_schedule,7,28633.976863382155,0.5050084102889268,28066.023136617845,512,0.03497952284834784,3600885613,11.054041240046539,0.03497952284834784,0.0,True,0.007178950026259454,0.0,screening,False,P05_normal_full_method_full_NSGA-III_s03,953717244,22.16995169967413,3,algorithms,full_method,0.5050084102889268,full,0.03497952284834784
0.0,NSGA-III,normal,0.05000000000000002,3100450504,4000,P05,independent,0.0,7,0.38968731373907195,0.0,3.54360166689669,0.03038646979435501,1.0,0.0,held_out_replay_of_fixed_executed_schedule,7,28977.44118038167,0.5110659820173133,27722.55881961833,512,0.07126747793515174,2936803218,10.0,0.07126747793515174,0.0,True,0.007178950026259454,0.0,screening,False,P05_normal_full_method_full_NSGA-III_s04,3758214604,21.710642399732023,4,algorithms,full_method,0.5110659820173133,full,0.07126747793515174
0.0,NSGA-III,normal,0.05,3238993896,4000,P05,independent,0.0,7,0.48288385505460635,0.0,2.21565977260456,0.027072153410112,1.0,0.0,held_out_replay_of_fixed_executed_schedule,7,28657.86357763097,0.5054296927271776,28042.13642236903,512,0.06705156199468118,2194844800,10.650257178976146,0.06705156199468118,0.0,True,0.007178950026259454,0.0,screening,False,P05_normal_full_method_full_NSGA-III_s05,2411971995,22.338359599933028,5,algorithms,full_method,0.5054296927271776,full,0.06705156199468118
0.0,NSGA-III,normal,0.05,189380920,4000,P05,independent,0.0,7,0.6997781421814594,0.0,2.6613682079105914,0.03595552794383973,1.0,0.0,held_out_replay_of_fixed_executed_schedule,7,28840.687729805497,0.5086541045821076,27859.312270194503,512,0.010103609459351997,667919493,10.620365467258654,0.010103609459351997,0.0,True,0.007178950026259454,0.0,screening,False,P05_normal_full_method_full_NSGA-III_s06,1334469670,22.271596199832857,6,algorithms,full_method,0.5086541045821076,full,0.010103609459351997
0.0,NSGA-III,normal,0.05,862790406,4000,P05,independent,0.0,7,0.7225757338010441,0.0,1.4383548582868946,0.03185785592657882,1.0,0.0,held_out_replay_of_fixed_executed_schedule,7,30665.610130908997,0.5408396848484832,26034.389869091003,512,0.0322958743180289,3534777380,3.835857716643596,0.0322958743180289,0.0,True,0.007178950026259454,0.0,screening,False,P05_normal_full_method_full_NSGA-III_s07,1010951374,22.112521100323647,7,algorithms,full_method,0.5408396848484832,full,0.0322958743180289
0.0,NSGA-III,normal,0.05,1287604003,4000,P05,independent,0.0,7,0.9325103788668698,0.0,1.763534063115157,0.0283080872105831,1.0,0.0,held_out_replay_of_fixed_executed_schedule,7,28731.506856183863,0.5067285159820787,27968.493143816137,512,0.041300217291077655,1926225720,9.999999999999998,0.041300217291077655,0.0,True,0.007178950026259454,0.0,screening,False,P05_normal_full_method_full_NSGA-III_s08,2255692243,22.174570999573916,8,algorithms,full_method,0.5067285159820787,full,0.041300217291077655
0.0,NSGA-III,normal,0.049999999999999996,1701466230,4000,P05,independent,0.0,7,0.773295534847838,0.0,1.5518909299013808,0.03625288544872394,1.0,0.0,held_out_replay_of_fixed_executed_schedule,7,31979.38944970971,0.5640103959384428,24720.61055029029,512,0.04059987580737718,3387513219,1.4478138194315688,0.04059987580737718,0.0,True,0.007178950026259454,0.0,screening,False,P05_normal_full_method_full_NSGA-III_s09,1754879764,22.106361200101674,9,algorithms,full_method,0.5640103959384428,full,0.04059987580737718
0.0,NSGA-II,normal,0.05,365222106,4000,P05,independent,0.0,7,0.9544437258829177,0.0,2.540554205558072,0.030210173372190927,1.0,0.0,held_out_replay_of_fixed_executed_schedule,7,30204.71577845415,0.5327110366570397,26495.28422154585,512,0.0,3140760178,6.096732732783919,0.0,0.0,True,0.007178950026259454,0.0,screening,False,P05_normal_full_method_full_NSGA-II_s00,165838068,21.310953200329095,0,algorithms,full_method,0.5327110366570397,full,0.0
0.0,NSGA-II,normal,0.05,4076338479,4000,P05,independent,0.0,7,0.42339102793173455,0.0,1.6119356488052947,0.03380932563930701,1.0,0.0,held_out_replay_of_fixed_executed_schedule,7,28834.671829840037,0.5085480040536162,27865.328170159963,512,0.046602239748412724,1355805987,10.603337202988168,0.046602239748412724,0.0,True,0.007178950026259454,0.0,screening,False,P05_normal_full_method_full_NSGA-II_s01,471093869,20.632290000095963,1,algorithms,full_method,0.5085480040536161,full,0.046602239748412724
0.0,NSGA-II,normal,0.05,2338959365,4000,P05,independent,0.0,7,1.0593498173787523,0.0,4.664704188430175,0.028589134805772014,1.0,0.0,held_out_replay_of_fixed_executed_schedule,7,28181.865381545547,0.49703466281385444,28518.134618454453,512,0.0,4117947120,11.759438489778606,0.0,0.0,True,0.007178950026259454,0.0,screening,False,P05_normal_full_method_full_NSGA-II_s02,3127916639,21.019039999693632,2,algorithms,full_method,0.49703466281385444,full,0.0
0.0,NSGA-II,normal,0.05,1648197155,4000,P05,independent,0.0,7,0.7527557437201693,0.0,1.4848184584103785,0.03700566828531856,1.0,0.0,held_out_replay_of_fixed_executed_schedule,7,28780.785575015696,0.5075976291889893,27919.214424984304,512,0.03497952284834784,3600885613,10.598008126907517,0.03497952284834784,0.0,True,0.007178950026259454,0.0,screening,False,P05_normal_full_method_full_NSGA-II_s03,953717244,20.21800069976598,3,algorithms,full_method,0.5075976291889892,full,0.03497952284834784
0.0,NSGA-II,normal,0.05000000000000002,3100450504,4000,P05,independent,0.0,7,0.4140576185331194,0.0,2.768026259922004,0.032130136658273696,1.0,0.0,held_out_replay_of_fixed_executed_schedule,7,28977.44118038167,0.5110659820173133,27722.55881961833,512,0.06386774029130605,2936803218,10.0,0.06386774029130605,0.0,True,0.007178950026259454,0.0,screening,False,P05_normal_full_method_full_NSGA-II_s04,3758214604,19.373457400128245,4,algorithms,full_method,0.5110659820173133,full,0.06386774029130605
0.0,NSGA-II,normal,0.05,3238993896,4000,P05,independent,0.0,7,0.49006961531765353,0.0,1.628608963576613,0.026150381600049868,1.0,0.0,held_out_replay_of_fixed_executed_schedule,7,28657.86357763097,0.5054296927271776,28042.13642236903,512,0.06705156199468118,2194844800,10.650257178976146,0.06705156199468118,0.0,True,0.007178950026259454,0.0,screening,False,P05_normal_full_method_full_NSGA-II_s05,2411971995,18.907663700170815,5,algorithms,full_method,0.5054296927271776,full,0.06705156199468118
0.0,NSGA-II,normal,0.05,189380920,4000,P05,independent,0.0,7,0.6172899030761682,0.0,1.4404794681007713,0.03607002276872025,1.0,0.0,held_out_replay_of_fixed_executed_schedule,7,29040.86494929287,0.5121845670069289,27659.13505070713,512,0.013728465526771172,667919493,9.999999999999996,0.013728465526771172,0.0,True,0.007178950026259454,0.0,screening,False,P05_normal_full_method_full_NSGA-II_s06,1334469670,19.866617999970913,6,algorithms,full_method,0.5121845670069289,full,0.013728465526771172
0.0,NSGA-II,normal,0.05,862790406,4000,P05,independent,0.0,7,0.6985778238484228,0.0,1.4167216489227772,0.03825604716199446,1.0,0.0,held_out_replay_of_fixed_executed_schedule,7,31419.661144144964,0.5541386445175479,25280.338855855036,512,0.03161395000581185,3534777380,1.4712326980582204,0.03161395000581185,0.0,True,0.007178950026259454,0.0,screening,False,P05_normal_full_method_full_NSGA-II_s07,1010951374,19.888569599948823,7,algorithms,full_method,0.554138644517548,full,0.03161395000581185
0.0,NSGA-II,normal,0.05,1287604003,4000,P05,independent,0.0,7,0.8953210062143921,0.0,1.756112134047145,0.028404480631258982,1.0,0.0,held_out_replay_of_fixed_executed_schedule,7,28731.506856183863,0.5067285159820787,27968.493143816137,512,0.03423580633620828,1926225720,9.999999999999998,0.03423580633620828,0.0,True,0.007178950026259454,0.0,screening,False,P05_normal_full_method_full_NSGA-II_s08,2255692243,19.616205899976194,8,algorithms,full_method,0.5067285159820787,full,0.03423580633620828
0.0,NSGA-II,normal,0.049999999999999996,1701466230,4000,P05,independent,0.0,7,0.588031983626887,0.0,2.2608434008217344,0.027114555776284025,1.0,0.0,held_out_replay_of_fixed_executed_schedule,7,29031.542541189105,0.5120201506382558,27668.457458810895,512,0.06421390870943201,3387513219,10.532313628822799,0.06421390870943201,0.0,True,0.007178950026259454,0.0,screening,False,P05_normal_full_method_full_NSGA-II_s09,1754879764,20.548562800046057,9,algorithms,full_method,0.5120201506382558,full,0.06421390870943201
0.0,SPEA2,normal,0.05,365222106,4000,P05,independent,0.0,7,1.287729650351904,0.0,1.9222346778169992,0.03717953280805735,1.0,0.0,held_out_replay_of_fixed_executed_schedule,7,29302.96782192143,0.5168071926264802,27397.03217807857,512,0.0,3140760178,8.900171771609783,0.0,0.0,True,0.007178950026259454,0.0,screening,False,P05_normal_full_method_full_SPEA2_s00,165838068,44.743118999991566,0,algorithms,full_method,0.5168071926264802,full,0.0
0.0,SPEA2,normal,0.05,4076338479,4000,P05,independent,0.0,7,0.4667107208848626,0.0,1.4994846914456297,0.03333072879331811,1.0,0.0,held_out_replay_of_fixed_executed_schedule,7,28834.671829840037,0.5085480040536162,27865.328170159963,512,0.03408374836142133,1355805987,10.603337202988168,0.03408374836142133,0.0,True,0.007178950026259454,0.0,screening,False,P05_normal_full_method_full_SPEA2_s01,471093869,46.76390720019117,1,algorithms,full_method,0.5085480040536161,full,0.03408374836142133
0.0,SPEA2,normal,0.05,2338959365,4000,P05,independent,0.0,7,1.0709599442934195,0.0,3.621559781209239,0.03406728989899376,1.0,0.0,held_out_replay_of_fixed_executed_schedule,7,29640.43617539954,0.5227590154391454,27059.56382460046,512,0.0,4117947120,7.192490769690275,0.0,0.0,True,0.007178950026259454,0.0,screening,False,P05_normal_full_method_full_SPEA2_s02,3127916639,47.655365800019354,2,algorithms,full_method,0.5227590154391454,full,0.0
0.0,SPEA2,normal,0.05,1648197155,4000,P05,independent,0.0,7,0.7607661332634337,0.0,2.36031595192218,0.0359031818409791,1.0,0.0,held_out_replay_of_fixed_executed_schedule,7,28780.785575015696,0.5075976291889893,27919.214424984304,512,0.03876215914721495,3600885613,10.598008126907517,0.03876215914721495,0.0,True,0.007178950026259454,0.0,screening,False,P05_normal_full_method_full_SPEA2_s03,953717244,46.60337380040437,3,algorithms,full_method,0.5075976291889892,full,0.03876215914721495
0.0,SPEA2,normal,0.05000000000000002,3100450504,4000,P05,independent,0.0,7,0.4408317539585548,0.0,2.722511401460005,0.030379653162427012,1.0,0.0,held_out_replay_of_fixed_executed_schedule,7,28771.999655252326,0.5074426746958082,27928.000344747674,512,0.07126747793515174,2936803218,10.638073498158244,0.07126747793515174,0.0,True,0.007178950026259454,0.0,screening,False,P05_normal_full_method_full_SPEA2_s04,3758214604,46.19361150031909,4,algorithms,full_method,0.5074426746958081,full,0.07126747793515174
0.0,SPEA2,normal,0.05,3238993896,4000,P05,independent,0.0,7,0.5018378570099923,0.0,1.5355875061698767,0.02861190827543319,1.0,0.0,held_out_replay_of_fixed_executed_schedule,7,29076.01227596535,0.5128044493115582,27623.98772403465,512,0.06980352052266402,2194844800,9.346549435518071,0.06980352052266402,0.0,True,0.007178950026259454,0.0,screening,False,P05_normal_full_method_full_SPEA2_s05,2411971995,46.49195109959692,5,algorithms,full_method,0.5128044493115582,full,0.06980352052266402
0.0,SPEA2,normal,0.05,189380920,4000,P05,independent,0.0,7,0.5895728159821296,0.0,2.6362446410809484,0.03442940179846543,1.0,0.0,held_out_replay_of_fixed_executed_schedule,7,29908.24181847987,0.5274822190208089,26791.75818152013,512,0.019432606907066753,667919493,7.311928609456557,0.019432606907066753,0.0,True,0.007178950026259454,0.0,screening,False,P05_normal_full_method_full_SPEA2_s06,1334469670,46.495470200199634,6,algorithms,full_method,0.5274822190208089,full,0.019432606907066753
0.0,SPEA2,normal,0.05,862790406,4000,P05,independent,0.0,7,0.6892125039838242,0.0,1.8318291878396287,0.03377970931740115,1.0,0.0,held_out_replay_of_fixed_executed_schedule,7,31419.661144144964,0.5541386445175479,25280.338855855036,512,0.0389922969423563,3534777380,1.4712326980582204,0.0389922969423563,0.0,True,0.007178950026259454,0.0,screening,False,P05_normal_full_method_full_SPEA2_s07,1010951374,46.17301080003381,7,algorithms,full_method,0.554138644517548,full,0.0389922969423563
0.0,SPEA2,normal,0.05,1287604003,4000,P05,independent,0.0,7,0.9039258269424517,0.0,1.8168824161821768,0.027098170330561878,1.0,0.0,held_out_replay_of_fixed_executed_schedule,7,28507.701759862528,0.5027813361527783,28192.298240137472,512,0.022205744174283688,1926225720,10.701058206579404,0.022205744174283688,0.0,True,0.007178950026259454,0.0,screening,False,P05_normal_full_method_full_SPEA2_s08,2255692243,45.315102599561214,8,algorithms,full_method,0.5027813361527783,full,0.022205744174283688
0.0,SPEA2,normal,0.049999999999999996,1701466230,4000,P05,independent,0.0,7,0.5950649162488111,0.0,2.4877942305637717,0.028381607121935205,1.0,0.0,held_out_replay_of_fixed_executed_schedule,7,28904.13279527689,0.5097730651724319,27795.86720472311,512,0.071028188493453,3387513219,10.924957428983696,0.071028188493453,0.0,True,0.007178950026259454,0.0,screening,False,P05_normal_full_method_full_SPEA2_s09,1754879764,45.15216669999063,9,algorithms,full_method,0.5097730651724319,full,0.071028188493453
0.0,MOABC,matched,0.05,694971547,4000,P06,independent,0.037109375,7,3.07355483274114,0.07572246150841824,15.856256493075387,0.04364788945240689,12.5,0.0,held_out_replay_of_fixed_executed_schedule,7,96616.14280462044,1.703988409252565,-39916.14280462044,512,0.01872983882302421,3319033194,-0.7461469057399728,0.01872983882302421,0.0,False,0.05734588681372429,0.02248745162331635,screening,False,P06_matched_full_method_full_MOABC_s00,2304838970,24.67853430006653,0,algorithms,full_method,1.209293157865851,full,0.01872983882302421
0.08694880577355067,MOABC,matched,0.05,3567611952,4000,P06,independent,0.025390625,7,1.29295881040828,0.035429332075899184,8.985552670767651,0.035219991388668576,12.5,0.0,held_out_replay_of_fixed_executed_schedule,7,92412.7265996807,1.6298540846504532,-35712.7265996807,512,0.1613296137973556,28360653,-1.3521618997234597,0.1613296137973556,0.0,False,0.04302739655157614,0.013587156828088611,screening,False,P06_matched_full_method_full_MOABC_s01,835596083,24.368091399781406,1,algorithms,full_method,1.0579499279335227,full,0.1613296137973556
0.0722665012654139,MOABC,matched,0.049999999999999996,3778271490,4000,P06,independent,0.041015625,7,2.4915578614075686,0.07576105562487348,8.554611670233282,0.033862082142772455,12.5,0.0,held_out_replay_of_fixed_executed_schedule,7,99492.59990504352,1.7547195750448592,-42792.59990504352,512,0.16969640486342868,27811530,-2.925225643365499e-14,0.16969640486342868,0.0,False,0.062015362281175865,0.02556560042788603,screening,False,P06_matched_full_method_full_MOABC_s02,2427619074,25.38924190029502,2,algorithms,full_method,1.2286503293196793,full,0.16969640486342868
0.07210110345800054,MOABC,matched,0.049999999999999996,3665834189,4000,P06,independent,0.03125,7,2.18177072646192,0.06083682878829532,8.106945344819668,0.037249349917872786,12.5,0.0,held_out_replay_of_fixed_executed_schedule,7,94186.63753804738,1.6611399918526875,-37486.63753804738,512,0.07761366237984053,433014157,0.07894525892011499,0.07761366237984053,0.0,False,0.05025287955876002,0.017965442532865916,screening,False,P06_matched_full_method_full_MOABC_s03,1293625730,24.34882580023259,3,algorithms,full_method,1.132852329563223,full,0.07761366237984053
1.8217949677962628e-17,MOABC,matched,0.05,2308529249,4000,P06,independent,0.0234375,7,2.5522934801745034,0.05446203114471223,7.241587602569123,0.03964463600636917,12.5,0.0,held_out_replay_of_fixed_executed_schedule,7,90693.48047131038,1.5995322834446275,-33993.48047131038,512,0.03052125661805089,3242489585,0.8754066840118144,0.03052125661805089,1.8217949677962628e-17,False,0.040582439140948286,0.012167790534685311,screening,False,P06_matched_full_method_full_MOABC_s04,2433836693,25.034584099892527,4,algorithms,full_method,1.072135409978475,full,0.03052125661805089
0.00900279168028437,MOABC,matched,0.05,1581442236,4000,P06,independent,0.03515625,7,6.825354794340786,0.05205077495589588,19.668040155547775,0.07790250980096909,12.5,0.0,held_out_replay_of_fixed_executed_schedule,7,92972.71192909498,1.6397303691198408,-36272.71192909498,512,0.07255634837720619,2689141515,3.4111152635365314,0.07255634837720619,1.8217949677962628e-17,False,0.054994288604838265,0.020966408701819806,screening,False,P06_matched_full_method_full_MOABC_s05,182547111,24.959726799745113,5,algorithms,full_method,1.1208198348354945,full,0.07255634837720619
0.0,MOABC,matched,0.05,989101250,4000,P06,independent,0.044921875,7,9.19152048723503,0.08056961851274604,18.231957440929875,0.06029470345129518,12.5,0.0,held_out_replay_of_fixed_executed_schedule,7,93923.34736799046,1.656496426243218,-37223.34736799046,512,0.0,3098966285,3.6087879775813736,0.0,0.0,False,0.06664470087314162,0.02868645340600739,screening,False,P06_matched_full_method_full_MOABC_s06,240645193,24.785802700091153,6,algorithms,full_method,1.2457930072891015,full,0.0
0.022740789742993046,MOABC,matched,0.05,2607598162,4000,P06,independent,0.017578125,7,3.1951521514890615,0.015635488158128274,14.590211716744996,0.07094076427520343,12.5,0.0,held_out_replay_of_fixed_executed_schedule,7,77659.54118006886,1.3696568109359588,-20959.54118006886,512,0.0815233583546544,1251085960,0.500133246143466,0.0815233583546544,2.115103957611461e-17,False,0.033105620119942024,0.008068548953610121,screening,False,P06_matched_full_method_full_MOABC_s07,851723879,25.50233650021255,7,algorithms,full_method,0.9423540531403989,full,0.0815233583546544
0.08498081382513288,MOABC,matched,0.05,2576946319,4000,P06,independent,0.033203125,7,11.178368818022616,0.0362867180518327,36.26716847313453,0.06154463506783418,12.5,0.0,held_out_replay_of_fixed_executed_schedule,7,86075.76606012741,1.5180911121715592,-29375.76606012741,512,0.19986847590840956,3353735758,-2.8374296818944886,0.19986847590840956,0.0,False,0.052630293172314914,0.01945868698795646,screening,False,P06_matched_full_method_full_MOABC_s08,2709486953,25.704320800025016,8,algorithms,full_method,1.0776812694476687,full,0.19986847590840956
0.010482387203922802,MOABC,matched,0.05,803616447,4000,P06,independent,0.025390625,7,2.111980139044138,0.05637958837064119,7.270537665964916,0.062169954107578626,12.5,0.02663212759391456,held_out_replay_of_fixed_executed_schedule,7,105229.79307837624,1.8559046398302688,-48529.79307837624,512,0.012417894801055518,1634892230,-2.003192684213164,0.02663212759391456,0.0,False,0.04302739655157614,0.013587156828088611,screening,False,P06_matched_full_method_full_MOABC_s09,3485049951,24.766393600031734,9,algorithms,full_method,1.0898068314036131,full,0.012417894801055518
1.8217949677962628e-17,MOEA/D,matched,0.05,694971547,4000,P06,independent,0.037109375,7,4.683345940366988,0.0665343481551464,18.819167252668645,0.05730559328010166,12.5,0.0,held_out_replay_of_fixed_executed_schedule,7,95458.33481374153,1.6835685152335367,-38758.33481374153,512,1.8217949677962628e-17,3319033194,0.46115335021837034,1.8217949677962628e-17,1.8217949677962628e-17,False,0.05734588681372429,0.02248745162331635,screening,False,P06_matched_full_method_full_MOEA-D_s00,2304838970,14.610774099826813,0,algorithms,full_method,1.1720608004023851,full,0.0
0.10365994923545166,MOEA/D,matched,0.05,3567611952,4000,P06,independent,0.017578125,7,0.9747311792431911,0.026218024481983567,7.998394207414288,0.04363956559554763,12.5,0.0,held_out_replay_of_fixed_executed_schedule,7,91984.1869987611,1.6222960669975504,-35284.1869987611,512,0.16545748905408786,28360653,-0.88216802971253,0.16545748905408786,1.9350951101551666e-17,False,0.033105620119942024,0.008068548953610121,screening,False,P06_matched_full_method_full_MOEA-D_s01,835596083,14.78780970023945,1,algorithms,full_method,1.0197953608135002,full,0.16545748905408786
0.0873994000251684,MOEA/D,matched,0.049999999999999996,3778271490,4000,P06,independent,0.041015625,7,6.085670694491906,0.07967668399318263,30.2942914390268,0.07037147416610316,12.5,0.0,held_out_replay_of_fixed_executed_schedule,7,99981.84490714746,1.7633482346939588,-43281.84490714746,512,0.11226422479253272,27811530,-0.4917400917966851,0.11226422479253272,0.0,False,0.062015362281175865,0.02556560042788603,screening,False,P06_matched_full_method_full_MOEA-D_s02,2427619074,14.447165099903941,2,algorithms,full_method,1.2334762542432027,full,0.11226422479253272
2.115103957611461e-17,MOEA/D,matched,0.049999999999999996,3665834189,4000,P06,independent,0.03515625,7,2.221144798154186,0.06422416467056911,12.169564662704877,0.04548563103221548,12.5,0.0,held_out_replay_of_fixed_executed_schedule,7,94548.34669611674,1.6675193420831877,-37848.34669611674,512,0.0837984185532818,433014157,-0.304786038093213,0.0837984185532818,2.115103957611461e-17,False,0.054994288604838265,0.020966408701819806,screening,False,P06_matched_full_method_full_MOEA-D_s03,1293625730,14.290187899954617,3,algorithms,full_method,1.1716937950765456,full,0.0837984185532818
0.0,MOEA/D,matched,0.05,2308529249,4000,P06,independent,0.0234375,7,1.7085053419523906,0.05733417474009503,9.143002097508855,0.03615187670652531,12.5,0.0,held_out_replay_of_fixed_executed_schedule,7,92115.880818665,1.6246187093238977,-35415.880818665,512,0.04487383045058715,3242489585,-0.6792238719149549,0.04487383045058715,0.0,False,0.040582439140948286,0.012167790534685311,screening,False,P06_matched_full_method_full_MOEA-D_s04,2433836693,14.584515799768269,4,algorithms,full_method,1.0835864398960207,full,0.04487383045058715
0.026160376269081836,MOEA/D,matched,0.05,1581442236,4000,P06,independent,0.037109375,7,7.984489549973318,0.05354274597762395,34.553007611859684,0.07076324714114383,12.5,0.0,held_out_replay_of_fixed_executed_schedule,7,96428.0386394336,1.7006708754750193,-39728.038639433595,512,0.08215126845601452,2689141515,-0.17860634860972377,0.08215126845601452,1.8217949677962628e-17,False,0.05734588681372429,0.02248745162331635,screening,False,P06_matched_full_method_full_MOEA-D_s05,182547111,14.746805799659342,5,algorithms,full_method,1.1309236600136898,full,0.08215126845601452
0.02676186578426565,MOEA/D,matched,0.05,989101250,4000,P06,independent,0.044921875,7,2.7635879489160637,0.08493541493642266,10.179202952804367,0.05352708571727331,12.5,0.0,held_out_replay_of_fixed_executed_schedule,7,97875.10321135673,1.7261922964965914,-41175.103211356734,512,0.07789524006948745,3098966285,-0.4468014581989805,0.07789524006948745,2.115103957611461e-17,False,0.06664470087314162,0.02868645340600739,screening,False,P06_matched_full_method_full_MOEA-D_s06,240645193,14.73259470006451,6,algorithms,full_method,1.2787603805285233,full,0.07789524006948745
0.0330883550412938,MOEA/D,matched,0.05,2607598162,4000,P06,independent,0.01953125,7,0.9825971012928774,0.019766046780312463,39.07419758136925,0.06535476181932441,12.5,0.0,held_out_replay_of_fixed_executed_schedule,7,85051.41044445714,1.500024875563618,-28351.410444457142,512,0.07230706577360163,1251085960,-8.97056405250763,0.07230706577360163,0.0,False,0.035624636181676994,0.009404755122447006,screening,False,P06_matched_full_method_full_MOEA-D_s07,851723879,15.005179800093174,7,algorithms,full_method,0.9865575963175647,full,0.07230706577360163
0.1044221338011789,MOEA/D,matched,0.05,2576946319,4000,P06,independent,0.029296875,7,1.6695536783554399,0.03828187358818479,19.75364106379523,0.048298823552167025,12.5,0.0,held_out_replay_of_fixed_executed_schedule,7,83519.57818895631,1.4730084336676597,-26819.578188956308,512,0.2252408717081251,3353735758,0.21652850503170526,0.2252408717081251,0.0,False,0.04786087313588519,0.01648801460911842,screening,False,P06_matched_full_method_full_MOEA-D_s08,2709486953,14.730852500069886,8,algorithms,full_method,1.0880763540246932,full,0.2252408717081251
0.022397445384579214,MOEA/D,matched,0.05,803616447,4000,P06,independent,0.0234375,7,1.8761286963712518,0.055307647751722006,12.052933331716806,0.04229814078673106,12.5,0.01243463403187925,held_out_replay_of_fixed_executed_schedule,7,103774.54998826762,1.8302389768653902,-47074.54998826762,512,0.0711730868633428,1634892230,-0.5925708728392696,0.0711730868633428,1.8217949677962628e-17,False,0.040582439140948286,0.012167790534685311,screening,False,P06_matched_full_method_full_MOEA-D_s09,3485049951,14.726604099851102,9,algorithms,full_method,1.0874353933621743,full,0.0711730868633428
0.0,MOPSO,matched,0.05,694971547,4000,P06,independent,0.033203125,7,2.8212804646446488,0.07313359031018943,16.044455928515497,0.05515974233024231,12.5,0.0,held_out_replay_of_fixed_executed_schedule,7,96833.30978107834,1.7078185146574663,-40133.30978107834,512,0.011833401828541723,3319033194,-0.9725970151957655,0.011833401828541723,0.0,False,0.052630293172314914,0.01945868698795646,screening,False,P06_matched_full_method_full_MOPSO_s00,2304838970,14.686896600294858,0,algorithms,full_method,1.19101870498423,full,0.011833401828541723
0.04429682496586973,MOPSO,matched,0.05,3567611952,4000,P06,independent,0.021484375,7,0.9829028802253128,0.03468250668292435,10.89093710045686,0.04284191186815173,12.5,0.0,held_out_replay_of_fixed_executed_schedule,7,92609.00991249942,1.6333158714726528,-35909.009912499416,512,0.20778225586792334,28360653,-1.5674324455779705,0.20778225586792334,0.0,False,0.0381157716754838,0.01077255408609197,screening,False,P06_matched_full_method_full_MOPSO_s01,835596083,14.630757600069046,1,algorithms,full_method,1.0467950106677617,full,0.20778225586792334
0.048491346657166624,MOPSO,matched,0.049999999999999996,3778271490,4000,P06,independent,0.041015625,7,2.4240362605791446,0.07831495901697526,6.994183959555235,0.04307703671978893,12.5,0.0,held_out_replay_of_fixed_executed_schedule,7,101863.36278455393,1.7965319715088877,-45163.36278455393,512,0.17951031411957682,27811530,-2.3828534803323196,0.17951031411957682,0.0,False,0.062015362281175865,0.02556560042788603,screening,False,P06_matched_full_method_full_MOPSO_s02,2427619074,14.668317799922079,2,algorithms,full_method,1.2339194865941945,full,0.17951031411957682
0.08537809770395702,MOPSO,matched,0.049999999999999996,3665834189,4000,P06,independent,0.033203125,7,2.168645155880583,0.06170223025500937,10.033698101788648,0.052019477775621006,12.5,0.0,held_out_replay_of_fixed_executed_schedule,7,94114.29887959993,1.6598641777707217,-37414.298879599926,512,0.09736036198953843,433014157,0.15568815196270908,0.09736036198953843,0.0,False,0.052630293172314914,0.01945868698795646,screening,False,P06_matched_full_method_full_MOPSO_s03,1293625730,14.570702100172639,3,algorithms,full_method,1.1420816503971711,full,0.09736036198953843
0.0,MOPSO,matched,0.05,2308529249,4000,P06,independent,0.0234375,7,1.8052684120260993,0.05454499032664836,6.067664010890939,0.042515080480366764,12.5,0.0,held_out_replay_of_fixed_executed_schedule,7,91508.73359923899,1.6139106454892238,-34808.733599238985,512,0.014785239754122041,3242489585,-0.01563459409939323,0.014785239754122041,0.0,False,0.040582439140948286,0.012167790534685311,screening,False,P06_matched_full_method_full_MOPSO_s04,2433836693,14.537060000002384,4,algorithms,full_method,1.0918297155726167,full,0.014785239754122041
0.12907687501921766,MOPSO,matched,0.05,1581442236,4000,P06,independent,0.0390625,7,3.209815830129946,0.06279255458606997,12.025223621127331,0.05867691996206281,12.5,0.0,held_out_replay_of_fixed_executed_schedule,7,94310.75933373818,1.6633290887784513,-37610.759333738184,512,0.12907687501921766,2689141515,2.0210245169358387,0.12907687501921766,0.0,False,0.05968598191731192,0.024020809593503667,screening,False,P06_matched_full_method_full_MOPSO_s05,182547111,14.54002910014242,5,algorithms,full_method,1.1656689643720566,full,0.12907687501921766
0.02086031656416265,MOPSO,matched,0.05,989101250,4000,P06,independent,0.041015625,7,2.973911858790834,0.07939838151287631,11.915216915320066,0.04411525122866059,12.5,0.0,held_out_replay_of_fixed_executed_schedule,7,95265.52373783106,1.6801679671575143,-38565.523737831056,512,0.07191204153244254,3098966285,2.23134551346327,0.07191204153244254,0.0,False,0.062015362281175865,0.02556560042788603,screening,False,P06_matched_full_method_full_MOPSO_s06,240645193,14.729464400094002,6,algorithms,full_method,1.2385282615986117,full,0.07191204153244254
0.06299282526869597,MOPSO,matched,0.05,2607598162,4000,P06,independent,0.01953125,7,5.637946225184592,0.01697644883686491,16.054582992340983,0.07597446537859276,12.5,0.0,held_out_replay_of_fixed_executed_schedule,7,79159.76736935566,1.3961158266200293,-22459.767369355657,512,0.08332358955146965,1251085960,-1.422004119934518,0.08332358955146965,1.8690807681317883e-17,False,0.035624636181676994,0.009404755122447006,screening,False,P06_matched_full_method_full_MOPSO_s07,851723879,14.536338800098747,7,algorithms,full_method,0.9832091769133874,full,0.08332358955146965
0.09585337160673228,MOPSO,matched,0.05,2576946319,4000,P06,independent,0.033203125,7,1.59265074709349,0.04558384806731661,6.979562236655108,0.04089333710810131,12.5,0.0,held_out_replay_of_fixed_executed_schedule,7,90567.78153219343,1.5973153709381558,-33867.78153219343,512,0.19010479745176523,3353735758,-8.204182095295987,0.19010479745176523,0.0,False,0.052630293172314914,0.01945868698795646,screening,False,P06_matched_full_method_full_MOPSO_s08,2709486953,14.772496100049466,8,algorithms,full_method,1.1158674527974488,full,0.19010479745176523
0.0038456336104286913,MOPSO,matched,0.05,803616447,4000,P06,independent,0.029296875,7,1.9152914118475861,0.05312184043731024,2.018929925210843,0.056269711657292984,12.5,0.008732372185588876,held_out_replay_of_fixed_executed_schedule,7,103395.06814902286,1.8235461754677753,-46695.06814902286,512,0.0727755902618485,1634892230,-0.22472486614976864,0.0727755902618485,0.0,False,0.04786087313588519,0.01648801460911842,screening,False,P06_matched_full_method_full_MOPSO_s09,3485049951,14.784671999979764,9,algorithms,full_method,1.0793145996568123,full,0.0727755902618485
1.9350951101551666e-17,NSGA-III,matched,0.05,694971547,4000,P06,independent,0.037109375,7,2.808649263753377,0.07296598792477446,12.615911216289366,0.058062805913303,12.5,0.0,held_out_replay_of_fixed_executed_schedule,7,96238.36389674438,1.6973256419178904,-39538.363896744384,512,0.04569841100870554,3319033194,-0.35221926336103426,0.04569841100870554,1.9350951101551666e-17,False,0.05734588681372429,0.02248745162331635,screening,False,P06_matched_full_method_full_NSGA-III_s00,2304838970,26.048319399822503,0,algorithms,full_method,1.1966731457001438,full,0.04569841100870554
0.06292601896423092,NSGA-III,matched,0.05,3567611952,4000,P06,independent,0.017578125,7,0.9861611755331446,0.025740392020186787,9.202687897268323,0.05224266894065739,12.5,0.0,held_out_replay_of_fixed_executed_schedule,7,91869.786242286,1.6202784169715345,-35169.786242286005,512,0.1657181992094244,28360653,-0.7567008519942331,0.1657181992094244,0.0,False,0.033105620119942024,0.008068548953610121,screening,False,P06_matched_full_method_full_NSGA-III_s01,835596083,26.294354899786413,1,algorithms,full_method,0.9807053029797482,full,0.1657181992094244
0.05647881679315824,NSGA-III,matched,0.049999999999999996,3778271490,4000,P06,independent,0.041015625,7,2.6696663107653773,0.06644235923544928,23.1140583235996,0.057848230840348756,12.5,0.0,held_out_replay_of_fixed_executed_schedule,7,98050.51558828574,1.7292859892113885,-41350.515588285736,512,0.1798393850452459,27811530,1.4494387704553822,0.1798393850452459,0.0,False,0.062015362281175865,0.02556560042788603,screening,False,P06_matched_full_method_full_NSGA-III_s02,2427619074,26.44687980040908,2,algorithms,full_method,1.2109762486358084,full,0.1798393850452459
0.06192831317196191,NSGA-III,matched,0.049999999999999996,3665834189,4000,P06,independent,0.03125,7,2.1462456975740904,0.06304793904178631,9.191267436342741,0.036741430423335344,12.5,0.0,held_out_replay_of_fixed_executed_schedule,7,94869.68525869245,1.673186688865828,-38169.68525869245,512,0.07405096041909535,433014157,-0.6456888342948155,0.07405096041909535,0.0,False,0.05025287955876002,0.017965442532865916,screening,False,P06_matched_full_method_full_NSGA-III_s03,1293625730,26.211558000184596,3,algorithms,full_method,1.1439433936977768,full,0.07405096041909535
0.0,NSGA-III,matched,0.05,2308529249,4000,P06,independent,0.0234375,7,1.7366304992965511,0.05884493754418899,9.297066376525724,0.03374848385731661,12.5,0.0,held_out_replay_of_fixed_executed_schedule,7,91812.58506204993,1.6192695778139317,-35112.585062049926,512,0.02105854560968824,3242489585,-0.3477329160855074,0.02105854560968824,0.0,False,0.040582439140948286,0.012167790534685311,screening,False,P06_matched_full_method_full_NSGA-III_s04,2433836693,26.5608769999817,4,algorithms,full_method,1.0969996421305164,full,0.02105854560968824
0.07987168376797284,NSGA-III,matched,0.05,1581442236,4000,P06,independent,0.033203125,7,5.65806297543315,0.05524682445769506,25.645088419484054,0.0537204861672404,12.5,0.0,held_out_replay_of_fixed_executed_schedule,7,97458.47404647744,1.7188443394440465,-40758.47404647744,512,0.09307235963007733,2689141515,-1.2491205316878007,0.09307235963007733,1.9350951101551666e-17,False,0.052630293172314914,0.01945868698795646,screening,False,P06_matched_full_method_full_NSGA-III_s05,182547111,26.26620729966089,5,algorithms,full_method,1.1518957462360628,full,0.09307235963007733
0.00669721748369452,NSGA-III,matched,0.05,989101250,4000,P06,independent,0.04296875,7,3.1175129942782123,0.08950976491522508,20.772065759211745,0.06743897943038797,12.5,0.0,held_out_replay_of_fixed_executed_schedule,7,97811.99561494845,1.7250792877415952,-41111.99561494845,512,0.03722740748056906,3098966285,-0.3820356904098171,0.03722740748056906,2.115103957611461e-17,False,0.06433472729540066,0.027121045491155363,screening,False,P06_matched_full_method_full_NSGA-III_s06,240645193,26.368322600144893,6,algorithms,full_method,1.2734766550891583,full,0.03722740748056906
0.024053026684010173,NSGA-III,matched,0.05,2607598162,4000,P06,independent,0.01953125,7,1.0143671243920045,0.020410779966472444,12.25421882277109,0.05468621598022869,12.5,0.0,held_out_replay_of_fixed_executed_schedule,7,85355.41030716865,1.5053864251705231,-28655.410307168655,512,0.06785386969029603,1251085960,-9.360058316488026,0.06785386969029603,0.0,False,0.035624636181676994,0.009404755122447006,screening,False,P06_matched_full_method_full_NSGA-III_s07,851723879,26.218185800127685,7,algorithms,full_method,1.0072930508882254,full,0.06785386969029603
0.03778091842833468,NSGA-III,matched,0.05,2576946319,4000,P06,independent,0.033203125,7,1.6008397138953385,0.040984473596543405,20.278895457681518,0.04722479246072088,12.5,0.0,held_out_replay_of_fixed_executed_schedule,7,85396.28689148497,1.5061073525835091,-28696.286891484968,512,0.17204080119995233,3353735758,-2.0256345109195566,0.17204080119995233,0.0,False,0.052630293172314914,0.01945868698795646,screening,False,P06_matched_full_method_full_NSGA-III_s08,2709486953,26.474130399990827,8,algorithms,full_method,1.1022854683555232,full,0.17204080119995233
0.05443477178193975,NSGA-III,matched,0.05,803616447,4000,P06,independent,0.0234375,7,1.9244057730393835,0.054433063359049336,6.379258480647639,0.0355882275749657,12.5,0.009462386435227718,held_out_replay_of_fixed_executed_schedule,7,103469.89460961084,1.8248658661307027,-46769.89460961084,512,0.05443477178193975,1634892230,-0.29725696617536446,0.05443477178193975,0.0,False,0.040582439140948286,0.012167790534685311,screening,False,P06_matched_full_method_full_NSGA-III_s09,3485049951,26.31579460017383,9,algorithms,full_method,1.0752678501012243,full,0.05443477178193975
1.9350951101551666e-17,NSGA-II,matched,0.05,694971547,4000,P06,independent,0.037109375,7,2.8379540809772537,0.0754710971358869,17.953172443326913,0.07013992416385088,12.5,0.0,held_out_replay_of_fixed_executed_schedule,7,98092.81677225535,1.7300320418387187,-41392.81677225535,512,0.04858977698911984,3319033194,-2.285943550034429,0.04858977698911984,1.9350951101551666e-17,False,0.05734588681372429,0.02248745162331635,screening,False,P06_matched_full_method_full_NSGA-II_s00,2304838970,26.01631259964779,0,algorithms,full_method,1.2119266093303354,full,0.04858977698911984
0.08044712675176667,NSGA-II,matched,0.05,3567611952,4000,P06,independent,0.017578125,7,0.976881234354617,0.02610564588246238,6.951962275691185,0.03426714795720099,12.5,0.0,held_out_replay_of_fixed_executed_schedule,7,91504.74012786962,1.6138402138954078,-34804.74012786962,512,0.16537446252783725,28360653,-0.3563424354585357,0.16537446252783725,0.0,False,0.033105620119942024,0.008068548953610121,screening,False,P06_matched_full_method_full_NSGA-II_s01,835596083,26.161955300252885,1,algorithms,full_method,1.0008885887070178,full,0.16537446252783725
0.05647881679315824,NSGA-II,matched,0.049999999999999996,3778271490,4000,P06,independent,0.041015625,7,2.6696663107653773,0.06644235923544928,23.1140583235996,0.057848230840348756,12.5,0.0,held_out_replay_of_fixed_executed_schedule,7,98050.51558828574,1.7292859892113885,-41350.515588285736,512,0.1798393850452459,27811530,1.4494387704553822,0.1798393850452459,0.0,False,0.062015362281175865,0.02556560042788603,screening,False,P06_matched_full_method_full_NSGA-II_s02,2427619074,25.998859900049865,2,algorithms,full_method,1.2109762486358084,full,0.1798393850452459
0.06192831317196191,NSGA-II,matched,0.049999999999999996,3665834189,4000,P06,independent,0.03125,7,2.1462456975740904,0.06304793904178631,9.191267436342741,0.036741430423335344,12.5,0.0,held_out_replay_of_fixed_executed_schedule,7,94869.68525869245,1.673186688865828,-38169.68525869245,512,0.07405096041909535,433014157,-0.6456888342948155,0.07405096041909535,0.0,False,0.05025287955876002,0.017965442532865916,screening,False,P06_matched_full_method_full_NSGA-II_s03,1293625730,26.59267170028761,3,algorithms,full_method,1.1439433936977768,full,0.07405096041909535
0.0,NSGA-II,matched,0.05,2308529249,4000,P06,independent,0.0234375,7,1.7366304992965511,0.05884493754418899,9.297066376525724,0.03374848385731661,12.5,0.0,held_out_replay_of_fixed_executed_schedule,7,91812.58506204993,1.6192695778139317,-35112.585062049926,512,0.02105854560968824,3242489585,-0.3477329160855074,0.02105854560968824,0.0,False,0.040582439140948286,0.012167790534685311,screening,False,P06_matched_full_method_full_NSGA-II_s04,2433836693,26.94930180022493,4,algorithms,full_method,1.0969996421305164,full,0.02105854560968824
0.08231426291232855,NSGA-II,matched,0.05,1581442236,4000,P06,independent,0.033203125,7,4.338641576647154,0.05565444258572387,23.111254084893908,0.04467604273845723,12.5,0.0,held_out_replay_of_fixed_executed_schedule,7,97740.12999801917,1.7238118165435479,-41040.12999801917,512,0.09068124705546435,2689141515,-1.5417314889711689,0.09068124705546435,0.0,False,0.052630293172314914,0.01945868698795646,screening,False,P06_matched_full_method_full_NSGA-II_s05,182547111,26.671978199854493,5,algorithms,full_method,1.1547138263572567,full,0.09068124705546435
0.00669721748369452,NSGA-II,matched,0.05,989101250,4000,P06,independent,0.04296875,7,3.1175129942782123,0.08950976491522508,20.772065759211745,0.06743897943038797,12.5,0.0,held_out_replay_of_fixed_executed_schedule,7,97811.99561494845,1.7250792877415952,-41111.99561494845,512,0.03722740748056906,3098966285,-0.3820356904098171,0.03722740748056906,2.115103957611461e-17,False,0.06433472729540066,0.027121045491155363,screening,False,P06_matched_full_method_full_NSGA-II_s06,240645193,26.78178839990869,6,algorithms,full_method,1.2734766550891583,full,0.03722740748056906
0.02646911992485317,NSGA-II,matched,0.05,2607598162,4000,P06,independent,0.01953125,7,4.871883377335344,0.02086245192376236,34.75945066044838,0.06489224281875022,12.5,0.0,held_out_replay_of_fixed_executed_schedule,7,84386.63998183375,1.4883005287801367,-27686.639981833752,512,0.08593035060351938,1251085960,-8.118839055838414,0.08593035060351938,2.115103957611461e-17,False,0.035624636181676994,0.009404755122447006,screening,False,P06_matched_full_method_full_NSGA-II_s07,851723879,26.395750100258738,7,algorithms,full_method,1.0278157541727435,full,0.08593035060351938
0.03778091842833468,NSGA-II,matched,0.05,2576946319,4000,P06,independent,0.033203125,7,1.6008397138953385,0.040984473596543405,20.278895457681518,0.04722479246072088,12.5,0.0,held_out_replay_of_fixed_executed_schedule,7,85396.28689148497,1.5061073525835091,-28696.286891484968,512,0.17204080119995233,3353735758,-2.0256345109195566,0.17204080119995233,0.0,False,0.052630293172314914,0.01945868698795646,screening,False,P06_matched_full_method_full_NSGA-II_s08,2709486953,26.156710099894553,8,algorithms,full_method,1.1022854683555232,full,0.17204080119995233
0.05443477178193975,NSGA-II,matched,0.05,803616447,4000,P06,independent,0.0234375,7,1.9244057730393835,0.054433063359049336,6.379258480647639,0.0355882275749657,12.5,0.009462386435227718,held_out_replay_of_fixed_executed_schedule,7,103469.89460961084,1.8248658661307027,-46769.89460961084,512,0.05443477178193975,1634892230,-0.29725696617536446,0.05443477178193975,0.0,False,0.040582439140948286,0.012167790534685311,screening,False,P06_matched_full_method_full_NSGA-II_s09,3485049951,25.978804199956357,9,algorithms,full_method,1.0752678501012243,full,0.05443477178193975
0.0,SPEA2,matched,0.05,694971547,4000,P06,independent,0.037109375,7,2.872141626469004,0.07540144442205284,26.14154270460903,0.06216958119786058,12.5,0.0,held_out_replay_of_fixed_executed_schedule,7,97630.96524290298,1.7218865122205111,-40930.96524290298,512,0.06224151922613962,3319033194,-1.8043494739920036,0.06224151922613962,0.0,False,0.05734588681372429,0.02248745162331635,screening,False,P06_matched_full_method_full_SPEA2_s00,2304838970,51.39848920004442,0,algorithms,full_method,1.212272177706821,full,0.06224151922613962
0.09839686622275189,SPEA2,matched,0.05,3567611952,4000,P06,independent,0.0234375,7,1.2689743943242178,0.035298547927766766,4.685977196964334,0.036801749566016596,12.5,0.0,held_out_replay_of_fixed_executed_schedule,7,91998.086265369,1.622541203974762,-35298.086265369,512,0.16185212564090162,28360653,-0.8974118253602184,0.16185212564090162,0.0,False,0.040582439140948286,0.012167790534685311,screening,False,P06_matched_full_method_full_SPEA2_s01,835596083,55.39412980014458,1,algorithms,full_method,1.0606423042947704,full,0.16185212564090162
0.020143366127930194,SPEA2,matched,0.049999999999999996,3778271490,4000,P06,independent,0.041015625,7,2.553413636376649,0.06961938452462524,11.149768596828721,0.043809942955651375,12.5,0.0,held_out_replay_of_fixed_executed_schedule,7,99656.83600245068,1.7576161552460439,-42956.836002450684,512,0.16969883296122368,27811530,-0.16507368142348353,0.16969883296122368,0.0,False,0.062015362281175865,0.02556560042788603,screening,False,P06_matched_full_method_full_SPEA2_s02,2427619074,54.03485770011321,2,algorithms,full_method,1.2143843952856344,full,0.16969883296122368
0.0,SPEA2,matched,0.049999999999999996,3665834189,4000,P06,independent,0.033203125,7,2.143296388413906,0.063863148484776,9.766553208873711,0.03624247182787098,12.5,0.0,held_out_replay_of_fixed_executed_schedule,7,94622.79708853352,1.668832400150503,-37922.79708853352,512,0.10333481375452751,433014157,-0.38376923497362897,0.10333481375452751,0.0,False,0.052630293172314914,0.01945868698795646,screening,False,P06_matched_full_method_full_SPEA2_s03,1293625730,55.41872109984979,3,algorithms,full_method,1.1585713758380827,full,0.10333481375452751
0.0,SPEA2,matched,0.05,2308529249,4000,P06,independent,0.0234375,7,1.7366304992965511,0.05884493754418899,9.297066376525724,0.03374848385731661,12.5,0.0,held_out_replay_of_fixed_executed_schedule,7,91812.58506204993,1.6192695778139317,-35112.585062049926,512,0.02105854560968824,3242489585,-0.3477329160855074,0.02105854560968824,0.0,False,0.040582439140948286,0.012167790534685311,screening,False,P06_matched_full_method_full_SPEA2_s04,2433836693,54.48689589975402,4,algorithms,full_method,1.0969996421305164,full,0.02105854560968824
0.08524381672027681,SPEA2,matched,0.05,1581442236,4000,P06,independent,0.033203125,7,2.4160999113706847,0.04990553588204037,10.492676896156894,0.04138739574143024,12.5,0.0,held_out_replay_of_fixed_executed_schedule,7,96413.10896956461,1.7004075656007867,-39713.10896956461,512,0.08524381672027681,2689141515,-0.16309598936335928,0.08524381672027681,0.0,False,0.052630293172314914,0.01945868698795646,screening,False,P06_matched_full_method_full_SPEA2_s05,182547111,55.419540100265294,5,algorithms,full_method,1.1306625999143876,full,0.08524381672027681
0.0,SPEA2,matched,0.05,989101250,4000,P06,independent,0.044921875,7,2.9494246895512046,0.09481966978943275,6.879752263382606,0.029343954047123543,12.5,0.0,held_out_replay_of_fixed_executed_schedule,7,98066.64991858785,1.729570545301373,-41366.64991858785,512,0.04706009713627161,3098966285,-0.6433811136979599,0.04706009713627161,0.0,False,0.06664470087314162,0.02868645340600739,screening,False,P06_matched_full_method_full_SPEA2_s06,240645193,56.14262249972671,6,algorithms,full_method,1.2935581020611921,full,0.04706009713627161
0.03277179271170103,SPEA2,matched,0.05,2607598162,4000,P06,independent,0.01953125,7,0.9729247076922526,0.01983247086066642,4.798592817799378,0.03460001219604592,12.5,0.0,held_out_replay_of_fixed_executed_schedule,7,84886.00915739346,1.4971077452803079,-28186.009157393462,512,0.07219541287840257,1251085960,-8.758646678625741,0.07219541287840257,0.0,False,0.035624636181676994,0.009404755122447006,screening,False,P06_matched_full_method_full_SPEA2_s07,851723879,54.367057100404054,7,algorithms,full_method,1.0033468371295426,full,0.07219541287840257
0.024820791617494075,SPEA2,matched,0.05,2576946319,4000,P06,independent,0.033203125,7,1.9307876309351615,0.042099484046531875,18.864958750431853,0.05645339557608067,12.5,0.0,held_out_replay_of_fixed_executed_schedule,7,84528.19095176648,1.4907970185496733,-27828.190951766475,512,0.17484886631346883,3353735758,-0.988492940833756,0.17484886631346883,1.9350951101551666e-17,False,0.052630293172314914,0.01945868698795646,screening,False,P06_matched_full_method_full_SPEA2_s08,2709486953,54.139245099853724,8,algorithms,full_method,1.1111918259952727,full,0.17484886631346883
0.01772710973259364,SPEA2,matched,0.05,803616447,4000,P06,independent,0.02734375,7,2.0767884551217324,0.05683005073737776,8.392767723435238,0.036101786612948154,12.5,0.012880141481006142,held_out_replay_of_fixed_executed_schedule,7,103820.21450180313,1.831044347474482,-47120.21450180313,512,0.01772710973259364,1634892230,-0.6368352017591589,0.01772710973259364,0.0,False,0.04545291098745593,0.015027969215664629,screening,False,P06_matched_full_method_full_SPEA2_s09,3485049951,55.01006189966574,9,algorithms,full_method,1.0902493484046003,full,0.01772710973259364
0.0,MOABC,normal,0.05,694971547,4000,P06,independent,0.0,7,0.04756674287587538,0.0,0.07771113036586985,0.05094533334621925,1.0,0.0,held_out_replay_of_fixed_executed_schedule,7,18563.58246962417,0.3274000435559818,38136.41753037583,512,0.0,3319033194,18.78068197328892,0.0,0.0,True,0.007178950026259454,0.0,screening,False,P06_normal_full_method_full_MOABC_s00,2304838970,17.60074060037732,0,algorithms,full_method,0.32740004355598173,full,0.0
0.0,MOABC,normal,0.05,3567611952,4000,P06,independent,0.0,7,0.00022052514310463844,0.0,0.20713137932785355,0.036967009429686004,1.0,0.0,held_out_replay_of_fixed_executed_schedule,7,20533.665725533338,0.3621457799917696,36166.33427446666,512,0.0,28360653,9.999999999999991,0.0,0.0,True,0.007178950026259454,0.0,screening,False,P06_normal_full_method_full_MOABC_s01,835596083,17.701310199685395,1,algorithms,full_method,0.36214577999176956,full,0.0
0.0,MOABC,normal,0.05000000000000001,3778271490,4000,P06,independent,0.0,7,0.015792108980202585,0.0,0.03567341050170317,0.05386727652096683,1.0,0.0,held_out_replay_of_fixed_executed_schedule,7,19842.72029302796,0.34995979352782997,36857.27970697204,512,0.0,27811530,12.933260147948419,0.0,0.0,True,0.007178950026259454,0.0,screening,False,P06_normal_full_method_full_MOABC_s02,2427619074,17.70538119971752,2,algorithms,full_method,0.34995979352782997,full,0.0
0.0,MOABC,normal,0.05,3665834189,4000,P06,independent,0.0,7,0.0,0.0,0.9007926952036198,0.03330975851963195,1.0,0.0,held_out_replay_of_fixed_executed_schedule,7,20469.91092979806,0.36102135678656194,36230.08907020194,512,0.013447902735100319,433014157,9.999999999999998,0.013447902735100319,0.0,True,0.007178950026259454,0.0,screening,False,P06_normal_full_method_full_MOABC_s03,1293625730,17.855349000077695,3,algorithms,full_method,0.36102135678656194,full,0.013447902735100319
0.0,MOABC,normal,0.05,2308529249,4000,P06,independent,0.0,7,0.0,0.0,0.23200113225653488,0.035881945160150995,1.0,0.0,held_out_replay_of_fixed_executed_schedule,7,20464.981284618767,0.3609344141908072,36235.01871538123,512,0.0,3242489585,9.999999999999993,0.0,0.0,True,0.007178950026259454,0.0,screening,False,P06_normal_full_method_full_MOABC_s04,2433836693,17.952794699929655,4,algorithms,full_method,0.36093441419080713,full,0.0
0.0,MOABC,normal,0.049999999999999996,1581442236,4000,P06,independent,0.0,7,0.0,0.0,0.5073876438975805,0.03335743713623447,1.0,0.0,held_out_replay_of_fixed_executed_schedule,7,19759.84815151694,0.3484982037304575,36940.15184848306,512,0.0,2689141515,13.091321726013646,0.0,0.0,True,0.007178950026259454,0.0,screening,False,P06_normal_full_method_full_MOABC_s05,182547111,17.99520089989528,5,algorithms,full_method,0.3484982037304575,full,0.0
0.0,MOABC,normal,0.04999999999999999,989101250,4000,P06,independent,0.0,7,0.00822457040527455,0.0,0.7735587904587191,0.02868390587073855,1.0,0.0,held_out_replay_of_fixed_executed_schedule,7,20315.967604639794,0.3583063069601375,36384.032395360206,512,0.0,3098966285,11.193029506815153,0.0,0.0,True,0.007178950026259454,0.0,screening,False,P06_normal_full_method_full_MOABC_s06,240645193,17.6808493998833,6,algorithms,full_method,0.35830630696013754,full,0.0
0.0,MOABC,normal,0.05,2607598162,4000,P06,independent,0.0,7,0.0,0.0,0.7540696788518,0.02429195467756065,1.0,0.0,held_out_replay_of_fixed_executed_schedule,7,20407.724750046793,0.3599245987662574,36292.27524995321,512,0.0,1251085960,10.105180069378171,0.0,0.0,True,0.007178950026259454,0.0,screening,False,P06_normal_full_method_full_MOABC_s07,851723879,18.375341299921274,7,algorithms,full_method,0.3599245987662574,full,0.0
0.0,MOABC,normal,0.05,2576946319,4000,P06,independent,0.0,7,0.0,0.0,1.1758401468911521,0.021553940452636443,1.0,0.0,held_out_replay_of_fixed_executed_schedule,7,20221.951327504055,0.3566481715609181,36478.04867249595,512,0.019580021433512167,3353735758,10.382856773432044,0.019580021433512167,0.0,True,0.007178950026259454,0.0,screening,False,P06_normal_full_method_full_MOABC_s08,2709486953,17.868494000285864,8,algorithms,full_method,0.3566481715609181,full,0.019580021433512167
0.0,MOABC,normal,0.05,803616447,4000,P06,independent,0.0,7,0.01352116813344903,0.0,0.04390095096866922,0.04280421767677237,1.0,0.0,held_out_replay_of_fixed_executed_schedule,7,19574.573367114626,0.3452305708485825,37125.42663288537,512,0.0,1634892230,13.285964197276062,0.0,0.0,True,0.007178950026259454,0.0,screening,False,P06_normal_full_method_full_MOABC_s09,3485049951,17.95646490016952,9,algorithms,full_method,0.34523057084858244,full,0.0
0.0,MOEA/D,normal,0.05,694971547,4000,P06,independent,0.0,7,0.0036200618903247384,0.0,0.31931995324618,0.03332487659159706,1.0,0.0,held_out_replay_of_fixed_executed_schedule,7,20516.2689614213,0.36183895875522576,36183.7310385787,512,0.0,3319033194,10.237295186646497,0.0,0.0,True,0.007178950026259454,0.0,screening,False,P06_normal_full_method_full_MOEA-D_s00,2304838970,14.844372499734163,0,algorithms,full_method,0.36183895875522576,full,0.0
0.0,MOEA/D,normal,0.05,3567611952,4000,P06,independent,0.0,7,0.0,0.0,0.674927443930706,0.025716861470102735,1.0,0.0,held_out_replay_of_fixed_executed_schedule,7,20492.460595303757,0.36141905811823205,36207.53940469625,512,2.99434044830146e-05,28360653,10.180603978375407,2.99434044830146e-05,0.0,True,0.007178950026259454,0.0,screening,False,P06_normal_full_method_full_MOEA-D_s01,835596083,14.62538650026545,1,algorithms,full_method,0.36141905811823205,full,2.99434044830146e-05
0.0,MOEA/D,normal,0.05000000000000001,3778271490,4000,P06,independent,0.0,7,0.0036210367294353812,0.0,0.7374765425710166,0.02708581747271265,1.0,0.0,held_out_replay_of_fixed_executed_schedule,7,20511.217365059478,0.36174986534496434,36188.78263494052,512,0.0,27811530,9.999999999999998,0.0,0.0,True,0.007178950026259454,0.0,screening,False,P06_normal_full_method_full_MOEA-D_s02,2427619074,14.626899700146168,2,algorithms,full_method,0.3617498653449644,full,0.0
0.0,MOEA/D,normal,0.05,3665834189,4000,P06,independent,0.0,7,0.0,0.0,1.292073757712449,0.02453594512335218,1.0,0.0,held_out_replay_of_fixed_executed_schedule,7,20469.91092979806,0.36102135678656194,36230.08907020194,512,0.0010805690526078933,433014157,9.999999999999998,0.0010805690526078933,0.0,True,0.007178950026259454,0.0,screening,False,P06_normal_full_method_full_MOEA-D_s03,1293625730,14.83141539990902,3,algorithms,full_method,0.36102135678656194,full,0.0010805690526078933
0.0,MOEA/D,normal,0.05,2308529249,4000,P06,independent,0.0,7,0.0,0.0,1.1468514978238031,0.027067945453982757,1.0,0.0,held_out_replay_of_fixed_executed_schedule,7,20464.981284618767,0.3609344141908072,36235.01871538123,512,0.0,3242489585,9.999999999999993,0.0,0.0,True,0.007178950026259454,0.0,screening,False,P06_normal_full_method_full_MOEA-D_s04,2433836693,14.512211000081152,4,algorithms,full_method,0.36093441419080713,full,0.0
0.0,MOEA/D,normal,0.049999999999999996,1581442236,4000,P06,independent,0.0,7,0.0,0.0,0.9919697731436072,0.026517919304653297,1.0,0.0,held_out_replay_of_fixed_executed_schedule,7,20462.701412050286,0.360894204798065,36237.298587949714,512,0.0,2689141515,10.000000000000004,0.0,0.0,True,0.007178950026259454,0.0,screening,False,P06_normal_full_method_full_MOEA-D_s05,182547111,14.966292699798942,5,algorithms,full_method,0.360894204798065,full,0.0
0.0,MOEA/D,normal,0.04999999999999999,989101250,4000,P06,independent,0.0,7,0.008132463495928291,0.0,0.8210821172291662,0.02641724805460766,1.0,0.0,held_out_replay_of_fixed_executed_schedule,7,20588.891550555683,0.36311978043308085,36111.10844944432,512,0.0,3098966285,10.000000000000005,0.0,0.0,True,0.007178950026259454,0.0,screening,False,P06_normal_full_method_full_MOEA-D_s06,240645193,15.214216200169176,6,algorithms,full_method,0.3631197804330809,full,0.0
0.0,MOEA/D,normal,0.05,2607598162,4000,P06,independent,0.0,7,0.0,0.0,0.6622513950230144,0.036286134715672366,1.0,0.0,held_out_replay_of_fixed_executed_schedule,7,20431.60249858355,0.360345723079075,36268.397501416446,512,0.0,1251085960,10.000000000000005,0.0,0.0,True,0.007178950026259454,0.0,screening,False,P06_normal_full_method_full_MOEA-D_s07,851723879,15.04977359995246,7,algorithms,full_method,0.3603457230790749,full,0.0
0.0,MOEA/D,normal,0.05,2576946319,4000,P06,independent,0.0,7,0.005805837279640999,0.0,0.20099013926182718,0.029215281742383466,1.0,0.0,held_out_replay_of_fixed_executed_schedule,7,20308.342287525786,0.35817182164948475,36391.65771247422,512,0.0,3353735758,9.999999999999996,0.0,0.0,True,0.007178950026259454,0.0,screening,False,P06_normal_full_method_full_MOEA-D_s08,2709486953,15.199922599829733,8,algorithms,full_method,0.3581718216494848,full,0.0
0.0,MOEA/D,normal,0.05,803616447,4000,P06,independent,0.0,7,0.002576090440064238,0.0,0.9389680480791428,0.023727337657950067,1.0,0.0,held_out_replay_of_fixed_executed_schedule,7,20316.33733491823,0.3583128277763356,36383.66266508177,512,0.0,1634892230,10.0,0.0,0.0,True,0.007178950026259454,0.0,screening,False,P06_normal_full_method_full_MOEA-D_s09,3485049951,14.87669500010088,9,algorithms,full_method,0.35831282777633566,full,0.0
0.0,MOPSO,normal,0.05,694971547,4000,P06,independent,0.0,7,0.023617337746758907,0.0,0.03756237676283383,0.029162095480140808,1.0,0.0,held_out_replay_of_fixed_executed_schedule,7,18527.399422772505,0.32676189458152566,38172.600577227495,512,0.0,3319033194,18.938989907343643,0.0,0.0,True,0.007178950026259454,0.0,screening,False,P06_normal_full_method_full_MOPSO_s00,2304838970,14.47960799979046,0,algorithms,full_method,0.3267618945815257,full,0.0
0.0,MOPSO,normal,0.05,3567611952,4000,P06,independent,0.0,7,0.008448040632232742,0.0,0.013690261641500931,0.025813406861811362,1.0,0.0,held_out_replay_of_fixed_executed_schedule,7,19448.659127025167,0.34300986114682835,37251.34087297483,512,0.0,28360653,14.755633756339376,0.0,0.0,True,0.007178950026259454,0.0,screening,False,P06_normal_full_method_full_MOPSO_s01,835596083,14.479495200328529,1,algorithms,full_method,0.34300986114682835,full,0.0
0.0,MOPSO,normal,0.05000000000000001,3778271490,4000,P06,independent,0.0,7,0.0204734143609714,0.0,0.025342491067525688,0.036243621004209775,1.0,0.0,held_out_replay_of_fixed_executed_schedule,7,18972.138763983618,0.33460562193974636,37727.86123601638,512,0.0,27811530,16.753235150868665,0.0,0.0,True,0.007178950026259454,0.0,screening,False,P06_normal_full_method_full_MOPSO_s02,2427619074,14.772813600022346,2,algorithms,full_method,0.3346056219397463,full,0.0
0.0,MOPSO,normal,0.05,3665834189,4000,P06,independent,0.0,7,0.0013864489526313056,0.0,0.051365372433448395,0.033132167701588,1.0,0.0,held_out_replay_of_fixed_executed_schedule,7,19946.81605490573,0.351795697617385,36753.18394509427,512,0.0,433014157,12.299889770002745,0.0,0.0,True,0.007178950026259454,0.0,screening,False,P06_normal_full_method_full_MOPSO_s03,1293625730,14.780044800136238,3,algorithms,full_method,0.35179569761738494,full,0.0
0.0,MOPSO,normal,0.05,2308529249,4000,P06,independent,0.0,7,0.0007504714915299027,0.0,0.0027698075207508582,0.021767285336727837,1.0,0.0,held_out_replay_of_fixed_executed_schedule,7,16261.572565449296,0.2868002216128624,40438.4274345507,512,0.0,3242489585,28.48556709942281,0.0,0.0,True,0.007178950026259454,0.0,screening,False,P06_normal_full_method_full_MOPSO_s04,2433836693,14.630817899946123,4,algorithms,full_method,0.2868002216128624,full,0.0
0.0,MOPSO,normal,0.049999999999999996,1581442236,4000,P06,independent,0.0,7,0.005852570987452427,0.0,0.031416206210150746,0.025367804200682454,1.0,0.0,held_out_replay_of_fixed_executed_schedule,7,19659.582261776777,0.3467298458867156,37040.41773822322,512,0.0,2689141515,13.53231580078916,0.0,0.0,True,0.007178950026259454,0.0,screening,False,P06_normal_full_method_full_MOPSO_s05,182547111,14.577702400274575,5,algorithms,full_method,0.3467298458867156,full,0.0
0.0,MOPSO,normal,0.04999999999999999,989101250,4000,P06,independent,0.0,7,0.04495743320407182,0.0,0.048197728597938624,0.020484093304134424,1.0,0.0,held_out_replay_of_fixed_executed_schedule,7,16253.233624776218,0.2866531503487869,40446.766375223786,512,0.0,3098966285,28.95241481854425,0.0,0.0,True,0.007178950026259454,0.0,screening,False,P06_normal_full_method_full_MOPSO_s06,240645193,14.599647399969399,6,algorithms,full_method,0.2866531503487869,full,0.0
0.0,MOPSO,normal,0.05,2607598162,4000,P06,independent,0.0,7,0.0065452342004079095,0.0,0.010019996282629506,0.020852630534661305,1.0,0.0,held_out_replay_of_fixed_executed_schedule,7,17565.186147039865,0.3097916428049359,39134.813852960135,512,0.0,1251085960,22.626394413106677,0.0,0.0,True,0.007178950026259454,0.0,screening,False,P06_normal_full_method_full_MOPSO_s07,851723879,14.813335199840367,7,algorithms,full_method,0.3097916428049359,full,0.0
0.0,MOPSO,normal,0.05,2576946319,4000,P06,independent,0.0,7,0.05121576812250861,0.0,0.05121576812250861,0.027761325928843967,1.0,0.0,held_out_replay_of_fixed_executed_schedule,7,20277.37393588636,0.35762564260822505,36422.62606411364,512,0.0,3353735758,10.137241711218358,0.0,0.0,True,0.007178950026259454,0.0,screening,False,P06_normal_full_method_full_MOPSO_s08,2709486953,14.668999499641359,8,algorithms,full_method,0.3576256426082251,full,0.0
0.0,MOPSO,normal,0.05,803616447,4000,P06,independent,0.0,7,0.03544817103472429,0.0,0.03544817103472429,0.03694794375975681,1.0,0.0,held_out_replay_of_fixed_executed_schedule,7,17546.551883084256,0.3094629961743255,39153.448116915744,512,0.0,1634892230,22.269962176529344,0.0,0.0,True,0.007178950026259454,0.0,screening,False,P06_normal_full_method_full_MOPSO_s09,3485049951,14.601342600304633,9,algorithms,full_method,0.3094629961743255,full,0.0
0.0,NSGA-III,normal,0.05,694971547,4000,P06,independent,0.0,7,0.0,0.0,1.4915119624630062,0.024645674821126257,1.0,0.0,held_out_replay_of_fixed_executed_schedule,7,20570.50542725211,0.3627955101808132,36129.49457274789,512,0.0,3319033194,9.999999999999996,0.0,0.0,True,0.007178950026259454,0.0,screening,False,P06_normal_full_method_full_NSGA-III_s00,2304838970,22.78543859999627,0,algorithms,full_method,0.36279551018081324,full,0.0
0.0,NSGA-III,normal,0.05,3567611952,4000,P06,independent,0.0,7,0.0,0.0,2.6260718380831833,0.02483320883424824,1.0,0.0,held_out_replay_of_fixed_executed_schedule,7,20533.665725533338,0.3621457799917696,36166.33427446666,512,0.0,28360653,9.999999999999991,0.0,0.0,True,0.007178950026259454,0.0,screening,False,P06_normal_full_method_full_NSGA-III_s01,835596083,22.80185199994594,1,algorithms,full_method,0.36214577999176956,full,0.0
0.0,NSGA-III,normal,0.05000000000000001,3778271490,4000,P06,independent,0.0,7,0.0,0.0,2.182627475288188,0.02082881462522217,1.0,0.0,held_out_replay_of_fixed_executed_schedule,7,20511.217365059478,0.36174986534496434,36188.78263494052,512,0.0,27811530,9.999999999999998,0.0,0.0,True,0.007178950026259454,0.0,screening,False,P06_normal_full_method_full_NSGA-III_s02,2427619074,22.085667399689555,2,algorithms,full_method,0.3617498653449644,full,0.0
0.0,NSGA-III,normal,0.05,3665834189,4000,P06,independent,0.0,7,0.0,0.0,2.389526033700424,0.021134306330041687,1.0,0.0,held_out_replay_of_fixed_executed_schedule,7,20469.91092979806,0.36102135678656194,36230.08907020194,512,0.0,433014157,9.999999999999998,0.0,0.0,True,0.007178950026259454,0.0,screening,False,P06_normal_full_method_full_NSGA-III_s03,1293625730,22.56325350003317,3,algorithms,full_method,0.36102135678656194,full,0.0
0.0,NSGA-III,normal,0.05,2308529249,4000,P06,independent,0.0,7,0.0,0.0,1.9752419831148718,0.02544208562611303,1.0,0.0,held_out_replay_of_fixed_executed_schedule,7,20421.34719966208,0.36016485360956046,36278.65280033792,512,0.0,3242489585,10.19189207121598,0.0,0.0,True,0.007178950026259454,0.0,screening,False,P06_normal_full_method_full_NSGA-III_s04,2433836693,23.087176600005478,4,algorithms,full_method,0.36016485360956046,full,0.0
0.0,NSGA-III,normal,0.049999999999999996,1581442236,4000,P06,independent,0.0,7,0.0,0.0,1.4594313284382303,0.025156691235089117,1.0,0.0,held_out_replay_of_fixed_executed_schedule,7,20462.701412050286,0.360894204798065,36237.298587949714,512,0.003875092431965991,2689141515,10.000000000000004,0.003875092431965991,0.0,True,0.007178950026259454,0.0,screening,False,P06_normal_full_method_full_NSGA-III_s05,182547111,22.48143790010363,5,algorithms,full_method,0.360894204798065,full,0.003875092431965991
0.0,NSGA-III,normal,0.04999999999999999,989101250,4000,P06,independent,0.0,7,0.0038794496840666576,0.0,2.090378036479783,0.022511798228117757,1.0,0.0,held_out_replay_of_fixed_executed_schedule,7,20588.891550555683,0.36311978043308085,36111.10844944432,512,0.0,3098966285,10.000000000000005,0.0,0.0,True,0.007178950026259454,0.0,screening,False,P06_normal_full_method_full_NSGA-III_s06,240645193,22.31501799961552,6,algorithms,full_method,0.3631197804330809,full,0.0
0.0,NSGA-III,normal,0.05,2607598162,4000,P06,independent,0.0,7,0.0,0.0,2.6372887216821943,0.021938994411294287,1.0,0.0,held_out_replay_of_fixed_executed_schedule,7,20431.60249858355,0.360345723079075,36268.397501416446,512,0.0,1251085960,10.000000000000005,0.0,0.0,True,0.007178950026259454,0.0,screening,False,P06_normal_full_method_full_NSGA-III_s07,851723879,23.004594499710947,7,algorithms,full_method,0.3603457230790749,full,0.0
0.0,NSGA-III,normal,0.05,2576946319,4000,P06,independent,0.0,7,0.000845071514291737,0.0,1.3233530663644226,0.0227259174570759,1.0,0.0,held_out_replay_of_fixed_executed_schedule,7,20221.951327504055,0.3566481715609181,36478.04867249595,512,0.0,3353735758,10.382856773432044,0.0,0.0,True,0.007178950026259454,0.0,screening,False,P06_normal_full_method_full_NSGA-III_s08,2709486953,22.682473400142044,8,algorithms,full_method,0.3566481715609181,full,0.0
0.0,NSGA-III,normal,0.05,803616447,4000,P06,independent,0.0,7,0.00032638442596877315,0.0,1.5193202193491822,0.024175293634859058,1.0,0.0,held_out_replay_of_fixed_executed_schedule,7,20316.33733491823,0.3583128277763356,36383.66266508177,512,0.0,1634892230,10.0,0.0,0.0,True,0.007178950026259454,0.0,screening,False,P06_normal_full_method_full_NSGA-III_s09,3485049951,22.8341602999717,9,algorithms,full_method,0.35831282777633566,full,0.0
0.0,NSGA-II,normal,0.05,694971547,4000,P06,independent,0.0,7,0.0,0.0,2.299716296396544,0.021929347191634325,1.0,0.0,held_out_replay_of_fixed_executed_schedule,7,20570.50542725211,0.3627955101808132,36129.49457274789,512,0.0,3319033194,9.999999999999996,0.0,0.0,True,0.007178950026259454,0.0,screening,False,P06_normal_full_method_full_NSGA-II_s00,2304838970,20.445204799994826,0,algorithms,full_method,0.36279551018081324,full,0.0
0.0,NSGA-II,normal,0.05,3567611952,4000,P06,independent,0.0,7,0.0,0.0,1.6392092025794054,0.024411598948870312,1.0,0.0,held_out_replay_of_fixed_executed_schedule,7,20533.665725533338,0.3621457799917696,36166.33427446666,512,4.811632280831282e-05,28360653,9.999999999999991,4.811632280831282e-05,0.0,True,0.007178950026259454,0.0,screening,False,P06_normal_full_method_full_NSGA-II_s01,835596083,20.123780800029635,1,algorithms,full_method,0.36214577999176956,full,4.811632280831282e-05
0.0,NSGA-II,normal,0.05000000000000001,3778271490,4000,P06,independent,0.0,7,0.0,0.0,1.9852009271854767,0.021737758137627437,1.0,0.0,held_out_replay_of_fixed_executed_schedule,7,20511.217365059478,0.36174986534496434,36188.78263494052,512,0.0031295581048146164,27811530,9.999999999999998,0.0031295581048146164,0.0,True,0.007178950026259454,0.0,screening,False,P06_normal_full_method_full_NSGA-II_s02,2427619074,20.241849900223315,2,algorithms,full_method,0.3617498653449644,full,0.0031295581048146164
0.0,NSGA-II,normal,0.05,3665834189,4000,P06,independent,0.0,7,0.0,0.0,2.0520686769737244,0.022266233815954314,1.0,0.0,held_out_replay_of_fixed_executed_schedule,7,20469.91092979806,0.36102135678656194,36230.08907020194,512,0.00023442406686750142,433014157,9.999999999999998,0.00023442406686750142,0.0,True,0.007178950026259454,0.0,screening,False,P06_normal_full_method_full_NSGA-II_s03,1293625730,19.68003510031849,3,algorithms,full_method,0.36102135678656194,full,0.00023442406686750142
0.0,NSGA-II,normal,0.05,2308529249,4000,P06,independent,0.0,7,0.0,0.0,2.0942047884280752,0.023930775154004505,1.0,0.0,held_out_replay_of_fixed_executed_schedule,7,20421.34719966208,0.36016485360956046,36278.65280033792,512,0.0016674706146742498,3242489585,10.19189207121598,0.0016674706146742498,0.0,True,0.007178950026259454,0.0,screening,False,P06_normal_full_method_full_NSGA-II_s04,2433836693,20.36799110006541,4,algorithms,full_method,0.36016485360956046,full,0.0016674706146742498
0.0,NSGA-II,normal,0.049999999999999996,1581442236,4000,P06,independent,0.0,7,0.0,0.0,1.9419284908967223,0.023594138240554643,1.0,0.0,held_out_replay_of_fixed_executed_schedule,7,20462.701412050286,0.360894204798065,36237.298587949714,512,0.012547989670900313,2689141515,10.000000000000004,0.012547989670900313,0.0,True,0.007178950026259454,0.0,screening,False,P06_normal_full_method_full_NSGA-II_s05,182547111,19.9386698002927,5,algorithms,full_method,0.360894204798065,full,0.012547989670900313
0.0,NSGA-II,normal,0.04999999999999999,989101250,4000,P06,independent,0.0,7,0.006515840074691706,0.0,1.283729269331516,0.023811162711270577,1.0,0.0,held_out_replay_of_fixed_executed_schedule,7,20588.891550555683,0.36311978043308085,36111.10844944432,512,0.0,3098966285,10.000000000000005,0.0,0.0,True,0.007178950026259454,0.0,screening,False,P06_normal_full_method_full_NSGA-II_s06,240645193,19.603801500052214,6,algorithms,full_method,0.3631197804330809,full,0.0
0.0,NSGA-II,normal,0.05,2607598162,4000,P06,independent,0.0,7,0.0,0.0,2.053613361454727,0.02296078001871302,1.0,0.0,held_out_replay_of_fixed_executed_schedule,7,20431.60249858355,0.360345723079075,36268.397501416446,512,0.0,1251085960,10.000000000000005,0.0,0.0,True,0.007178950026259454,0.0,screening,False,P06_normal_full_method_full_NSGA-II_s07,851723879,20.261057700030506,7,algorithms,full_method,0.3603457230790749,full,0.0
0.0,NSGA-II,normal,0.05,2576946319,4000,P06,independent,0.0,7,0.0006213296345059932,0.0,1.0451726614775643,0.022878198028060955,1.0,0.0,held_out_replay_of_fixed_executed_schedule,7,20308.342287525786,0.35817182164948475,36391.65771247422,512,0.02388183315575695,3353735758,9.999999999999996,0.02388183315575695,0.0,True,0.007178950026259454,0.0,screening,False,P06_normal_full_method_full_NSGA-II_s08,2709486953,20.046766200102866,8,algorithms,full_method,0.3581718216494848,full,0.02388183315575695
0.0,NSGA-II,normal,0.05,803616447,4000,P06,independent,0.0,7,0.0006469445261788886,0.0,2.051278775517069,0.023055719535924377,1.0,0.0,held_out_replay_of_fixed_executed_schedule,7,20316.33733491823,0.3583128277763356,36383.66266508177,512,0.0,1634892230,10.0,0.0,0.0,True,0.007178950026259454,0.0,screening,False,P06_normal_full_method_full_NSGA-II_s09,3485049951,19.748500199988484,9,algorithms,full_method,0.35831282777633566,full,0.0
0.0,SPEA2,normal,0.05,694971547,4000,P06,independent,0.0,7,0.0,0.0,1.9492786517932934,0.03174932921672271,1.0,0.0,held_out_replay_of_fixed_executed_schedule,7,20516.2689614213,0.36183895875522576,36183.7310385787,512,0.0,3319033194,10.237295186646497,0.0,0.0,True,0.007178950026259454,0.0,screening,False,P06_normal_full_method_full_SPEA2_s00,2304838970,45.87289169989526,0,algorithms,full_method,0.36183895875522576,full,0.0
0.0,SPEA2,normal,0.05,3567611952,4000,P06,independent,0.0,7,0.0,0.0,1.9352937744279715,0.026270243035484843,1.0,0.0,held_out_replay_of_fixed_executed_schedule,7,20533.665725533338,0.3621457799917696,36166.33427446666,512,0.0,28360653,9.999999999999991,0.0,0.0,True,0.007178950026259454,0.0,screening,False,P06_normal_full_method_full_SPEA2_s01,835596083,45.81261149980128,1,algorithms,full_method,0.36214577999176956,full,0.0
0.0,SPEA2,normal,0.05000000000000001,3778271490,4000,P06,independent,0.0,7,0.0,0.0,1.8490294745924865,0.02303010274796424,1.0,0.0,held_out_replay_of_fixed_executed_schedule,7,20511.217365059478,0.36174986534496434,36188.78263494052,512,0.0010737431686429063,27811530,9.999999999999998,0.0010737431686429063,0.0,True,0.007178950026259454,0.0,screening,False,P06_normal_full_method_full_SPEA2_s02,2427619074,45.72353069996461,2,algorithms,full_method,0.3617498653449644,full,0.0010737431686429063
0.0,SPEA2,normal,0.05,3665834189,4000,P06,independent,0.0,7,0.0,0.0,1.626575745786579,0.021662066351848787,1.0,0.0,held_out_replay_of_fixed_executed_schedule,7,20469.91092979806,0.36102135678656194,36230.08907020194,512,0.001804946882243051,433014157,9.999999999999998,0.001804946882243051,0.0,True,0.007178950026259454,0.0,screening,False,P06_normal_full_method_full_SPEA2_s03,1293625730,45.61561560025439,3,algorithms,full_method,0.36102135678656194,full,0.001804946882243051
0.0,SPEA2,normal,0.05,2308529249,4000,P06,independent,0.0,7,0.0,0.0,0.9241303158712241,0.02415800179155388,1.0,0.0,held_out_replay_of_fixed_executed_schedule,7,20464.981284618767,0.3609344141908072,36235.01871538123,512,0.0,3242489585,9.999999999999993,0.0,0.0,True,0.007178950026259454,0.0,screening,False,P06_normal_full_method_full_SPEA2_s04,2433836693,45.79260420007631,4,algorithms,full_method,0.36093441419080713,full,0.0
0.0,SPEA2,normal,0.049999999999999996,1581442236,4000,P06,independent,0.0,7,0.0,0.0,1.9020905664532175,0.02194783374327705,1.0,0.0,held_out_replay_of_fixed_executed_schedule,7,20462.701412050286,0.360894204798065,36237.298587949714,512,0.007450299678149984,2689141515,10.000000000000004,0.007450299678149984,0.0,True,0.007178950026259454,0.0,screening,False,P06_normal_full_method_full_SPEA2_s05,182547111,46.23687409982085,5,algorithms,full_method,0.360894204798065,full,0.007450299678149984
0.0,SPEA2,normal,0.04999999999999999,989101250,4000,P06,independent,0.0,7,0.007295937432997696,0.0,0.9766951498287176,0.025017416790164747,1.0,0.0,held_out_replay_of_fixed_executed_schedule,7,20588.891550555683,0.36311978043308085,36111.10844944432,512,0.0,3098966285,10.000000000000005,0.0,0.0,True,0.007178950026259454,0.0,screening,False,P06_normal_full_method_full_SPEA2_s06,240645193,46.734250500332564,6,algorithms,full_method,0.3631197804330809,full,0.0
0.0,SPEA2,normal,0.05,2607598162,4000,P06,independent,0.0,7,0.0,0.0,2.168402903641151,0.0217001396843368,1.0,0.0,held_out_replay_of_fixed_executed_schedule,7,20431.60249858355,0.360345723079075,36268.397501416446,512,0.0,1251085960,10.000000000000005,0.0,0.0,True,0.007178950026259454,0.0,screening,False,P06_normal_full_method_full_SPEA2_s07,851723879,47.94803769979626,7,algorithms,full_method,0.3603457230790749,full,0.0
0.0,SPEA2,normal,0.05,2576946319,4000,P06,independent,0.0,7,0.0012879000279994585,0.0,0.5967004947873598,0.024076097122683493,1.0,0.0,held_out_replay_of_fixed_executed_schedule,7,20308.342287525786,0.35817182164948475,36391.65771247422,512,0.016592070973471994,3353735758,9.999999999999996,0.016592070973471994,0.0,True,0.007178950026259454,0.0,screening,False,P06_normal_full_method_full_SPEA2_s08,2709486953,46.38373519992456,8,algorithms,full_method,0.3581718216494848,full,0.016592070973471994
0.0,SPEA2,normal,0.05,803616447,4000,P06,independent,0.0,7,0.0026770300424059507,0.0,1.5659884318996955,0.021429622626884456,1.0,0.0,held_out_replay_of_fixed_executed_schedule,7,20316.33733491823,0.3583128277763356,36383.66266508177,512,0.0,1634892230,10.0,0.0,0.0,True,0.007178950026259454,0.0,screening,False,P06_normal_full_method_full_SPEA2_s09,3485049951,46.55144389998168,9,algorithms,full_method,0.35831282777633566,full,0.0
0.0,MOABC,matched,0.05000000000000001,2466679176,4000,P07,independent,0.025390625,6,7.839837557030192,0.08914115647921368,7.890000582283073,0.07178009509245463,35.75,0.0,held_out_replay_of_fixed_executed_schedule,7,97452.12066122872,1.7187322867941572,-40752.12066122872,512,0.0,2968862490,7.422702941947501,0.0,0.0,False,0.04302739655157614,0.013587156828088611,screening,False,P07_matched_full_method_full_MOABC_s00,1560937006,22.738211499992758,0,algorithms,full_method,1.1884651608406311,full,0.0
0.013381805148695825,MOABC,matched,0.05,4221701189,4000,P07,independent,0.013671875,6,15.005449766470864,0.036392659285888175,24.09420840520943,0.07314689816002586,35.75,0.0,held_out_replay_of_fixed_executed_schedule,7,88361.58235684651,1.558405332572249,-31661.582356846513,512,0.09555521228616097,3366796275,-1.9087435835786815,0.09555521228616097,0.0,False,0.027965446339922807,0.00551399998131654,screening,False,P07_matched_full_method_full_MOABC_s01,73559209,23.1762450998649,1,algorithms,full_method,0.9792981153168021,full,0.09555521228616097
0.0,MOABC,matched,0.05000000000000001,614002540,4000,P07,independent,0.029296875,6,7.578503330514195,0.0537192754400175,7.578503330514195,0.036405714735057056,35.75,0.2461680309415139,held_out_replay_of_fixed_executed_schedule,7,127732.22317150517,2.2527728954410082,-71032.22317150517,512,0.039728666536072224,3116405557,2.6693043777790018,0.2461680309415139,0.0,False,0.04786087313588519,0.01648801460911842,screening,False,P07_matched_full_method_full_MOABC_s02,3841655140,22.15175799978897,2,algorithms,full_method,1.1316813001060582,full,0.039728666536072224
0.020047581764915424,MOABC,matched,0.049999999999999996,2430633507,4000,P07,independent,0.02734375,6,3.13634817847662,0.0465301781589265,14.260022348305279,0.0721420639986594,35.75,0.0,held_out_replay_of_fixed_executed_schedule,7,82424.55495200126,1.45369585453265,-25724.554952001257,512,0.07166733873678015,3038002277,1.5556975078032211,0.07166733873678015,0.0,False,0.04545291098745593,0.015027969215664629,screening,False,P07_matched_full_method_full_MOABC_s03,1893691924,22.543001499958336,3,algorithms,full_method,1.0611623336604488,full,0.07166733873678015
0.07370474114228574,MOABC,matched,0.05,201151069,4000,P07,independent,0.025390625,6,5.58184391321484,0.048666556290267816,6.56066863924352,0.06495228704743228,35.75,0.0,held_out_replay_of_fixed_executed_schedule,7,87078.5619341551,1.5357771064224885,-30378.561934155106,512,0.15289526014054394,1315534469,5.3872582122736015,0.15289526014054394,0.0,False,0.04302739655157614,0.013587156828088611,screening,False,P07_matched_full_method_full_MOABC_s04,4070604578,21.669147599954158,4,algorithms,full_method,1.0897560903730237,full,0.15289526014054394
0.0,MOABC,matched,0.05,780714114,4000,P07,independent,0.02734375,6,3.045431913229309,0.04740922366869151,3.0457643105721877,0.049585999250699515,35.75,0.03959750660633123,held_out_replay_of_fixed_executed_schedule,7,106558.74442714895,1.8793429352230855,-49858.74442714895,512,0.02591968163151135,4163698509,4.978581000420379,0.03959750660633123,0.0,True,0.04545291098745593,0.015027969215664629,screening,False,P07_matched_full_method_full_MOABC_s05,2065592588,15.29904010007158,5,algorithms,full_method,1.0081916022761943,full,0.02591968163151135
0.007523104874668543,MOABC,matched,0.05,1778979145,4000,P07,independent,0.021484375,6,2.125687794025084,0.02910760967630562,2.126569068603908,0.04754775473171791,35.75,0.0,held_out_replay_of_fixed_executed_schedule,7,82216.31755274732,1.4500232372618576,-25516.31755274732,512,0.08683599069546503,2733711468,8.58648579726827,0.08683599069546503,0.0,True,0.0381157716754838,0.01077255408609197,screening,False,P07_matched_full_method_full_MOABC_s06,3930613642,15.68095099972561,6,algorithms,full_method,0.8965052054912835,full,0.08683599069546503
0.0,MOABC,matched,0.05,321247510,4000,P07,independent,0.021484375,6,2.8386579866321,0.03277949661765429,2.8386579866321,0.04871578895044994,35.75,0.0,held_out_replay_of_fixed_executed_schedule,7,93310.89516944787,1.6456948001666292,-36610.895169447875,512,0.103433603485621,4178807271,7.324001556861412,0.103433603485621,0.0,True,0.0381157716754838,0.01077255408609197,screening,False,P07_matched_full_method_full_MOABC_s07,2855133336,17.113124900031835,7,algorithms,full_method,0.9102848693872688,full,0.103433603485621
0.06127762645697008,MOABC,matched,0.05,2712011230,4000,P07,independent,0.015625,6,1.9074088668394031,0.0266867289139664,2.1438539770760805,0.07059242202193004,35.75,0.0,held_out_replay_of_fixed_executed_schedule,7,82964.68868132011,1.4632220225982384,-26264.688681320113,512,0.1161372494671398,2249671497,6.066211556774886,0.1161372494671398,3.549247616674842e-17,False,0.030554414950524595,0.006769276942972373,screening,False,P07_matched_full_method_full_MOABC_s08,1199402732,21.75618640007451,8,algorithms,full_method,0.9704131025661589,full,0.1161372494671398
2.115103957611461e-17,MOABC,matched,0.05,1805457344,4000,P07,independent,0.01953125,6,4.870073042445586,0.022347455375028143,17.302071758601407,0.06640110029211653,35.75,0.0,held_out_replay_of_fixed_executed_schedule,7,91958.81281869195,1.6218485505942142,-35258.81281869195,512,0.051145253817594175,3302688920,5.491579701621955,0.051145253817594175,2.115103957611461e-17,False,0.035624636181676994,0.009404755122447006,screening,False,P07_matched_full_method_full_MOABC_s09,3174245982,21.631787499878556,9,algorithms,full_method,0.8926343502896319,full,0.051145253817594175
4.230207915222922e-17,MOEA/D,matched,0.05000000000000001,2466679176,4000,P07,independent,0.052734375,6,7.817493061457523,0.14831401144780001,18.679733813098984,0.07571044725121136,35.75,0.029215471246658124,held_out_replay_of_fixed_executed_schedule,7,105494.58580278246,1.8605747055164454,-48794.58580278246,512,4.230207915222922e-17,2968862490,-0.2174559323464614,0.029215471246658124,4.230207915222922e-17,False,0.07580107979067144,0.03503626864515074,screening,False,P07_matched_full_method_full_MOEA-D_s00,1560937006,12.723398200236261,0,algorithms,full_method,1.385116589317966,full,0.0
0.0,MOEA/D,matched,0.05,4221701189,4000,P07,independent,0.013671875,6,7.757274025915439,0.03219157457717585,26.595426547251453,0.08341154484142936,35.75,0.0,held_out_replay_of_fixed_executed_schedule,7,87320.82444400658,1.5400498138272765,-30620.824444006576,512,0.09295858818783656,3366796275,-0.7084218097578474,0.09295858818783656,0.0,False,0.027965446339922807,0.00551399998131654,screening,False,P07_matched_full_method_full_MOEA-D_s01,73559209,12.580146099906415,1,algorithms,full_method,0.9412020683420187,full,0.09295858818783656
3.738161536263577e-17,MOEA/D,matched,0.05000000000000001,614002540,4000,P07,independent,0.044921875,6,13.552728928329525,0.10568250365338665,27.02106067995665,0.07976647861227791,35.75,0.27806346680503863,held_out_replay_of_fixed_executed_schedule,7,131001.50534751646,2.310432193077892,-74301.50534751646,512,3.738161536263577e-17,3116405557,0.17814356905135756,0.27806346680503863,3.738161536263577e-17,False,0.06664470087314162,0.02868645340600739,screening,False,P07_matched_full_method_full_MOEA-D_s02,3841655140,12.54284660005942,2,algorithms,full_method,1.317224766362464,full,0.0
4.230207915222922e-17,MOEA/D,matched,0.049999999999999996,2430633507,4000,P07,independent,0.02734375,6,4.8539948654301694,0.03087995216133649,14.796996578038746,0.07333414047106787,35.75,0.0,held_out_replay_of_fixed_executed_schedule,7,79825.45752900062,1.4078563938095348,-23125.457529000618,512,0.05163375019819235,3038002277,4.659946394140116,0.05163375019819235,4.230207915222922e-17,False,0.04545291098745593,0.015027969215664629,screening,False,P07_matched_full_method_full_MOEA-D_s03,1893691924,12.767734799999744,3,algorithms,full_method,0.976278631135506,full,0.05163375019819235
0.03804441181281645,MOEA/D,matched,0.05,201151069,4000,P07,independent,0.029296875,6,13.350291239909176,0.05336839701418446,23.347715955004332,0.07969404957112909,35.75,0.0,held_out_replay_of_fixed_executed_schedule,7,87182.837444359,1.5376161806765256,-30482.837444359,512,0.18681097935533722,1315534469,5.2739606140752695,0.18681097935533722,0.0,False,0.04786087313588519,0.01648801460911842,screening,False,P07_matched_full_method_full_MOEA-D_s04,4070604578,12.691651999950409,4,algorithms,full_method,1.0947519223053164,full,0.18681097935533722
1.8217949677962628e-17,MOEA/D,matched,0.05,780714114,4000,P07,independent,0.02734375,6,3.013216377950549,0.05550464731825025,3.0466466682441693,0.05855946968358237,35.75,0.0669352189484782,held_out_replay_of_fixed_executed_schedule,7,109360.85994221902,1.928762961943898,-52660.85994221902,512,0.04749231457388939,4163698509,2.4798560588485477,0.0669352189484782,1.8217949677962628e-17,True,0.04545291098745593,0.015027969215664629,screening,False,P07_matched_full_method_full_MOEA-D_s05,2065592588,13.355297800153494,5,algorithms,full_method,1.044130105265002,full,0.04749231457388939
0.008054025934474712,MOEA/D,matched,0.05,1778979145,4000,P07,independent,0.0234375,6,2.0325197056155324,0.050798986619341645,2.2628819649700866,0.06233491010284,35.75,0.0,held_out_replay_of_fixed_executed_schedule,7,88151.67792333044,1.5547033143444522,-31451.67792333044,512,0.14342999922700486,2733711468,1.9871614090586642,0.14342999922700486,1.8217949677962628e-17,True,0.040582439140948286,0.012167790534685311,screening,False,P07_matched_full_method_full_MOEA-D_s06,3930613642,13.26061540003866,6,algorithms,full_method,1.0264742846154766,full,0.14342999922700486
0.051680731332709194,MOEA/D,matched,0.05,321247510,4000,P07,independent,0.0234375,6,2.728766260260469,0.03991727260771318,2.730071083829931,0.06169661827987171,35.75,0.0,held_out_replay_of_fixed_executed_schedule,7,95369.90803065465,1.6820089599762726,-38669.90803065465,512,0.12623654859118433,4178807271,5.278998426486548,0.12623654859118433,3.549247616674842e-17,True,0.040582439140948286,0.012167790534685311,screening,False,P07_matched_full_method_full_MOEA-D_s07,2855133336,13.183768999762833,7,algorithms,full_method,1.0003448865754176,full,0.12623654859118433
0.07035679640441017,MOEA/D,matched,0.05,2712011230,4000,P07,independent,0.0234375,6,16.697084456832187,0.02396943165003957,32.12405508606928,0.07579080586748826,35.75,0.0,held_out_replay_of_fixed_executed_schedule,7,82158.51525983712,1.4490037964697904,-25458.51525983712,512,0.07738810460041202,2249671497,6.978972453317424,0.07738810460041202,0.0,False,0.040582439140948286,0.012167790534685311,screening,False,P07_matched_full_method_full_MOEA-D_s08,1199402732,12.94931669998914,8,algorithms,full_method,0.9597323490153052,full,0.07738810460041202
1.9350951101551666e-17,MOEA/D,matched,0.05,1805457344,4000,P07,independent,0.02734375,6,4.423473405681811,0.039197862487383106,14.266966132229918,0.0749571124457648,35.75,0.0,held_out_replay_of_fixed_executed_schedule,7,96880.79859914436,1.7086560599496359,-40180.79859914436,512,1.9350951101551666e-17,3302688920,0.43312922163615725,1.9350951101551666e-17,1.9350951101551666e-17,False,0.04545291098745593,0.015027969215664629,screening,False,P07_matched_full_method_full_MOEA-D_s09,3174245982,12.674724500160664,9,algorithms,full_method,1.0618824298170655,full,0.0
0.01574543084908258,MOPSO,matched,0.05000000000000001,2466679176,4000,P07,independent,0.052734375,6,10.477820966442273,0.14323425780963223,20.437268664046805,0.07433698506123963,35.75,0.024362524006595245,held_out_replay_of_fixed_executed_schedule,7,104997.15871067601,1.8518017409290302,-48297.15871067601,512,0.01574543084908258,2968862490,0.25508848596072053,0.024362524006595245,0.0,False,0.07580107979067144,0.03503626864515074,screening,False,P07_matched_full_method_full_MOPSO_s00,1560937006,6.297575700096786,0,algorithms,full_method,1.3699279570918512,full,0.01574543084908258
0.03230867541798727,MOPSO,matched,0.05,4221701189,4000,P07,independent,0.013671875,6,10.718444074100411,0.030702700369954296,29.100307606864977,0.07969327281445678,35.75,0.0,held_out_replay_of_fixed_executed_schedule,7,85601.36101988168,1.5097241802448267,-28901.361019881675,512,0.10636601785216182,3366796275,1.2746612509645197,0.10636601785216182,0.0,False,0.027965446339922807,0.00551399998131654,screening,False,P07_matched_full_method_full_MOPSO_s01,73559209,6.324018100276589,1,algorithms,full_method,0.9145980258277803,full,0.10636601785216182
3.549247616674842e-17,MOPSO,matched,0.05000000000000001,614002540,4000,P07,independent,0.052734375,6,4.8205472707964585,0.10472141816641088,28.56006674904912,0.06900526493441236,35.75,0.2726693343945975,held_out_replay_of_fixed_executed_schedule,7,130448.60677544624,2.300680895510516,-73748.60677544624,512,0.04590230350562427,3116405557,0.5994468337402635,0.2726693343945975,3.549247616674842e-17,False,0.07580107979067144,0.03503626864515074,screening,False,P07_matched_full_method_full_MOPSO_s02,3841655140,6.349840899929404,2,algorithms,full_method,1.3202266882833036,full,0.04590230350562427
4.230207915222922e-17,MOPSO,matched,0.049999999999999996,2430633507,4000,P07,independent,0.029296875,6,31.798472452408017,0.039875058005504366,38.31599724717809,0.07958100791121643,35.75,0.0,held_out_replay_of_fixed_executed_schedule,7,84242.80929189626,1.485763832308576,-27542.809291896265,512,0.07196505983016299,3038002277,-0.6159463712399824,0.07196505983016299,4.230207915222922e-17,False,0.04786087313588519,0.01648801460911842,screening,False,P07_matched_full_method_full_MOPSO_s03,1893691924,6.343629499897361,3,algorithms,full_method,1.0390463913307013,full,0.07196505983016299
0.0827704580844018,MOPSO,matched,0.05,201151069,4000,P07,independent,0.044921875,6,2.87534930614846,0.09149510941955898,5.611369800883187,0.06495338584537107,35.75,0.0,held_out_replay_of_fixed_executed_schedule,7,94822.05786295234,1.672346699522969,-38122.05786295234,512,0.1380049998104316,1315534469,-3.0262176717170806,0.1380049998104316,0.0,False,0.06664470087314162,0.02868645340600739,screening,False,P07_matched_full_method_full_MOPSO_s04,4070604578,6.336762999650091,4,algorithms,full_method,1.2678946119272259,full,0.1380049998104316
2.115103957611461e-17,MOPSO,matched,0.05,780714114,4000,P07,independent,0.02734375,6,3.479323210696413,0.0494483875808982,3.4822562332046267,0.05570520491938788,35.75,0.05073957343816561,held_out_replay_of_fixed_executed_schedule,7,107700.80627741198,1.8994851195310753,-51000.806277411975,512,0.026900906717617856,4163698509,3.9601724392021107,0.05073957343816561,2.115103957611461e-17,True,0.04545291098745593,0.015027969215664629,screening,False,P07_matched_full_method_full_MOPSO_s05,2065592588,6.35727720009163,5,algorithms,full_method,1.0168938462799837,full,0.026900906717617856
0.027694456006022293,MOPSO,matched,0.05,1778979145,4000,P07,independent,0.01953125,6,2.1720311899643825,0.021058615924175537,2.1720311899643825,0.05828980592618503,35.75,0.0,held_out_replay_of_fixed_executed_schedule,7,78383.57207594342,1.3824263152723708,-21683.57207594342,512,0.13154301715257716,2733711468,12.847984530223403,0.13154301715257716,0.0,True,0.035624636181676994,0.009404755122447006,screening,False,P07_matched_full_method_full_MOPSO_s06,3930613642,6.391036199871451,6,algorithms,full_method,0.8723557425864295,full,0.13154301715257716
0.0,MOPSO,matched,0.05,321247510,4000,P07,independent,0.037109375,6,25.560553549546714,0.06536145204992257,38.39677941004932,0.07775634350911798,35.75,0.0,held_out_replay_of_fixed_executed_schedule,7,99597.7302415875,1.7565737256011904,-42897.7302415875,512,0.07969706506548384,4178807271,1.079942743580941,0.07969706506548384,0.0,False,0.05734588681372429,0.02248745162331635,screening,False,P07_matched_full_method_full_MOPSO_s07,2855133336,6.35988590028137,7,algorithms,full_method,1.1661994102016084,full,0.07969706506548384
2.115103957611461e-17,MOPSO,matched,0.05,2712011230,4000,P07,independent,0.02734375,6,6.993605940137911,0.03177674377705312,7.095720617892919,0.06740637808918981,35.75,0.0,held_out_replay_of_fixed_executed_schedule,7,84116.63512451504,1.4835385383512354,-27416.635124515044,512,0.028408344774716356,2249671497,4.761961577501939,0.028408344774716356,2.115103957611461e-17,False,0.04545291098745593,0.015027969215664629,screening,False,P07_matched_full_method_full_MOPSO_s08,1199402732,6.40639099990949,8,algorithms,full_method,0.991320216722228,full,0.028408344774716356
0.06315202478919797,MOPSO,matched,0.05,1805457344,4000,P07,independent,0.02734375,6,9.669880207226186,0.04509931184439781,23.862320027608508,0.07966108524029779,35.75,0.0,held_out_replay_of_fixed_executed_schedule,7,97267.38443909783,1.7154741523650412,-40567.384439097834,512,0.06315202478919797,3302688920,0.03582508162122273,0.06315202478919797,1.8690807681317883e-17,False,0.04545291098745593,0.015027969215664629,screening,False,P07_matched_full_method_full_MOPSO_s09,3174245982,6.463792299851775,9,algorithms,full_method,1.1061839584256337,full,0.06315202478919797
0.0,NSGA-III,matched,0.05000000000000001,2466679176,4000,P07,independent,0.052734375,6,21.34902466582148,0.14532804587127612,28.89530294996934,0.07993561553694288,35.75,0.026982237447184518,held_out_replay_of_fixed_executed_schedule,7,105265.67933833641,1.8565375544680143,-48565.67933833641,512,0.015943993701395192,2968862490,2.764797666216595e-14,0.026982237447184518,0.0,False,0.07580107979067144,0.03503626864515074,screening,False,P07_matched_full_method_full_NSGA-III_s00,1560937006,25.635291100014,0,algorithms,full_method,1.36993343670753,full,0.015943993701395192
1.9350951101551666e-17,NSGA-III,matched,0.05,4221701189,4000,P07,independent,0.013671875,6,3.7969918822675544,0.03166379889077815,14.691185600123596,0.07057332255205474,35.75,0.0,held_out_replay_of_fixed_executed_schedule,7,87075.98812275351,1.5357317129233423,-30375.988122753508,512,0.09607886574808232,3366796275,-0.42604839342673645,0.09607886574808232,1.9350951101551666e-17,False,0.027965446339922807,0.00551399998131654,screening,False,P07_matched_full_method_full_NSGA-III_s01,73559209,25.92094590002671,1,algorithms,full_method,0.9230424624962089,full,0.09607886574808232
4.230207915222922e-17,NSGA-III,matched,0.05000000000000001,614002540,4000,P07,independent,0.052734375,6,11.193755157471294,0.1321642255158578,22.760002943863718,0.08445246454131157,35.75,0.2792952539035991,held_out_replay_of_fixed_executed_schedule,7,131127.7635251189,2.3126589686969825,-74427.7635251189,512,4.230207915222922e-17,3116405557,0.08193608163027159,0.2792952539035991,4.230207915222922e-17,False,0.07580107979067144,0.03503626864515074,screening,False,P07_matched_full_method_full_NSGA-III_s02,3841655140,27.144784099888057,2,algorithms,full_method,1.367787459170734,full,0.0
4.230207915222922e-17,NSGA-III,matched,0.049999999999999996,2430633507,4000,P07,independent,0.02734375,6,7.393938575378781,0.04047420631381163,17.46303600049142,0.08050618262153802,35.75,0.0,held_out_replay_of_fixed_executed_schedule,7,84334.24748734338,1.487376498894945,-27634.247487343382,512,0.069869612640213,3038002277,-0.7251561737943129,0.069869612640213,4.230207915222922e-17,False,0.04545291098745593,0.015027969215664629,screening,False,P07_matched_full_method_full_NSGA-III_s03,1893691924,26.94099979987368,3,algorithms,full_method,1.0583762103181833,full,0.069869612640213
0.039683235796633715,NSGA-III,matched,0.05,201151069,4000,P07,independent,0.04296875,6,15.475421983675691,0.08313573064147167,22.50357940065968,0.07416062468538062,35.75,0.0,held_out_replay_of_fixed_executed_schedule,7,95226.41154639548,1.6794781577847528,-38526.41154639548,512,0.17170910033422412,1315534469,-3.4655566983703965,0.17170910033422412,0.0,False,0.06433472729540066,0.027121045491155363,screening,False,P07_matched_full_method_full_NSGA-III_s04,4070604578,25.720714500173926,4,algorithms,full_method,1.2765119549848227,full,0.17170910033422412
0.0,NSGA-III,matched,0.05,780714114,4000,P07,independent,0.0234375,6,2.8816585665177223,0.053916798304838406,3.4471483319870186,0.052631990581009785,35.75,0.07799366778585998,held_out_replay_of_fixed_executed_schedule,7,110494.35094805065,1.9487539849744382,-53794.35094805065,512,0.053959200019962385,4163698509,1.469090359830597,0.07799366778585998,0.0,True,0.040582439140948286,0.012167790534685311,screening,False,P07_matched_full_method_full_NSGA-III_s05,2065592588,20.564824199769646,5,algorithms,full_method,1.0065253351805243,full,0.053959200019962385
0.0008784592138190552,NSGA-III,matched,0.05,1778979145,4000,P07,independent,0.0234375,6,2.2249291952196337,0.04733223515029379,2.258107863949242,0.05839278825054547,35.75,0.0,held_out_replay_of_fixed_executed_schedule,7,86217.82143966273,1.5205964980540163,-29517.82143966273,512,0.11942774040455399,2733711468,4.137350354487731,0.11942774040455399,2.115103957611461e-17,True,0.040582439140948286,0.012167790534685311,screening,False,P07_matched_full_method_full_NSGA-III_s06,3930613642,20.21644699992612,6,algorithms,full_method,0.9955734086030039,full,0.11942774040455399
0.0,NSGA-III,matched,0.05,321247510,4000,P07,independent,0.03125,6,3.2695900622856646,0.06349438646827488,8.709950517795619,0.086658035819271,35.75,0.0,held_out_replay_of_fixed_executed_schedule,7,100804.23822345962,1.777852525986942,-44104.238223459615,512,0.15263974453118195,4178807271,-0.1183560364979026,0.15263974453118195,0.0,False,0.05025287955876002,0.017965442532865916,screening,False,P07_matched_full_method_full_NSGA-III_s07,2855133336,25.168867700267583,7,algorithms,full_method,1.1506674781246176,full,0.15263974453118195
3.549247616674842e-17,NSGA-III,matched,0.05,2712011230,4000,P07,independent,0.021484375,6,2.43318192058029,0.023329123729546732,4.439205817634408,0.06458201226065405,35.75,0.0,held_out_replay_of_fixed_executed_schedule,7,81705.77269067898,1.4410189187068603,-25005.772690678976,512,0.0741576276688406,2249671497,7.491573963508093,0.0741576276688406,3.549247616674842e-17,False,0.0381157716754838,0.01077255408609197,screening,False,P07_matched_full_method_full_NSGA-III_s08,1199402732,24.23248300002888,8,algorithms,full_method,0.9270087253422152,full,0.0741576276688406
0.0,NSGA-III,matched,0.05,1805457344,4000,P07,independent,0.02734375,6,4.533274769521334,0.04031016761323903,11.59870305154205,0.07367198022780323,35.75,0.0,held_out_replay_of_fixed_executed_schedule,7,97250.43739576267,1.7151752627118637,-40550.43739576267,512,0.0,3302688920,0.0532419908357058,0.0,0.0,False,0.04545291098745593,0.015027969215664629,screening,False,P07_matched_full_method_full_NSGA-III_s09,3174245982,25.371333399787545,9,algorithms,full_method,1.0766256718057527,full,0.0
0.0,NSGA-II,matched,0.05000000000000001,2466679176,4000,P07,independent,0.052734375,6,21.34902466582148,0.14532804587127612,28.89530294996934,0.07993561553694288,35.75,0.026982237447184518,held_out_replay_of_fixed_executed_schedule,7,105265.67933833641,1.8565375544680143,-48565.67933833641,512,0.015943993701395192,2968862490,2.764797666216595e-14,0.026982237447184518,0.0,False,0.07580107979067144,0.03503626864515074,screening,False,P07_matched_full_method_full_NSGA-II_s00,1560937006,24.466374500188977,0,algorithms,full_method,1.36993343670753,full,0.015943993701395192
1.9350951101551666e-17,NSGA-II,matched,0.05,4221701189,4000,P07,independent,0.013671875,6,3.7969918822675544,0.03166379889077815,14.691185600123596,0.07057332255205474,35.75,0.0,held_out_replay_of_fixed_executed_schedule,7,87075.98812275351,1.5357317129233423,-30375.988122753508,512,0.09607886574808232,3366796275,-0.42604839342673645,0.09607886574808232,1.9350951101551666e-17,False,0.027965446339922807,0.00551399998131654,screening,False,P07_matched_full_method_full_NSGA-II_s01,73559209,23.522028400097042,1,algorithms,full_method,0.9230424624962089,full,0.09607886574808232
4.230207915222922e-17,NSGA-II,matched,0.05000000000000001,614002540,4000,P07,independent,0.052734375,6,11.193755157471294,0.1321642255158578,22.760002943863718,0.08445246454131157,35.75,0.2792952539035991,held_out_replay_of_fixed_executed_schedule,7,131127.7635251189,2.3126589686969825,-74427.7635251189,512,4.230207915222922e-17,3116405557,0.08193608163027159,0.2792952539035991,4.230207915222922e-17,False,0.07580107979067144,0.03503626864515074,screening,False,P07_matched_full_method_full_NSGA-II_s02,3841655140,24.561472199857235,2,algorithms,full_method,1.367787459170734,full,0.0
4.230207915222922e-17,NSGA-II,matched,0.049999999999999996,2430633507,4000,P07,independent,0.02734375,6,2.760866695777813,0.03700635032079027,11.435341636277805,0.07403749371737299,35.75,0.0,held_out_replay_of_fixed_executed_schedule,7,83783.07605694907,1.477655662380054,-27083.076056949067,512,0.069869612640213,3038002277,-0.06686099646042123,0.069869612640213,4.230207915222922e-17,False,0.04545291098745593,0.015027969215664629,screening,False,P07_matched_full_method_full_NSGA-II_s03,1893691924,24.657582399901003,3,algorithms,full_method,1.0361111213850738,full,0.069869612640213
0.039683235796633715,NSGA-II,matched,0.05,201151069,4000,P07,independent,0.04296875,6,15.475421983675691,0.08313573064147167,22.50357940065968,0.07416062468538062,35.75,0.0,held_out_replay_of_fixed_executed_schedule,7,95226.41154639548,1.6794781577847528,-38526.41154639548,512,0.17170910033422412,1315534469,-3.4655566983703965,0.17170910033422412,0.0,False,0.06433472729540066,0.027121045491155363,screening,False,P07_matched_full_method_full_NSGA-II_s04,4070604578,23.96332470001653,4,algorithms,full_method,1.2765119549848227,full,0.17170910033422412
0.0,NSGA-II,matched,0.05,780714114,4000,P07,independent,0.025390625,6,2.9727309472273076,0.056120019344258754,3.388464784071295,0.06744905116659015,35.75,0.08547112049340418,held_out_replay_of_fixed_executed_schedule,7,111260.78985057393,1.962271425936048,-54560.78985057393,512,0.029645746184459948,4163698509,0.7856353089498774,0.08547112049340418,0.0,True,0.04302739655157614,0.013587156828088611,screening,False,P07_matched_full_method_full_NSGA-II_s05,2065592588,17.646031299605966,5,algorithms,full_method,1.0454980347884086,full,0.029645746184459948
2.115103957611461e-17,NSGA-II,matched,0.05,1778979145,4000,P07,independent,0.025390625,6,2.1879680618440775,0.05157457212908005,2.526844975041932,0.05535137154384707,35.75,0.0,held_out_replay_of_fixed_executed_schedule,7,86788.0034571219,1.5306526182913915,-30088.0034571219,512,0.1774093297476132,2733711468,3.503384452065671,0.1774093297476132,2.115103957611461e-17,True,0.04302739655157614,0.013587156828088611,screening,False,P07_matched_full_method_full_NSGA-II_s06,3930613642,17.246716199908406,6,algorithms,full_method,1.0698417813979824,full,0.1774093297476132
0.0,NSGA-II,matched,0.05,321247510,4000,P07,independent,0.03125,6,3.2695900622856646,0.06349438646827488,8.709950517795619,0.086658035819271,35.75,0.0,held_out_replay_of_fixed_executed_schedule,7,100804.23822345962,1.777852525986942,-44104.238223459615,512,0.15263974453118195,4178807271,-0.1183560364979026,0.15263974453118195,0.0,False,0.05025287955876002,0.017965442532865916,screening,False,P07_matched_full_method_full_NSGA-II_s07,2855133336,24.60937080020085,7,algorithms,full_method,1.1506674781246176,full,0.15263974453118195
0.0,NSGA-II,matched,0.05,2712011230,4000,P07,independent,0.0234375,6,11.98280452574399,0.025662124824836246,13.73975930382028,0.07573417996009604,35.75,0.0,held_out_replay_of_fixed_executed_schedule,7,82972.21516651197,1.463354764841481,-26272.215166511975,512,0.1057756975317572,2249671497,6.057689964288122,0.1057756975317572,0.0,False,0.040582439140948286,0.012167790534685311,screening,False,P07_matched_full_method_full_NSGA-II_s08,1199402732,24.15936729963869,8,algorithms,full_method,0.9435103517886911,full,0.1057756975317572
0.0135001682528876,NSGA-II,matched,0.05,1805457344,4000,P07,independent,0.02734375,6,4.046297502528075,0.04311187096645791,18.210419527234627,0.07903442638532722,35.75,0.0,held_out_replay_of_fixed_executed_schedule,7,97396.01968505477,1.7177428515882676,-40696.019685054765,512,0.02274354719282696,3302688920,-0.09637664562434498,0.02274354719282696,0.0,False,0.04545291098745593,0.015027969215664629,screening,False,P07_matched_full_method_full_NSGA-II_s09,3174245982,25.432771699968725,9,algorithms,full_method,1.08697233526899,full,0.02274354719282696
4.230207915222922e-17,SPEA2,matched,0.05000000000000001,2466679176,4000,P07,independent,0.048828125,6,7.514318579935875,0.13785520991235733,20.085541180304432,0.06497378248876838,35.75,0.02250144358345424,held_out_replay_of_fixed_executed_schedule,7,104806.39796730406,1.8484373539207064,-48106.39796730406,512,4.230207915222922e-17,2968862490,0.43630685131114527,0.02250144358345424,4.230207915222922e-17,False,0.07123865584136313,0.03184475219643663,screening,False,P07_matched_full_method_full_SPEA2_s00,1560937006,55.2553524998948,0,algorithms,full_method,1.3459891820253511,full,0.0
0.0,SPEA2,matched,0.05,4221701189,4000,P07,independent,0.013671875,6,14.35024229788375,0.03317290988111052,23.201568472132934,0.0890983761961382,35.75,0.0,held_out_replay_of_fixed_executed_schedule,7,87904.29640133693,1.5503403245385703,-31204.296401336935,512,0.060530957212016304,3366796275,-1.381348804745971,0.060530957212016304,0.0,False,0.027965446339922807,0.00551399998131654,screening,False,P07_matched_full_method_full_SPEA2_s01,73559209,54.827337000053376,1,algorithms,full_method,0.944500402684092,full,0.060530957212016304
0.030874387005918602,SPEA2,matched,0.05000000000000001,614002540,4000,P07,independent,0.052734375,6,6.6114128148040034,0.12393521136040195,15.062270541402448,0.0739208195035847,35.75,0.2803312031352092,held_out_replay_of_fixed_executed_schedule,7,131233.94832135894,2.3145317164260835,-74533.94832135894,512,0.030874387005918602,3116405557,0.0010243130417797392,0.2803312031352092,0.0,False,0.07580107979067144,0.03503626864515074,screening,False,P07_matched_full_method_full_SPEA2_s02,3841655140,56.914336199872196,2,algorithms,full_method,1.355427678697469,full,0.030874387005918602
1.9350951101551666e-17,SPEA2,matched,0.049999999999999996,2430633507,4000,P07,independent,0.02734375,6,3.725062550430419,0.03809720681820565,9.105907924695966,0.07365857572308918,35.75,0.0,held_out_replay_of_fixed_executed_schedule,7,83423.47092815835,1.4713134202497062,-26723.47092815835,512,0.05380561513761719,3038002277,0.3626357244746701,0.05380561513761719,1.9350951101551666e-17,False,0.04545291098745593,0.015027969215664629,screening,False,P07_matched_full_method_full_SPEA2_s03,1893691924,54.540465500205755,3,algorithms,full_method,1.0326870521926663,full,0.05380561513761719
0.042067451969686,SPEA2,matched,0.05,201151069,4000,P07,independent,0.037109375,6,2.522694003407492,0.07226806707310356,8.068704584305305,0.0682757861426457,35.75,0.0,held_out_replay_of_fixed_executed_schedule,7,93946.93216899707,1.656912383932929,-37246.93216899707,512,0.19936314834779556,1315534469,-2.0753746688594665,0.19936314834779556,0.0,False,0.05734588681372429,0.02248745162331635,screening,False,P07_matched_full_method_full_SPEA2_s04,4070604578,57.39689819980413,4,algorithms,full_method,1.1939004293458217,full,0.19936314834779556
0.0,SPEA2,matched,0.05,780714114,4000,P07,independent,0.029296875,6,3.3393792985778,0.060701435551391375,5.7865551272353315,0.06697575338728266,35.75,0.08477838912370285,held_out_replay_of_fixed_executed_schedule,7,111189.78488517954,1.961019133777417,-54489.78488517954,512,0.020368957748512308,4163698509,0.8489524266961676,0.08477838912370285,0.0,True,0.04786087313588519,0.01648801460911842,screening,False,P07_matched_full_method_full_SPEA2_s05,2065592588,44.78891899995506,5,algorithms,full_method,1.0684111160211427,full,0.020368957748512308
0.0,SPEA2,matched,0.05,1778979145,4000,P07,independent,0.0234375,6,2.2526072452822907,0.04120964031819535,2.4928604313763643,0.05833104829758655,35.75,0.0,held_out_replay_of_fixed_executed_schedule,7,85344.75901029597,1.5051985716101581,-28644.759010295966,512,0.1137301141713217,2733711468,5.108078637660799,0.1137301141713217,0.0,True,0.040582439140948286,0.012167790534685311,screening,False,P07_matched_full_method_full_SPEA2_s06,3930613642,42.0884397001937,6,algorithms,full_method,0.9761156936780654,full,0.1137301141713217
0.05368286991753387,SPEA2,matched,0.05,321247510,4000,P07,independent,0.0234375,6,2.877951122187057,0.04147178963411576,2.880869887463085,0.0655064569744784,35.75,0.0,held_out_replay_of_fixed_executed_schedule,7,96353.16611743704,1.6993503724415704,-39653.16611743704,512,0.1138618837172734,4178807271,4.302430526731965,0.1138618837172734,2.115103957611461e-17,True,0.040582439140948286,0.012167790534685311,screening,False,P07_matched_full_method_full_SPEA2_s07,2855133336,47.55298200016841,7,algorithms,full_method,1.020174216944771,full,0.1138618837172734
3.6435899355925256e-17,SPEA2,matched,0.05,2712011230,4000,P07,independent,0.02734375,6,5.290070777532568,0.029491225843720905,9.483913762505686,0.06980836772242165,35.75,0.0,held_out_replay_of_fixed_executed_schedule,7,83221.92540453126,1.4677588254767417,-26521.925404531255,512,0.05542050400660451,2249671497,5.774964517558496,0.05542050400660451,3.6435899355925256e-17,False,0.04545291098745593,0.015027969215664629,screening,False,P07_matched_full_method_full_SPEA2_s08,1199402732,53.49957289965823,8,algorithms,full_method,0.9731382167944453,full,0.05542050400660451
0.0,SPEA2,matched,0.05,1805457344,4000,P07,independent,0.02734375,6,3.0539373926292086,0.03903583092022287,9.41368941506914,0.07315379380291326,35.75,0.0,held_out_replay_of_fixed_executed_schedule,7,97302.24304708875,1.7160889426294312,-40602.24304708875,512,0.0,3302688920,-1.4955374894414874e-14,0.0,0.0,False,0.04545291098745593,0.015027969215664629,screening,False,P07_matched_full_method_full_SPEA2_s09,3174245982,54.282723899930716,9,algorithms,full_method,1.0719062670938506,full,0.0
0.0,MOABC,normal,0.05,2466679176,4000,P07,independent,0.0,6,0.003800413343677478,0.0,0.010160667228366088,0.04067964026272155,1.0,0.0,held_out_replay_of_fixed_executed_schedule,7,18170.385195184135,0.3204653473577449,38529.614804815865,512,0.0,2968862490,15.648100565361103,0.0,0.0,True,0.007178950026259454,0.0,screening,False,P07_normal_full_method_full_MOABC_s00,1560937006,17.07816920010373,0,algorithms,full_method,0.3204653473577449,full,0.0
0.0,MOABC,normal,0.049999999999999996,4221701189,4000,P07,independent,0.0,6,0.0042781395046604526,0.0,0.1254747023077583,0.048104134309699995,1.0,0.0,held_out_replay_of_fixed_executed_schedule,7,17090.52784305187,0.30142024414553564,39609.47215694813,512,0.0,3366796275,14.955127396939968,0.0,0.0,True,0.007178950026259454,0.0,screening,False,P07_normal_full_method_full_MOABC_s01,73559209,16.85185329988599,1,algorithms,full_method,0.30142024414553564,full,0.0
0.0,MOABC,normal,0.05,614002540,4000,P07,independent,0.0,6,0.0,0.0,0.018365560092804142,0.04141179976661621,1.0,0.0,held_out_replay_of_fixed_executed_schedule,7,18167.093026285373,0.32040728441420413,38532.90697371463,512,0.0,3116405557,15.902472705607295,0.0,0.0,True,0.007178950026259454,0.0,screening,False,P07_normal_full_method_full_MOABC_s02,3841655140,17.055531800258905,2,algorithms,full_method,0.32040728441420413,full,0.0
0.0,MOABC,normal,0.05,2430633507,4000,P07,independent,0.0,6,0.018540615124445617,0.0,0.019381748775145632,0.041553814246999915,1.0,0.0,held_out_replay_of_fixed_executed_schedule,7,17409.203932472254,0.3070406337296694,39290.79606752774,512,0.0,3038002277,9.164595916099875,0.0,0.0,True,0.007178950026259454,0.0,screening,False,P07_normal_full_method_full_MOABC_s03,1893691924,17.051792999729514,3,algorithms,full_method,0.3070406337296694,full,0.0
0.0,MOABC,normal,0.05,201151069,4000,P07,independent,0.0,6,0.03984475098071273,0.0,0.04236690207108661,0.054165080063972984,1.0,0.0,held_out_replay_of_fixed_executed_schedule,7,22502.060875872812,0.396861743842554,34197.93912412719,512,0.0,1315534469,-9.832881677478797,0.0,0.0,True,0.007178950026259454,0.0,screening,False,P07_normal_full_method_full_MOABC_s04,4070604578,17.274763900320977,4,algorithms,full_method,0.39686174384255396,full,0.0
0.0,MOABC,normal,0.05000000000000001,780714114,4000,P07,independent,0.0,6,0.003932148788865261,0.0,0.17673286112094636,0.053670522894625455,1.0,0.0,held_out_replay_of_fixed_executed_schedule,7,17109.956531286225,0.3017629017863532,39590.043468713775,512,0.0,4163698509,18.74001821540401,0.0,0.0,True,0.007178950026259454,0.0,screening,False,P07_normal_full_method_full_MOABC_s05,2065592588,16.661912300158292,5,algorithms,full_method,0.3017629017863532,full,0.0
1.8690807681317883e-17,MOABC,normal,0.05,1778979145,4000,P07,independent,0.0,6,0.05016545002521518,0.0,0.12280450962482971,0.058623873252591344,1.0,0.0,held_out_replay_of_fixed_executed_schedule,7,16299.136270623898,0.28746272082229096,40400.8637293761,512,1.8690807681317883e-17,2733711468,19.25380420211052,1.8690807681317883e-17,1.8690807681317883e-17,True,0.007178950026259454,0.0,screening,False,P07_normal_full_method_full_MOABC_s06,3930613642,16.785103200003505,6,algorithms,full_method,0.28746272082229096,full,0.0
0.0,MOABC,normal,0.05000000000000001,321247510,4000,P07,independent,0.0,6,0.0,0.0,0.13120903245007232,0.044448242338910524,1.0,0.0,held_out_replay_of_fixed_executed_schedule,7,17548.876174914134,0.3095039889755579,39151.123825085866,512,0.0,4178807271,12.850859424352498,0.0,0.0,True,0.007178950026259454,0.0,screening,False,P07_normal_full_method_full_MOABC_s07,2855133336,16.903683399781585,7,algorithms,full_method,0.3095039889755579,full,0.0
0.0,MOABC,normal,0.05,2712011230,4000,P07,independent,0.0,6,0.007393321633456976,0.0,0.01029154012034278,0.0378397138461342,1.0,0.0,held_out_replay_of_fixed_executed_schedule,7,12798.473754277176,0.22572264116890964,43901.526245722824,512,0.0,2249671497,34.63625341593634,0.0,0.0,True,0.007178950026259454,0.0,screening,False,P07_normal_full_method_full_MOABC_s08,1199402732,17.09181459993124,8,algorithms,full_method,0.22572264116890964,full,0.0
1.774623808337421e-17,MOABC,normal,0.05,1805457344,4000,P07,independent,0.0,6,0.00069185632561658,0.0,0.10585286520314706,0.042521035893158,1.0,0.0,held_out_replay_of_fixed_executed_schedule,7,17818.724019479545,0.3142632102200978,38881.275980520455,512,1.774623808337421e-17,3302688920,9.908140847562226,1.774623808337421e-17,1.774623808337421e-17,True,0.007178950026259454,0.0,screening,False,P07_normal_full_method_full_MOABC_s09,3174245982,17.135801100172102,9,algorithms,full_method,0.31426321022009784,full,0.0
0.0,MOEA/D,normal,0.05,2466679176,4000,P07,independent,0.0,6,0.004032874107452178,0.0,0.009579515318929296,0.06178459576620668,1.0,0.0,held_out_replay_of_fixed_executed_schedule,7,17965.375438524818,0.3168496550004377,38734.62456147518,512,0.0,2968862490,16.599811945779713,0.0,0.0,True,0.007178950026259454,0.0,screening,False,P07_normal_full_method_full_MOEA-D_s00,1560937006,13.416172899771482,0,algorithms,full_method,0.3168496550004377,full,0.0
0.0,MOEA/D,normal,0.049999999999999996,4221701189,4000,P07,independent,0.0,6,0.0,0.0,2.643278500915498,0.07202611575866044,1.0,0.0,held_out_replay_of_fixed_executed_schedule,7,17674.22516821752,0.3117147295981926,39025.77483178248,512,0.0,3366796275,12.050567332246544,0.0,0.0,True,0.007178950026259454,0.0,screening,False,P07_normal_full_method_full_MOEA-D_s01,73559209,13.517677399795502,1,algorithms,full_method,0.3117147295981926,full,0.0
0.0,MOEA/D,normal,0.05,614002540,4000,P07,independent,0.0,6,0.0,0.0,0.13273075837109577,0.04915570774346702,1.0,0.0,held_out_replay_of_fixed_executed_schedule,7,17492.10255717172,0.3085026906026758,39207.89744282828,512,0.0,3116405557,19.027079890565783,0.0,0.0,True,0.007178950026259454,0.0,screening,False,P07_normal_full_method_full_MOEA-D_s02,3841655140,13.37271079979837,2,algorithms,full_method,0.3085026906026759,full,0.0
0.0,MOEA/D,normal,0.05,2430633507,4000,P07,independent,0.0,6,0.011776958504357352,0.0,0.0157177712345406,0.048756208407198624,1.0,0.0,held_out_replay_of_fixed_executed_schedule,7,18040.25803624658,0.3181703357362713,38659.74196375342,512,0.0013482276501348045,3038002277,5.871966641522568,0.0013482276501348045,0.0,True,0.007178950026259454,0.0,screening,False,P07_normal_full_method_full_MOEA-D_s03,1893691924,13.467761300038546,3,algorithms,full_method,0.31817033573627124,full,0.0013482276501348045
0.0,MOEA/D,normal,0.05,201151069,4000,P07,independent,0.0,6,0.013498120629803973,0.0,1.7539937495256572,0.04770460199275577,1.0,0.0,held_out_replay_of_fixed_executed_schedule,7,15921.90072565233,0.28080953660762487,40778.09927434767,512,0.0,1315534469,22.28497433512052,0.0,0.0,True,0.007178950026259454,0.0,screening,False,P07_normal_full_method_full_MOEA-D_s04,4070604578,13.47643469972536,4,algorithms,full_method,0.28080953660762487,full,0.0
0.0,MOEA/D,normal,0.05000000000000001,780714114,4000,P07,independent,0.0,6,0.0015999217590236398,0.0,0.4345409621614592,0.05269650792322298,1.0,0.0,held_out_replay_of_fixed_executed_schedule,7,18238.872232282738,0.32167323160992484,38461.12776771726,512,0.0,4163698509,13.37848096476408,0.0,0.0,True,0.007178950026259454,0.0,screening,False,P07_normal_full_method_full_MOEA-D_s05,2065592588,13.234831399749964,5,algorithms,full_method,0.3216732316099248,full,0.0
0.0,MOEA/D,normal,0.05,1778979145,4000,P07,independent,0.0,6,0.05256145372994113,0.0,0.10175805089108095,0.05842697224364738,1.0,0.0,held_out_replay_of_fixed_executed_schedule,7,17184.898059505245,0.3030846218607627,39515.10194049476,512,0.0,2733711468,14.865725370951424,0.0,0.0,True,0.007178950026259454,0.0,screening,False,P07_normal_full_method_full_MOEA-D_s06,3930613642,13.203308300115168,6,algorithms,full_method,0.30308462186076274,full,0.0
0.0,MOEA/D,normal,0.05000000000000001,321247510,4000,P07,independent,0.0,6,0.001679939572997044,0.0,0.0037092240225965745,0.057450710489794346,1.0,0.0,held_out_replay_of_fixed_executed_schedule,7,18043.534614399447,0.3182281237107486,38656.46538560055,512,0.0,4178807271,10.394345545631325,0.0,0.0,True,0.007178950026259454,0.0,screening,False,P07_normal_full_method_full_MOEA-D_s07,2855133336,13.355149400420487,7,algorithms,full_method,0.31822812371074866,full,0.0
0.0,MOEA/D,normal,0.05,2712011230,4000,P07,independent,0.0,6,0.0,0.0,0.29619626896501033,0.05913487174029518,1.0,0.0,held_out_replay_of_fixed_executed_schedule,7,17204.66745386673,0.3034332884279846,39495.33254613327,512,0.0,2249671497,12.13315391283976,0.0,0.0,True,0.007178950026259454,0.0,screening,False,P07_normal_full_method_full_MOEA-D_s08,1199402732,13.109485199674964,8,algorithms,full_method,0.3034332884279846,full,0.0
1.774623808337421e-17,MOEA/D,normal,0.05,1805457344,4000,P07,independent,0.0,6,0.004796940432839819,0.0,0.013200945748143053,0.050967363001870096,1.0,0.0,held_out_replay_of_fixed_executed_schedule,7,18304.146571643574,0.3228244545263417,38395.85342835642,512,0.0009424186447172471,3302688920,7.453833785442075,0.0009424186447172471,1.774623808337421e-17,True,0.007178950026259454,0.0,screening,False,P07_normal_full_method_full_MOEA-D_s09,3174245982,12.598552499897778,9,algorithms,full_method,0.3228244545263417,full,0.0009424186447172471
0.0,MOPSO,normal,0.05,2466679176,4000,P07,independent,0.0,6,0.012254753615037528,0.0,0.012654434995441513,0.0222331733800568,1.0,0.0,held_out_replay_of_fixed_executed_schedule,7,11678.815596116787,0.20597558370576344,45021.18440388321,512,0.0,2968862490,45.78374271666878,0.0,0.0,True,0.007178950026259454,0.0,screening,False,P07_normal_full_method_full_MOPSO_s00,1560937006,12.276261600200087,0,algorithms,full_method,0.20597558370576344,full,0.0
0.0,MOPSO,normal,0.049999999999999996,4221701189,4000,P07,independent,0.0,6,0.005013261642780056,0.0,0.014472601464699128,0.022551798040497836,1.0,0.0,held_out_replay_of_fixed_executed_schedule,7,9294.348475702796,0.16392148987130153,47405.6515242972,512,0.0,3366796275,53.75001349850406,0.0,0.0,True,0.007178950026259454,0.0,screening,False,P07_normal_full_method_full_MOPSO_s01,73559209,12.144740200135857,1,algorithms,full_method,0.16392148987130156,full,0.0
0.0,MOPSO,normal,0.05,614002540,4000,P07,independent,0.0,6,0.013931027635900067,0.0,0.013931027635900067,0.030431546361357222,1.0,0.0,held_out_replay_of_fixed_executed_schedule,7,13477.432486664195,0.23769722198702284,43222.5675133358,512,0.0,3116405557,37.61144148017129,0.0,0.0,True,0.007178950026259454,0.0,screening,False,P07_normal_full_method_full_MOPSO_s02,3841655140,12.235669299960136,2,algorithms,full_method,0.23769722198702287,full,0.0
0.0,MOPSO,normal,0.05,2430633507,4000,P07,independent,0.0,6,0.029409920697166442,0.0,0.029409920697166442,0.027513073112610552,1.0,0.0,held_out_replay_of_fixed_executed_schedule,7,8919.34030477901,0.15730758914954163,47780.65969522099,512,0.0,3038002277,53.46186512094213,0.0,0.0,True,0.007178950026259454,0.0,screening,False,P07_normal_full_method_full_MOPSO_s03,1893691924,12.209430900402367,3,algorithms,full_method,0.15730758914954163,full,0.0
0.0,MOPSO,normal,0.05,201151069,4000,P07,independent,0.0,6,0.04203109514635717,0.0,0.04320942544477907,0.027055609600733797,1.0,0.0,held_out_replay_of_fixed_executed_schedule,7,7058.1708234669595,0.12448273057260952,49641.82917653304,512,0.0,1315534469,65.5489670395263,0.0,0.0,True,0.007178950026259454,0.0,screening,False,P07_normal_full_method_full_MOPSO_s04,4070604578,12.232887999620289,4,algorithms,full_method,0.12448273057260952,full,0.0
0.0,MOPSO,normal,0.05000000000000001,780714114,4000,P07,independent,0.0,6,0.019636782950097964,0.0,0.025470986601097284,0.03957326930828702,1.0,0.0,held_out_replay_of_fixed_executed_schedule,7,13460.82059674146,0.23740424332877355,43239.17940325854,512,0.0,4163698509,36.070788111190005,0.0,0.0,True,0.007178950026259454,0.0,screening,False,P07_normal_full_method_full_MOPSO_s05,2065592588,12.703885900322348,5,algorithms,full_method,0.23740424332877358,full,0.0
1.8217949677962628e-17,MOPSO,normal,0.05,1778979145,4000,P07,independent,0.0,6,0.0622818287640525,0.0,0.07047682576955851,0.03300344438196983,1.0,0.0,held_out_replay_of_fixed_executed_schedule,7,15378.660427352144,0.2712285789656463,41321.339572647856,512,1.8217949677962628e-17,2733711468,23.813857043806493,1.8217949677962628e-17,1.8217949677962628e-17,True,0.007178950026259454,0.0,screening,False,P07_normal_full_method_full_MOPSO_s06,3930613642,12.52565099997446,6,algorithms,full_method,0.2712285789656462,full,0.0
0.0,MOPSO,normal,0.05000000000000001,321247510,4000,P07,independent,0.0,6,0.003967170751525209,0.0,0.004287433085931006,0.03862917109847057,1.0,0.0,held_out_replay_of_fixed_executed_schedule,7,13769.039869669146,0.24284020934160752,42930.96013033085,512,0.0,4178807271,31.62183268984386,0.0,0.0,True,0.007178950026259454,0.0,screening,False,P07_normal_full_method_full_MOPSO_s07,2855133336,12.57934150006622,7,algorithms,full_method,0.24284020934160752,full,0.0
0.0,MOPSO,normal,0.05,2712011230,4000,P07,independent,0.0,6,0.008288925552940085,0.0,0.010291540120342765,0.030485682270831628,1.0,0.0,held_out_replay_of_fixed_executed_schedule,7,16922.412575995888,0.29845524825389574,39777.587424004116,512,0.0,2249671497,13.574672383204229,0.0,0.0,True,0.007178950026259454,0.0,screening,False,P07_normal_full_method_full_MOPSO_s08,1199402732,12.281846700236201,8,algorithms,full_method,0.29845524825389574,full,0.0
0.0,MOPSO,normal,0.05,1805457344,4000,P07,independent,0.0,6,0.008587118076511746,0.0,0.011064731873623931,0.030617758186925404,1.0,0.0,held_out_replay_of_fixed_executed_schedule,7,11722.255510092567,0.206741719754719,44977.74448990743,512,0.0,3302688920,40.73201923944532,0.0,0.0,True,0.007178950026259454,0.0,screening,False,P07_normal_full_method_full_MOPSO_s09,3174245982,12.205084499903023,9,algorithms,full_method,0.20674171975471897,full,0.0
0.0,NSGA-III,normal,0.05,2466679176,4000,P07,independent,0.0,6,0.0,0.0,1.1370579014412128,0.04139497846806977,1.0,0.0,held_out_replay_of_fixed_executed_schedule,7,18170.385195184135,0.3204653473577449,38529.614804815865,512,0.0,2968862490,15.648100565361103,0.0,0.0,True,0.007178950026259454,0.0,screening,False,P07_normal_full_method_full_NSGA-III_s00,1560937006,21.03999700024724,0,algorithms,full_method,0.3204653473577449,full,0.0
0.0,NSGA-III,normal,0.049999999999999996,4221701189,4000,P07,independent,0.0,6,0.0,0.0,3.473593900917778,0.054013473606568836,1.0,0.0,held_out_replay_of_fixed_executed_schedule,7,15906.802651395768,0.2805432566383733,40793.19734860423,512,0.0,3366796275,20.845510599021882,0.0,0.0,True,0.007178950026259454,0.0,screening,False,P07_normal_full_method_full_NSGA-III_s01,73559209,22.27439250005409,1,algorithms,full_method,0.2805432566383733,full,0.0
1.8690807681317883e-17,NSGA-III,normal,0.05,614002540,4000,P07,independent,0.0,6,0.0,0.0,0.6239652976309211,0.04721175692937895,1.0,0.0,held_out_replay_of_fixed_executed_schedule,7,17041.011240913747,0.30054693546585093,39658.98875908625,512,1.8690807681317883e-17,3116405557,21.1152325865629,1.8690807681317883e-17,1.8690807681317883e-17,True,0.007178950026259454,0.0,screening,False,P07_normal_full_method_full_NSGA-III_s02,3841655140,21.000218000262976,2,algorithms,full_method,0.30054693546585093,full,0.0
0.0,NSGA-III,normal,0.05,2430633507,4000,P07,independent,0.0,6,0.002838287441643203,0.0,0.09759605790989094,0.04549586657416557,1.0,0.0,held_out_replay_of_fixed_executed_schedule,7,18240.951549738227,0.32170990387545373,38459.04845026178,512,0.0,3038002277,4.8248150046215885,0.0,0.0,True,0.007178950026259454,0.0,screening,False,P07_normal_full_method_full_NSGA-III_s03,1893691924,21.12550019985065,3,algorithms,full_method,0.32170990387545373,full,0.0
0.0,NSGA-III,normal,0.05,201151069,4000,P07,independent,0.0,6,0.015083114951802257,0.0,4.001805679680838,0.045058604336670104,1.0,0.0,held_out_replay_of_fixed_executed_schedule,7,17368.10147774838,0.3063157227116116,39331.89852225162,512,0.0,1315534469,15.226047734439316,0.0,0.0,True,0.007178950026259454,0.0,screening,False,P07_normal_full_method_full_NSGA-III_s04,4070604578,21.18534140009433,4,algorithms,full_method,0.30631572271161167,full,0.0
1.8690807681317883e-17,NSGA-III,normal,0.05000000000000001,780714114,4000,P07,independent,0.0,6,0.0024927388333649686,0.0,0.41793785336961803,0.04926111843621133,1.0,0.0,held_out_replay_of_fixed_executed_schedule,7,16318.447425821332,0.28780330557004113,40381.55257417867,512,1.8690807681317883e-17,4163698509,22.49911692350482,1.8690807681317883e-17,1.8690807681317883e-17,True,0.007178950026259454,0.0,screening,False,P07_normal_full_method_full_NSGA-III_s05,2065592588,20.625594399869442,5,algorithms,full_method,0.2878033055700412,full,0.0
0.0,NSGA-III,normal,0.05,1778979145,4000,P07,independent,0.0,6,0.03539892577946452,0.0,0.5607723685959276,0.043443433490948265,1.0,0.0,held_out_replay_of_fixed_executed_schedule,7,18314.11479047805,0.323000260854992,38385.88520952195,512,0.0,2733711468,9.271566653368506,0.0,0.0,True,0.007178950026259454,0.0,screening,False,P07_normal_full_method_full_NSGA-III_s06,3930613642,21.352876000106335,6,algorithms,full_method,0.323000260854992,full,0.0
0.0,NSGA-III,normal,0.05000000000000001,321247510,4000,P07,independent,0.0,6,0.0,0.0,1.7817057155301976,0.05042355319209519,1.0,0.0,held_out_replay_of_fixed_executed_schedule,7,18357.53189301367,0.32376599458577904,38342.46810698633,512,0.0,4178807271,8.835009625679989,0.0,0.0,True,0.007178950026259454,0.0,screening,False,P07_normal_full_method_full_NSGA-III_s07,2855133336,21.426926399581134,7,algorithms,full_method,0.3237659945857791,full,0.0
0.0,NSGA-III,normal,0.05,2712011230,4000,P07,independent,0.0,6,0.0,0.0,2.5316492758705635,0.05670372167709328,1.0,0.0,held_out_replay_of_fixed_executed_schedule,7,19552.109846886815,0.34483438883398265,37147.890153113185,512,0.0,2249671497,0.14440957941680466,0.0,0.0,True,0.007178950026259454,0.0,screening,False,P07_normal_full_method_full_NSGA-III_s08,1199402732,21.54619440017268,8,algorithms,full_method,0.34483438883398265,full,0.0
0.0,NSGA-III,normal,0.05,1805457344,4000,P07,independent,0.0,6,0.0,0.0,2.6172737180493524,0.0503190008896954,1.0,0.0,held_out_replay_of_fixed_executed_schedule,7,18280.0010368168,0.3223986073512663,38419.9989631832,512,0.0,3302688920,7.5759141386927285,0.0,0.0,True,0.007178950026259454,0.0,screening,False,P07_normal_full_method_full_NSGA-III_s09,3174245982,21.023995500057936,9,algorithms,full_method,0.3223986073512663,full,0.0
0.0,NSGA-II,normal,0.05,2466679176,4000,P07,independent,0.0,6,0.0,0.0,2.158664486890477,0.04736483005215722,1.0,0.0,held_out_replay_of_fixed_executed_schedule,7,18170.385195184135,0.3204653473577449,38529.614804815865,512,0.0,2968862490,15.648100565361103,0.0,0.0,True,0.007178950026259454,0.0,screening,False,P07_normal_full_method_full_NSGA-II_s00,1560937006,18.66551740001887,0,algorithms,full_method,0.3204653473577449,full,0.0
0.0,NSGA-II,normal,0.049999999999999996,4221701189,4000,P07,independent,0.0,6,0.0,0.0,1.9402146478113902,0.04836214123160462,1.0,0.0,held_out_replay_of_fixed_executed_schedule,7,15655.291189143987,0.2761074283799645,41044.70881085601,512,0.0,3366796275,22.097067043728654,0.0,0.0,True,0.007178950026259454,0.0,screening,False,P07_normal_full_method_full_NSGA-II_s01,73559209,20.00341900018975,1,algorithms,full_method,0.2761074283799645,full,0.0
1.8690807681317883e-17,NSGA-II,normal,0.05,614002540,4000,P07,independent,0.0,6,0.0,0.0,0.10983581705146081,0.05258970717432296,1.0,0.0,held_out_replay_of_fixed_executed_schedule,7,17041.011240913747,0.30054693546585093,39658.98875908625,512,0.0012190278350801148,3116405557,21.1152325865629,0.0012190278350801148,1.8690807681317883e-17,True,0.007178950026259454,0.0,screening,False,P07_normal_full_method_full_NSGA-II_s02,3841655140,18.692704999819398,2,algorithms,full_method,0.30054693546585093,full,0.0012190278350801148
1.8690807681317883e-17,NSGA-II,normal,0.05,2430633507,4000,P07,independent,0.0,6,0.0009674162536517927,0.0,0.401226678072596,0.041255120686334516,1.0,0.0,held_out_replay_of_fixed_executed_schedule,7,18240.951549738227,0.32170990387545373,38459.04845026178,512,1.8690807681317883e-17,3038002277,4.8248150046215885,1.8690807681317883e-17,1.8690807681317883e-17,True,0.007178950026259454,0.0,screening,False,P07_normal_full_method_full_NSGA-II_s03,1893691924,18.750427800230682,3,algorithms,full_method,0.32170990387545373,full,0.0
0.0,NSGA-II,normal,0.05,201151069,4000,P07,independent,0.0,6,0.014367022283574574,0.0,3.5899918877798767,0.04755498445976761,1.0,0.0,held_out_replay_of_fixed_executed_schedule,7,17996.88446765978,0.3174053697999961,38703.11553234022,512,0.0,1315534469,12.156948947767782,0.0,0.0,True,0.007178950026259454,0.0,screening,False,P07_normal_full_method_full_NSGA-II_s04,4070604578,19.287453799974173,4,algorithms,full_method,0.31740536979999606,full,0.0
1.8690807681317883e-17,NSGA-II,normal,0.05000000000000001,780714114,4000,P07,independent,0.0,6,0.0011818934847477036,0.0,0.5844780398848742,0.05358476989054487,1.0,0.0,held_out_replay_of_fixed_executed_schedule,7,18238.872232282738,0.32167323160992484,38461.12776771726,512,1.8690807681317883e-17,4163698509,13.37848096476408,1.8690807681317883e-17,1.8690807681317883e-17,True,0.007178950026259454,0.0,screening,False,P07_normal_full_method_full_NSGA-II_s05,2065592588,19.22828309983015,5,algorithms,full_method,0.3216732316099248,full,0.0
2.115103957611461e-17,NSGA-II,normal,0.05,1778979145,4000,P07,independent,0.0,6,0.027994143050963163,0.0,1.099634907068437,0.04792030334229898,1.0,0.0,held_out_replay_of_fixed_executed_schedule,7,17771.396890901244,0.3134285165943782,38928.60310909875,512,2.115103957611461e-17,2733711468,11.960200275091735,2.115103957611461e-17,2.115103957611461e-17,True,0.007178950026259454,0.0,screening,False,P07_normal_full_method_full_NSGA-II_s06,3930613642,19.586081499699503,6,algorithms,full_method,0.3134285165943782,full,0.0
0.0,NSGA-II,normal,0.05000000000000001,321247510,4000,P07,independent,0.0,6,0.0,0.0,0.49988330787669893,0.054232492637470577,1.0,0.0,held_out_replay_of_fixed_executed_schedule,7,18357.53189301367,0.32376599458577904,38342.46810698633,512,0.0,4178807271,8.835009625679989,0.0,0.0,True,0.007178950026259454,0.0,screening,False,P07_normal_full_method_full_NSGA-II_s07,2855133336,19.82937219971791,7,algorithms,full_method,0.3237659945857791,full,0.0
0.0,NSGA-II,normal,0.05,2712011230,4000,P07,independent,0.0,6,0.0,0.0,0.9216181259837758,0.0551239278339156,1.0,0.0,held_out_replay_of_fixed_executed_schedule,7,17381.48772687774,0.3065518117615122,39318.51227312226,512,0.0,2249671497,11.230105960566986,0.0,0.0,True,0.007178950026259454,0.0,screening,False,P07_normal_full_method_full_NSGA-II_s08,1199402732,20.287234399933368,8,algorithms,full_method,0.30655181176151214,full,0.0
0.0,NSGA-II,normal,0.05,1805457344,4000,P07,independent,0.0,6,0.0,0.0,1.5750459952348712,0.052646757535766024,1.0,0.0,held_out_replay_of_fixed_executed_schedule,7,18280.0010368168,0.3223986073512663,38419.9989631832,512,0.004691845480399704,3302688920,7.5759141386927285,0.004691845480399704,0.0,True,0.007178950026259454,0.0,screening,False,P07_normal_full_method_full_NSGA-II_s09,3174245982,19.79008310008794,9,algorithms,full_method,0.3223986073512663,full,0.004691845480399704
0.0,SPEA2,normal,0.05,2466679176,4000,P07,independent,0.0,6,0.0,0.0,1.518322747611538,0.047783864224470264,1.0,0.0,held_out_replay_of_fixed_executed_schedule,7,17980.85007798644,0.3171225763313305,38719.14992201356,512,0.0,2968862490,16.527974435587574,0.0,0.0,True,0.007178950026259454,0.0,screening,False,P07_normal_full_method_full_SPEA2_s00,1560937006,43.739671300165355,0,algorithms,full_method,0.31712257633133045,full,0.0
0.0,SPEA2,normal,0.049999999999999996,4221701189,4000,P07,independent,0.0,6,0.0,0.0,3.1756843225563083,0.05049907811951764,1.0,0.0,held_out_replay_of_fixed_executed_schedule,7,17674.22516821752,0.3117147295981926,39025.77483178248,512,0.0,3366796275,12.050567332246544,0.0,0.0,True,0.007178950026259454,0.0,screening,False,P07_normal_full_method_full_SPEA2_s01,73559209,43.616492100059986,1,algorithms,full_method,0.3117147295981926,full,0.0
0.0,SPEA2,normal,0.05,614002540,4000,P07,independent,0.0,6,0.0,0.0,1.6244537461322222,0.05209767329133723,1.0,0.0,held_out_replay_of_fixed_executed_schedule,7,17696.39278429663,0.3121056928447377,39003.60721570337,512,0.0,3116405557,18.081397335478,0.0,0.0,True,0.007178950026259454,0.0,screening,False,P07_normal_full_method_full_SPEA2_s02,3841655140,44.38952570036054,2,algorithms,full_method,0.31210569284473777,full,0.0
0.0,SPEA2,normal,0.05,2430633507,4000,P07,independent,0.0,6,0.0,0.0,3.098735456229314,0.04638700591560743,1.0,0.0,held_out_replay_of_fixed_executed_schedule,7,18240.951549738227,0.32170990387545373,38459.04845026178,512,0.0,3038002277,4.8248150046215885,0.0,0.0,True,0.007178950026259454,0.0,screening,False,P07_normal_full_method_full_SPEA2_s03,1893691924,42.59517199965194,3,algorithms,full_method,0.32170990387545373,full,0.0
0.0,SPEA2,normal,0.05,201151069,4000,P07,independent,0.0,6,0.017863952271161374,0.0,0.3594869997378096,0.04476401334233384,1.0,0.0,held_out_replay_of_fixed_executed_schedule,7,17144.392602168064,0.30237023989714396,39555.60739783193,512,0.0002606390896517695,1315534469,16.31797396276802,0.0002606390896517695,0.0,True,0.007178950026259454,0.0,screening,False,P07_normal_full_method_full_SPEA2_s04,4070604578,42.518800400197506,4,algorithms,full_method,0.30237023989714396,full,0.0002606390896517695
0.0,SPEA2,normal,0.05000000000000001,780714114,4000,P07,independent,0.0,6,0.0,0.0,3.564035558308285,0.047690365082729023,1.0,0.0,held_out_replay_of_fixed_executed_schedule,7,16284.550652727832,0.28720547888408876,40415.449347272166,512,0.0,4163698509,22.660102204741378,0.0,0.0,True,0.007178950026259454,0.0,screening,False,P07_normal_full_method_full_SPEA2_s05,2065592588,43.79529969999567,5,algorithms,full_method,0.28720547888408876,full,0.0
1.8690807681317883e-17,SPEA2,normal,0.05,1778979145,4000,P07,independent,0.0,6,0.03345758529211337,0.0,2.449278619893926,0.04763174873872366,1.0,0.0,held_out_replay_of_fixed_executed_schedule,7,17285.793992493713,0.30486409157837235,39414.20600750629,512,1.8690807681317883e-17,2733711468,14.365885218379606,1.8690807681317883e-17,1.8690807681317883e-17,True,0.007178950026259454,0.0,screening,False,P07_normal_full_method_full_SPEA2_s06,3930613642,43.89722569985315,6,algorithms,full_method,0.30486409157837235,full,0.0
0.0,SPEA2,normal,0.05000000000000001,321247510,4000,P07,independent,0.0,6,0.0,0.0,1.0151981401136863,0.04693828685135834,1.0,0.0,held_out_replay_of_fixed_executed_schedule,7,18357.53189301367,0.32376599458577904,38342.46810698633,512,0.0,4178807271,8.835009625679989,0.0,0.0,True,0.007178950026259454,0.0,screening,False,P07_normal_full_method_full_SPEA2_s07,2855133336,44.76293409988284,7,algorithms,full_method,0.3237659945857791,full,0.0
0.0,SPEA2,normal,0.05,2712011230,4000,P07,independent,0.0,6,0.0,0.0,1.2524583365735156,0.05296115828400957,1.0,0.0,held_out_replay_of_fixed_executed_schedule,7,17802.329213099874,0.31397406019576496,38897.670786900126,512,0.0,2249671497,9.080804662176524,0.0,0.0,True,0.007178950026259454,0.0,screening,False,P07_normal_full_method_full_SPEA2_s08,1199402732,43.92052990011871,8,algorithms,full_method,0.31397406019576496,full,0.0
0.0,SPEA2,normal,0.05,1805457344,4000,P07,independent,0.0,6,0.0,0.0,1.470391195680418,0.05219085603634707,1.0,0.0,held_out_replay_of_fixed_executed_schedule,7,18280.0010368168,0.3223986073512663,38419.9989631832,512,0.00903356966629256,3302688920,7.5759141386927285,0.00903356966629256,0.0,True,0.007178950026259454,0.0,screening,False,P07_normal_full_method_full_SPEA2_s09,3174245982,44.69651110004634,9,algorithms,full_method,0.3223986073512663,full,0.00903356966629256
0.03918811081810141,MOABC,matched,0.04999999999999999,2344664749,4000,P08,independent,0.02734375,7,4.816320063480484,0.04462009138377917,21.930492354001835,0.037727496419068494,5.5,0.0,held_out_replay_of_fixed_executed_schedule,7,91264.10064029018,1.609596131222049,-34564.100640290184,512,0.1930545442063121,705281182,3.5351099936974286,0.1930545442063121,0.0,False,0.04545291098745593,0.015027969215664629,screening,False,P08_matched_full_method_full_MOABC_s00,4080258386,22.401980500202626,0,algorithms,full_method,1.1294408032851,full,0.1930545442063121
0.03245774507673089,MOABC,matched,0.05,288597407,4000,P08,independent,0.021484375,7,2.6462916269608123,0.016196306995705425,18.835942666665595,0.061415390383993844,5.5,0.0,held_out_replay_of_fixed_executed_schedule,7,82561.77835171035,1.456116020312352,-25861.778351710353,512,0.07198743650941533,1828700277,-6.973958693111733,0.07198743650941533,0.0,False,0.0381157716754838,0.01077255408609197,screening,False,P08_matched_full_method_full_MOABC_s01,152908009,23.674435699824244,1,algorithms,full_method,0.9310581698034264,full,0.07198743650941533
0.05172234269455906,MOABC,matched,0.05,1765244452,4000,P08,independent,0.01953125,7,3.550726918799299,0.03428028785853071,10.010349769050714,0.050656449474502964,5.5,0.0,held_out_replay_of_fixed_executed_schedule,7,93478.1624394081,1.648644840201201,-36778.1624394081,512,0.12680626921031593,1818474792,3.0534180236756496,0.12680626921031593,0.0,False,0.035624636181676994,0.009404755122447006,screening,False,P08_matched_full_method_full_MOABC_s02,4052824183,22.906157900113612,2,algorithms,full_method,1.0501909398234694,full,0.12680626921031593
0.08813973701842834,MOABC,matched,0.05000000000000001,2073890659,4000,P08,independent,0.01953125,7,3.66746644132967,0.03848646640616289,9.038879736307342,0.05088473646351609,5.5,0.0,held_out_replay_of_fixed_executed_schedule,7,87176.89479523589,1.5375113720500155,-30476.894795235887,512,0.12034057184370751,1657251023,2.5763942272964253,0.12034057184370751,0.0,False,0.035624636181676994,0.009404755122447006,screening,False,P08_matched_full_method_full_MOABC_s03,3153601751,22.916118800174445,3,algorithms,full_method,1.0699846140704083,full,0.12034057184370751
0.08097420513027577,MOABC,matched,0.05,2507862543,4000,P08,independent,0.044921875,7,7.005962031583968,0.03402639209266727,19.966397012271557,0.06667667024717104,5.5,0.0,held_out_replay_of_fixed_executed_schedule,7,84837.77777847175,1.4962571036767505,-28137.777778471747,512,0.11359879806225427,3813850753,-8.664853661992607,0.11359879806225427,3.549247616674842e-17,False,0.06664470087314162,0.02868645340600739,screening,False,P08_matched_full_method_full_MOABC_s04,1196578429,24.3310714000836,4,algorithms,full_method,1.1306159164839245,full,0.11359879806225427
0.0,MOABC,matched,0.05,1751210358,4000,P08,independent,0.044921875,7,5.188199529938824,0.08415244913564224,12.940574279951132,0.04511221284246801,5.5,0.2025717957606593,held_out_replay_of_fixed_executed_schedule,7,123263.60906546758,2.1739613591793225,-66563.60906546758,512,0.1945839093150507,245750468,0.35218161052925057,0.2025717957606593,0.0,False,0.06664470087314162,0.02868645340600739,screening,False,P08_matched_full_method_full_MOABC_s05,2494977626,24.444704500027,5,algorithms,full_method,1.2519084713057416,full,0.1945839093150507
0.06541699371809241,MOABC,matched,0.05,286130684,4000,P08,independent,0.021484375,7,2.945198276309645,0.028816000318181653,20.18350570047862,0.048007637806773105,5.5,0.0,held_out_replay_of_fixed_executed_schedule,7,81346.90500926197,1.434689682703033,-24646.905009261973,512,0.11332899023142946,171885883,-6.573600192262084,0.11332899023142946,0.0,False,0.0381157716754838,0.01077255408609197,screening,False,P08_matched_full_method_full_MOABC_s06,2117995958,23.063097700010985,6,algorithms,full_method,0.9948076263595917,full,0.11332899023142946
0.033888779870764565,MOABC,matched,0.05000000000000001,2025384590,4000,P08,independent,0.02734375,7,3.559272027188715,0.023666381937371507,33.2644786585804,0.05805009340726789,5.5,0.0,held_out_replay_of_fixed_executed_schedule,7,92456.72500098555,1.630630070564119,-35756.72500098555,512,0.11485614552704494,2987550723,3.460432141514673,0.11485614552704494,0.0,False,0.04545291098745593,0.015027969215664629,screening,False,P08_matched_full_method_full_MOABC_s07,4060381227,23.63702079979703,7,algorithms,full_method,1.0633348216815883,full,0.11485614552704494
0.02214947371860191,MOABC,matched,0.049999999999999996,2281200848,4000,P08,independent,0.052734375,7,4.369928449096023,0.04624453382997773,14.981047428318718,0.058927951005936306,5.5,0.07524022323269731,held_out_replay_of_fixed_executed_schedule,7,110212.12288135148,1.94377641766052,-53512.122881351475,512,0.14512953514510102,3086328734,-8.965332093066042,0.14512953514510102,0.0,False,0.07580107979067144,0.03503626864515074,screening,False,P08_matched_full_method_full_MOABC_s08,721546366,24.922551199793816,8,algorithms,full_method,1.163318841959237,full,0.14512953514510102
0.0,MOABC,matched,0.049999999999999996,563290859,4000,P08,independent,0.046875,7,6.708724690259798,0.05176146436130278,13.685210651845724,0.06197109650807068,5.5,0.0,held_out_replay_of_fixed_executed_schedule,7,81833.08314584565,1.4432642530131508,-25133.083145845652,512,0.026754834827756507,4291346727,-7.4869401889238265,0.026754834827756507,0.0,False,0.06894584242162148,0.030261206917453175,screening,False,P08_matched_full_method_full_MOABC_s09,299103639,24.48381569981575,9,algorithms,full_method,1.2001257786926274,full,0.026754834827756507
0.031780048714311955,MOEA/D,matched,0.04999999999999999,2344664749,4000,P08,independent,0.05078125,7,5.264024423146962,0.05445955281506412,36.55731317274397,0.062215718443831135,5.5,0.0,held_out_replay_of_fixed_executed_schedule,7,95710.33674086365,1.6880129936660258,-39010.336740863655,512,0.19305379401270845,705281182,-1.1644999665690658,0.19305379401270845,0.0,False,0.07352359697050091,0.0334365900510209,screening,False,P08_matched_full_method_full_MOEA-D_s00,4080258386,7.6008746000006795,0,algorithms,full_method,1.183398379919892,full,0.19305379401270845
0.051775647773388195,MOEA/D,matched,0.05,288597407,4000,P08,independent,0.025390625,7,2.7750583830395725,0.0238726226609285,27.611757737673926,0.05233718129671013,5.5,0.0,held_out_replay_of_fixed_executed_schedule,7,84489.3742482109,1.4901124206033667,-27789.374248210894,512,0.07970917967397737,1828700277,-9.471513468771295,0.07970917967397737,0.0,False,0.04302739655157614,0.013587156828088611,screening,False,P08_matched_full_method_full_MOEA-D_s01,152908009,6.796287000179291,1,algorithms,full_method,1.0026167031626454,full,0.07970917967397737
0.039799439283290654,MOEA/D,matched,0.05,1765244452,4000,P08,independent,0.02734375,7,3.147866717251996,0.04192650922151443,15.117322859505991,0.053111578459433866,5.5,0.0,held_out_replay_of_fixed_executed_schedule,7,95298.39551409075,1.6807477162978968,-38598.39551409075,512,0.15982843181134537,1818474792,1.1656469080942762,0.15982843181134537,0.0,False,0.04545291098745593,0.015027969215664629,screening,False,P08_matched_full_method_full_MOEA-D_s02,4052824183,6.847066099755466,2,algorithms,full_method,1.0870116721758614,full,0.15982843181134537
2.115103957611461e-17,MOEA/D,matched,0.05000000000000001,2073890659,4000,P08,independent,0.0390625,7,3.2312125255794855,0.05919148974557642,40.606029586282965,0.06386977081456371,5.5,0.0,held_out_replay_of_fixed_executed_schedule,7,91779.01469796435,1.6186775079006057,-35079.01469796435,512,0.14729687247072118,1657251023,-2.566655616073684,0.14729687247072118,2.115103957611461e-17,False,0.05968598191731192,0.024020809593503667,screening,False,P08_matched_full_method_full_MOEA-D_s03,3153601751,6.812463799957186,3,algorithms,full_method,1.1794221426967837,full,0.14729687247072118
0.028087683141632246,MOEA/D,matched,0.05,2507862543,4000,P08,independent,0.072265625,7,25.35922229868372,0.06153769121550653,70.40933599905111,0.06862061333489579,5.5,0.0,held_out_replay_of_fixed_executed_schedule,7,88298.4642736279,1.5572921388646896,-31598.464273627906,512,0.12248318567308487,3813850753,-13.097489704725035,0.12248318567308487,2.115103957611461e-17,False,0.0982352850891248,0.05138896665505944,screening,False,P08_matched_full_method_full_MOEA-D_s04,1196578429,6.7602686998434365,4,algorithms,full_method,1.2121690139584371,full,0.12248318567308487
0.0175277254061416,MOEA/D,matched,0.05,1751210358,4000,P08,independent,0.04296875,7,5.779513121962136,0.0686335888183282,24.67379438208385,0.057803791534367974,5.5,0.20333549072108795,held_out_replay_of_fixed_executed_schedule,7,123341.88779891151,2.1753419364887394,-66641.88779891151,512,0.1226900772665364,245750468,0.28890011915383507,0.20333549072108795,0.0,False,0.06433472729540066,0.027121045491155363,screening,False,P08_matched_full_method_full_MOEA-D_s05,2494977626,6.825352500192821,5,algorithms,full_method,1.2090132576058543,full,0.1226900772665364
0.0009695056298637987,MOEA/D,matched,0.05,286130684,4000,P08,independent,0.02734375,7,2.8866106644738334,0.034739549390874175,38.52637053030169,0.05862055291441148,5.5,0.0,held_out_replay_of_fixed_executed_schedule,7,83857.36954663115,1.4789659532033712,-27157.369546631147,512,0.11700789961343175,171885883,-9.862591259248248,0.11700789961343175,0.0,False,0.04545291098745593,0.015027969215664629,screening,False,P08_matched_full_method_full_MOEA-D_s06,2117995958,6.87654470000416,6,algorithms,full_method,1.023912005529937,full,0.11700789961343175
0.03906626400717867,MOEA/D,matched,0.05000000000000001,2025384590,4000,P08,independent,0.041015625,7,3.870984366250082,0.025157941750160905,25.603291532339938,0.06292350940878395,5.5,0.0,held_out_replay_of_fixed_executed_schedule,7,95736.25263844866,1.6884700641701702,-39036.252638448655,512,0.06427906813805681,2987550723,0.036082199449639064,0.06427906813805681,0.0,False,0.062015362281175865,0.02556560042788603,screening,False,P08_matched_full_method_full_MOEA-D_s07,4060381227,6.791440899949521,7,algorithms,full_method,1.095597509729369,full,0.06427906813805681
0.021018112255991813,MOEA/D,matched,0.049999999999999996,2281200848,4000,P08,independent,0.052734375,7,4.463035769319236,0.042125852097641844,27.113602520424365,0.04884965141734649,5.5,0.02570727345886436,held_out_replay_of_fixed_executed_schedule,7,105134.9955295336,1.8542327253885995,-48434.9955295336,512,0.11667001403441479,3086328734,-3.945640488312151,0.11667001403441479,0.0,False,0.07580107979067144,0.03503626864515074,screening,False,P08_matched_full_method_full_MOEA-D_s08,721546366,6.860747399739921,8,algorithms,full_method,1.1465840054652106,full,0.11667001403441479
0.02412716036362502,MOEA/D,matched,0.049999999999999996,563290859,4000,P08,independent,0.072265625,7,6.783185042506761,0.09651650289109177,38.713015053545746,0.06497480722966577,5.5,0.0,held_out_replay_of_fixed_executed_schedule,7,88273.8169390061,1.5568574416050458,-31573.816939006094,512,0.03711967231213346,4291346727,-15.94677991858898,0.03711967231213346,0.0,False,0.0982352850891248,0.05138896665505944,screening,False,P08_matched_full_method_full_MOEA-D_s09,299103639,6.967553199734539,9,algorithms,full_method,1.3218646177231166,full,0.03711967231213346
0.021293463379238937,MOPSO,matched,0.04999999999999999,2344664749,4000,P08,independent,0.025390625,7,4.201322094808058,0.034244482269669786,7.942402163832295,0.04034463163048051,5.5,0.0,held_out_replay_of_fixed_executed_schedule,7,91264.1006402902,1.6095961312220493,-34564.1006402902,512,0.19166365863467055,705281182,3.5351099936974135,0.19166365863467055,0.0,False,0.04302739655157614,0.013587156828088611,screening,False,P08_matched_full_method_full_MOPSO_s00,4080258386,6.8516515996307135,0,algorithms,full_method,1.1117143016198034,full,0.19166365863467055
0.059806274816408475,MOPSO,matched,0.05,288597407,4000,P08,independent,0.021484375,7,2.7762552381284378,0.017035338263743923,4.029520926745429,0.04042349042659469,5.5,0.0,held_out_replay_of_fixed_executed_schedule,7,82750.35039350533,1.4594418058819283,-26050.35039350533,512,0.06486301940134602,1828700277,-7.218288432760973,0.06486301940134602,0.0,False,0.0381157716754838,0.01077255408609197,screening,False,P08_matched_full_method_full_MOPSO_s01,152908009,6.896018600091338,1,algorithms,full_method,0.9426087747600177,full,0.06486301940134602
0.049383907938062424,MOPSO,matched,0.05,1765244452,4000,P08,independent,0.01953125,7,4.0780568755145605,0.034354151398750546,9.23146952516815,0.03268420280140507,5.5,0.0,held_out_replay_of_fixed_executed_schedule,7,93260.76542196347,1.64481067763604,-36560.76542196347,512,0.12365863389732844,1818474792,3.278881353539086,0.12365863389732844,3.549247616674842e-17,False,0.035624636181676994,0.009404755122447006,screening,False,P08_matched_full_method_full_MOPSO_s02,4052824183,6.936057100072503,2,algorithms,full_method,1.0286876719305755,full,0.12365863389732844
0.05506555674430178,MOPSO,matched,0.05000000000000001,2073890659,4000,P08,independent,0.017578125,7,3.864861080835968,0.03476211484910781,28.258035182629893,0.05885610431417069,5.5,0.0,held_out_replay_of_fixed_executed_schedule,7,87783.92340382028,1.5482173439827212,-31083.923403820285,512,0.12861933203992418,1657251023,1.8980159024617689,0.12861933203992418,0.0,False,0.033105620119942024,0.008068548953610121,screening,False,P08_matched_full_method_full_MOPSO_s03,3153601751,6.868566399905831,3,algorithms,full_method,1.0461388862263605,full,0.12861933203992418
0.014644533416337374,MOPSO,matched,0.05,2507862543,4000,P08,independent,0.041015625,7,3.8779060008846415,0.0343985763475324,26.927868538729804,0.04596667250284548,5.5,0.0,held_out_replay_of_fixed_executed_schedule,7,84975.61164427418,1.4986880360542183,-28275.611644274177,512,0.09883068664587435,3813850753,-8.841398796121384,0.09883068664587435,0.0,False,0.062015362281175865,0.02556560042788603,screening,False,P08_matched_full_method_full_MOPSO_s04,1196578429,6.908792900387198,4,algorithms,full_method,1.1210625042556333,full,0.09883068664587435
0.019073666304048355,MOPSO,matched,0.05,1751210358,4000,P08,independent,0.037109375,7,5.103362047627135,0.07231704498086765,12.340622466521285,0.0483906493629965,5.5,0.21010042305952903,held_out_replay_of_fixed_executed_schedule,7,124035.29336360173,2.187571311527367,-67335.29336360173,512,0.12425887164915088,245750468,-0.2716574720473146,0.21010042305952903,0.0,False,0.05734588681372429,0.02248745162331635,screening,False,P08_matched_full_method_full_MOPSO_s05,2494977626,6.955207000020891,5,algorithms,full_method,1.2232293712198556,full,0.12425887164915088
0.00994639934562963,MOPSO,matched,0.05,286130684,4000,P08,independent,0.021484375,7,3.5505840370230524,0.023283753116741503,5.659519487884737,0.03894801568200751,5.5,0.0,held_out_replay_of_fixed_executed_schedule,7,80814.09323786887,1.4252926496978637,-24114.093237868874,512,0.11418623523205038,171885883,-5.875556810086527,0.11418623523205038,0.0,False,0.0381157716754838,0.01077255408609197,screening,False,P08_matched_full_method_full_MOPSO_s06,2117995958,6.9515769998542964,6,algorithms,full_method,0.9785758378101286,full,0.11418623523205038
0.03280602075859568,MOPSO,matched,0.05000000000000001,2025384590,4000,P08,independent,0.01953125,7,3.642960263471873,0.01900270927061348,7.481582725678615,0.03746057836000666,5.5,0.0,held_out_replay_of_fixed_executed_schedule,7,92456.72500098549,1.630630070564118,-35756.72500098549,512,0.043834297659913174,2987550723,3.460432141514734,0.043834297659913174,0.0,False,0.035624636181676994,0.009404755122447006,screening,False,P08_matched_full_method_full_MOPSO_s07,4060381227,6.97040699981153,7,algorithms,full_method,1.0381229704258816,full,0.043834297659913174
0.0,MOPSO,matched,0.049999999999999996,2281200848,4000,P08,independent,0.029296875,7,4.8949995962404955,0.03268291842951279,6.780572416878879,0.046609971393989556,5.5,0.018547353322744913,held_out_replay_of_fixed_executed_schedule,7,104401.10371558135,1.8412893071531102,-47701.103715581354,512,0.0935361368951185,3086328734,-3.220050933034472,0.0935361368951185,0.0,False,0.04786087313588519,0.01648801460911842,screening,False,P08_matched_full_method_full_MOPSO_s08,721546366,6.9051676001399755,8,algorithms,full_method,1.1060706261927298,full,0.0935361368951185
0.0,MOPSO,matched,0.049999999999999996,563290859,4000,P08,independent,0.06640625,7,8.950216274475155,0.06851765934637845,42.75697051352027,0.07201242245744108,5.5,0.0,held_out_replay_of_fixed_executed_schedule,7,86051.40273811667,1.517661423952675,-29351.402738116667,512,0.03976558896521669,4291346727,-13.027660986453965,0.03976558896521669,0.0,False,0.09156269001226201,0.04642313523921855,screening,False,P08_matched_full_method_full_MOPSO_s09,299103639,6.8976537003181875,9,algorithms,full_method,1.2460468955160082,full,0.03976558896521669
0.0201536483942873,NSGA-III,matched,0.04999999999999999,2344664749,4000,P08,independent,0.033203125,7,4.5813068995308015,0.03631219043752883,51.03563460396141,0.048868678703328075,5.5,0.0,held_out_replay_of_fixed_executed_schedule,7,92261.81477487985,1.6271925004387982,-35561.81477487985,512,0.17266870448727617,705281182,2.4805399757419044,0.17266870448727617,0.0,False,0.052630293172314914,0.01945868698795646,screening,False,P08_matched_full_method_full_NSGA-III_s00,4080258386,24.5784801999107,0,algorithms,full_method,1.131679511000652,full,0.17266870448727617
0.04321639953731267,NSGA-III,matched,0.05,288597407,4000,P08,independent,0.025390625,7,2.2906416654835087,0.021716898803690435,13.232486799154309,0.038945716529238526,5.5,0.0,held_out_replay_of_fixed_executed_schedule,7,85365.52943208994,1.5055648929821859,-28665.52943208994,512,0.09634153184344475,1828700277,-10.606733546635466,0.09634153184344475,1.774623808337421e-17,False,0.04302739655157614,0.013587156828088611,screening,False,P08_matched_full_method_full_NSGA-III_s01,152908009,25.4761471003294,1,algorithms,full_method,0.9663946010817017,full,0.09634153184344475
0.03613288330999549,NSGA-III,matched,0.05,1765244452,4000,P08,independent,0.029296875,7,3.3303361310530692,0.04816259024704784,22.520608450721152,0.04590674513206423,5.5,0.0,held_out_replay_of_fixed_executed_schedule,7,95738.954172841,1.6885177102793827,-39038.954172841,512,0.1465001652087168,1818474792,0.7087417335451388,0.1465001652087168,1.8217949677962628e-17,False,0.04786087313588519,0.01648801460911842,screening,False,P08_matched_full_method_full_NSGA-III_s02,4052824183,26.634959800168872,2,algorithms,full_method,1.121969014919584,full,0.1465001652087168
0.041928243420137026,NSGA-III,matched,0.05000000000000001,2073890659,4000,P08,independent,0.021484375,7,3.313389629918597,0.0390550819712787,14.770459962564843,0.04806103928416619,5.5,0.0,held_out_replay_of_fixed_executed_schedule,7,88539.7077265257,1.5615468734836984,-31839.707726525696,512,0.1661208077543585,1657251023,1.0533972213606662,0.1661208077543585,0.0,False,0.0381157716754838,0.01077255408609197,screening,False,P08_matched_full_method_full_NSGA-III_s03,3153601751,25.963222899939865,3,algorithms,full_method,1.0752640079322746,full,0.1661208077543585
0.021623929815591744,NSGA-III,matched,0.05,2507862543,4000,P08,independent,0.037109375,7,4.5170459850173765,0.033483981578810135,14.167161962934273,0.05250178687780806,5.5,0.0,held_out_replay_of_fixed_executed_schedule,7,85942.23809101782,1.5157361215347058,-29242.238091017818,512,0.08218660675769274,3813850753,-10.079506678384467,0.08218660675769274,0.0,False,0.05734588681372429,0.02248745162331635,screening,False,P08_matched_full_method_full_NSGA-III_s04,1196578429,26.080028399825096,4,algorithms,full_method,1.1208650137241232,full,0.08218660675769274
0.0,NSGA-III,matched,0.05,1751210358,4000,P08,independent,0.0390625,7,5.893539447335277,0.06705501858797137,12.893121826085583,0.03889019632945245,5.5,0.19695738557613307,held_out_replay_of_fixed_executed_schedule,7,122688.13202155364,2.1638118522319867,-65988.13202155364,512,0.10891515274898869,245750468,0.8174043343648694,0.19695738557613307,0.0,False,0.05968598191731192,0.024020809593503667,screening,False,P08_matched_full_method_full_NSGA-III_s05,2494977626,26.030077000148594,5,algorithms,full_method,1.204786837439535,full,0.10891515274898869
0.010323275326790303,NSGA-III,matched,0.05,286130684,4000,P08,independent,0.025390625,7,3.0239879946412116,0.03478953819324079,16.40101493545054,0.05286150204789013,5.5,0.0,held_out_replay_of_fixed_executed_schedule,7,83466.29086620962,1.4720686219790056,-26766.290866209616,512,0.16538466881700706,171885883,-9.350234176625175,0.16538466881700706,0.0,False,0.04302739655157614,0.013587156828088611,screening,False,P08_matched_full_method_full_NSGA-III_s06,2117995958,25.91703339992091,6,algorithms,full_method,1.0955819438510934,full,0.16538466881700706
0.08048191462537521,NSGA-III,matched,0.05000000000000001,2025384590,4000,P08,independent,0.0390625,7,3.5941502570207606,0.040605591000453425,23.704057625823314,0.03799711070850684,5.5,0.0,held_out_replay_of_fixed_executed_schedule,7,95954.07860407534,1.6923117919590007,-39254.078604075345,512,0.08647934325066339,2987550723,-0.19136285216487237,0.08647934325066339,0.0,False,0.05968598191731192,0.024020809593503667,screening,False,P08_matched_full_method_full_NSGA-III_s07,4060381227,27.203437100164592,7,algorithms,full_method,1.1430562310728818,full,0.08647934325066339
0.0,NSGA-III,matched,0.049999999999999996,2281200848,4000,P08,independent,0.048828125,7,5.042722607992054,0.04402871542511584,34.86562334033678,0.04313586635441651,5.5,0.03735625077499071,held_out_replay_of_fixed_executed_schedule,7,106329.01570443655,1.8752912822651948,-49629.01570443655,512,0.13728318460077277,3086328734,-5.126153135039653,0.13728318460077277,0.0,False,0.07123865584136313,0.03184475219643663,screening,False,P08_matched_full_method_full_NSGA-III_s08,721546366,26.52437929995358,8,algorithms,full_method,1.1568734169259498,full,0.13728318460077277
0.010113144408035797,NSGA-III,matched,0.049999999999999996,563290859,4000,P08,independent,0.078125,7,7.842951048733135,0.09015272672923538,60.452553575106045,0.0702940610724065,5.5,0.0,held_out_replay_of_fixed_executed_schedule,7,88458.57212634129,1.5601159105174829,-31758.572126341285,512,0.028142148253157993,4291346727,-16.189454018198525,0.028142148253157993,0.0,False,0.10486635710025519,0.0563977959958858,screening,False,P08_matched_full_method_full_NSGA-III_s09,299103639,26.279719300102443,9,algorithms,full_method,1.3105925747619154,full,0.028142148253157993
0.08873610729861389,NSGA-II,matched,0.04999999999999999,2344664749,4000,P08,independent,0.046875,7,4.486918404119791,0.06661368005606631,31.78985092600489,0.04188438138022062,5.5,0.0,held_out_replay_of_fixed_executed_schedule,7,94979.37941887132,1.675121330138824,-38279.37941887132,512,0.25858164021114893,705281182,-0.3918882038869578,0.25858164021114893,0.0,False,0.06894584242162148,0.030261206917453175,screening,False,P08_matched_full_method_full_NSGA-II_s00,4080258386,25.419865100178868,0,algorithms,full_method,1.212821013350778,full,0.25858164021114893
0.028582253195849252,NSGA-II,matched,0.05,288597407,4000,P08,independent,0.025390625,7,2.376303599395718,0.021821207742717317,24.276581034377436,0.04377961661981363,5.5,0.0,held_out_replay_of_fixed_executed_schedule,7,84801.05526513181,1.4956094403021485,-28101.055265131814,512,0.08004926567696888,1828700277,-9.875353513101384,0.08004926567696888,2.115103957611461e-17,False,0.04302739655157614,0.013587156828088611,screening,False,P08_matched_full_method_full_NSGA-II_s01,152908009,26.470902000088245,1,algorithms,full_method,0.9503365137903479,full,0.08004926567696888
0.07499135042213226,NSGA-II,matched,0.05,1765244452,4000,P08,independent,0.033203125,7,3.1807430124167064,0.052575998969551174,14.461825529274124,0.04298989376132306,5.5,0.004475990912773811,held_out_replay_of_fixed_executed_schedule,7,102958.78906855932,1.8158516590574836,-46258.789068559316,512,0.2009360240728263,1818474792,-6.7789783639372905,0.2009360240728263,0.0,False,0.052630293172314914,0.01945868698795646,screening,False,P08_matched_full_method_full_NSGA-II_s02,4052824183,27.64340649964288,2,algorithms,full_method,1.1417822147219048,full,0.2009360240728263
0.029578334637990443,NSGA-II,matched,0.05000000000000001,2073890659,4000,P08,independent,0.025390625,7,5.529717646330614,0.04490442155779746,21.294757835197608,0.04814129071107523,5.5,0.0,held_out_replay_of_fixed_executed_schedule,7,88210.9920629921,1.5557494191003898,-31510.992062992096,512,0.0398424211080842,1657251023,1.4207498930821207,0.0398424211080842,0.0,False,0.04302739655157614,0.013587156828088611,screening,False,P08_matched_full_method_full_NSGA-II_s03,3153601751,26.002196100074798,3,algorithms,full_method,1.114246020190964,full,0.0398424211080842
2.115103957611461e-17,NSGA-II,matched,0.05,2507862543,4000,P08,independent,0.037109375,7,5.326348529296857,0.03201487636561355,30.656416265997116,0.051222079078997416,5.5,0.0,held_out_replay_of_fixed_executed_schedule,7,84235.585661242,1.4856364314152029,-27535.585661242003,512,0.030821729921401145,3813850753,-7.893533148788631,0.030821729921401145,2.115103957611461e-17,False,0.05734588681372429,0.02248745162331635,screening,False,P08_matched_full_method_full_NSGA-II_s04,1196578429,25.32245949981734,4,algorithms,full_method,1.1129471450208408,full,0.030821729921401145
0.02808747642691756,NSGA-II,matched,0.05,1751210358,4000,P08,independent,0.041015625,7,5.329087814352624,0.076853673404243,27.165551486677735,0.04692459047180077,5.5,0.19695738557613307,held_out_replay_of_fixed_executed_schedule,7,122688.13202155364,2.1638118522319867,-65988.13202155364,512,0.15356472705598767,245750468,0.8174043343648694,0.19695738557613307,0.0,False,0.062015362281175865,0.02556560042788603,screening,False,P08_matched_full_method_full_NSGA-II_s05,2494977626,25.664277399890125,5,algorithms,full_method,1.2341133307838135,full,0.15356472705598767
0.010323275326790303,NSGA-II,matched,0.05,286130684,4000,P08,independent,0.02734375,7,7.103845424354507,0.033231795060617166,28.34200255398835,0.056720664573439536,5.5,0.0,held_out_replay_of_fixed_executed_schedule,7,82508.68955583603,1.4551797099794714,-25808.689555836027,512,0.1222382373065782,171885883,-8.095668693356679,0.1222382373065782,0.0,False,0.04545291098745593,0.015027969215664629,screening,False,P08_matched_full_method_full_NSGA-II_s06,2117995958,24.819756499957293,6,algorithms,full_method,1.0939605659961402,full,0.1222382373065782
0.0042094239447268,NSGA-II,matched,0.05000000000000001,2025384590,4000,P08,independent,0.029296875,7,3.5085960811515786,0.025173721040947162,25.312440213951525,0.05257152611478403,5.5,0.0,held_out_replay_of_fixed_executed_schedule,7,95191.21159786687,1.6788573474050594,-38491.21159786687,512,0.10293020731386453,2987550723,0.6051919805103841,0.10293020731386453,2.115103957611461e-17,False,0.04786087313588519,0.01648801460911842,screening,False,P08_matched_full_method_full_NSGA-II_s07,4060381227,25.99546749982983,7,algorithms,full_method,1.0779267218099926,full,0.10293020731386453
0.0,NSGA-II,matched,0.049999999999999996,2281200848,4000,P08,independent,0.048828125,7,4.879426901348173,0.04226108006066031,35.33697209085117,0.05420796733825952,5.5,0.0,held_out_replay_of_fixed_executed_schedule,7,101541.69546536522,1.7908588265496512,-44841.69546536522,512,0.12252367469376527,3086328734,-0.39299015760706857,0.12252367469376527,0.0,False,0.07123865584136313,0.03184475219643663,screening,False,P08_matched_full_method_full_NSGA-II_s08,721546366,25.544012899976224,8,algorithms,full_method,1.1477586565772744,full,0.12252367469376527
0.024400553554228765,NSGA-II,matched,0.049999999999999996,563290859,4000,P08,independent,0.078125,7,7.123461696252227,0.09572778370059105,62.94219636938757,0.06113107766386965,5.5,0.0,held_out_replay_of_fixed_executed_schedule,7,89557.42090225173,1.5794959594753393,-32857.42090225173,512,0.030563123008124807,4291346727,-17.632780947998487,0.030563123008124807,0.0,False,0.10486635710025519,0.0563977959958858,screening,False,P08_matched_full_method_full_NSGA-II_s09,299103639,25.454212800133973,9,algorithms,full_method,1.3262288010374772,full,0.030563123008124807
0.02202176912201271,SPEA2,matched,0.04999999999999999,2344664749,4000,P08,independent,0.046875,7,5.513426050742661,0.06361053428792267,29.37747082989766,0.059064563759277815,5.5,0.0,held_out_replay_of_fixed_executed_schedule,7,94037.36174917343,1.658507261890184,-37337.36174917343,512,0.17955567581488566,705281182,0.6038114222953375,0.17955567581488566,0.0,False,0.06894584242162148,0.030261206917453175,screening,False,P08_matched_full_method_full_SPEA2_s00,4080258386,53.16731429984793,0,algorithms,full_method,1.2031241749248862,full,0.17955567581488566
0.05168274995132034,SPEA2,matched,0.05,288597407,4000,P08,independent,0.025390625,7,2.388351220589397,0.023641287517414605,38.66236414387869,0.05499305661635476,5.5,0.0,held_out_replay_of_fixed_executed_schedule,7,84046.32891709854,1.4822985699664646,-27346.328917098537,512,0.11860944089655893,1828700277,-8.897466810671332,0.11860944089655893,1.774623808337421e-17,False,0.04302739655157614,0.013587156828088611,screening,False,P08_matched_full_method_full_SPEA2_s01,152908009,52.77812259970233,1,algorithms,full_method,0.9874896060300562,full,0.11860944089655893
0.03306748976063156,SPEA2,matched,0.05,1765244452,4000,P08,independent,0.02734375,7,3.5364930307748583,0.03725800578704382,35.2563204400966,0.04516611252530833,5.5,0.0,held_out_replay_of_fixed_executed_schedule,7,94857.63965128962,1.6729742442908222,-38157.63965128962,512,0.14163387239139713,1818474792,1.6227566037656331,0.14163387239139713,0.0,False,0.04545291098745593,0.015027969215664629,screening,False,P08_matched_full_method_full_SPEA2_s02,4052824183,51.13669930025935,2,algorithms,full_method,1.04674400762312,full,0.14163387239139713
0.0002152712201759597,SPEA2,matched,0.05000000000000001,2073890659,4000,P08,independent,0.017578125,7,4.018653599188211,0.03487530786077974,26.382790007968016,0.051192184689712684,5.5,0.0,held_out_replay_of_fixed_executed_schedule,7,87946.39761798577,1.5510828504053928,-31246.39761798577,512,0.13461660386344643,1657251023,1.7164445832920805,0.13461660386344643,0.0,False,0.033105620119942024,0.008068548953610121,screening,False,P08_matched_full_method_full_SPEA2_s03,3153601751,51.24149639997631,3,algorithms,full_method,1.051474326214494,full,0.13461660386344643
0.019388314415714123,SPEA2,matched,0.05,2507862543,4000,P08,independent,0.0703125,7,7.087649662355496,0.05574085868847037,39.67135908099423,0.07132279823088476,5.5,0.0,held_out_replay_of_fixed_executed_schedule,7,89339.39167848382,1.5756506468868399,-32639.391678483822,512,0.12221855757118237,3813850753,-14.430766307240301,0.12221855757118237,1.8690807681317883e-17,False,0.0960159290992518,0.04972866865403264,screening,False,P08_matched_full_method_full_SPEA2_s04,1196578429,54.182554399594665,4,algorithms,full_method,1.2061848689458525,full,0.12221855757118237
0.0,SPEA2,matched,0.05,1751210358,4000,P08,independent,0.044921875,7,5.15793949489718,0.07581328202817483,18.853912160188504,0.043579102446420125,5.5,0.21057641007498817,held_out_replay_of_fixed_executed_schedule,7,124084.08203268629,2.1884317818815924,-67384.08203268629,512,0.10368695931534419,245750468,-0.31109883250448206,0.21057641007498817,0.0,False,0.06664470087314162,0.02868645340600739,screening,False,P08_matched_full_method_full_SPEA2_s05,2494977626,53.019472599960864,5,algorithms,full_method,1.2386453963719526,full,0.10368695931534419
0.01609739923372154,SPEA2,matched,0.05,286130684,4000,P08,independent,0.03125,7,2.9450902416118194,0.045999428921128474,30.46252628128294,0.06221877163899574,5.5,0.0,held_out_replay_of_fixed_executed_schedule,7,85514.8034424569,1.5081975915777233,-28814.803442456905,512,0.15842190728141725,171885883,-12.034016187322967,0.15842190728141725,2.115103957611461e-17,False,0.05025287955876002,0.017965442532865916,screening,False,P08_matched_full_method_full_SPEA2_s06,2117995958,53.96205089986324,6,algorithms,full_method,1.1531381710340969,full,0.15842190728141725
0.0027717158986225892,SPEA2,matched,0.05000000000000001,2025384590,4000,P08,independent,0.037109375,7,4.375928028932294,0.033861409982105004,17.002943733620235,0.041760624103037575,5.5,0.0,held_out_replay_of_fixed_executed_schedule,7,94140.9788891064,1.6603347246755977,-37440.978889106394,512,0.021597076969512984,2987550723,1.7018024418208229,0.021597076969512984,0.0,False,0.05734588681372429,0.02248745162331635,screening,False,P08_matched_full_method_full_SPEA2_s07,4060381227,54.0531259002164,7,algorithms,full_method,1.1159759668062232,full,0.021597076969512984
0.03651607143687817,SPEA2,matched,0.049999999999999996,2281200848,4000,P08,independent,0.046875,7,4.905137694888769,0.044713152052388176,32.97318937885832,0.0483548057311161,5.5,0.07450794731806439,held_out_replay_of_fixed_executed_schedule,7,110137.0646001016,1.9424526384497636,-53437.0646001016,512,0.10838267674684654,3086328734,-8.891122919620283,0.10838267674684654,0.0,False,0.06894584242162148,0.030261206917453175,screening,False,P08_matched_full_method_full_SPEA2_s08,721546366,54.6056849998422,8,algorithms,full_method,1.1634495664450166,full,0.10838267674684654
0.027919172780992898,SPEA2,matched,0.049999999999999996,563290859,4000,P08,independent,0.048828125,7,7.427235251670972,0.059726710292091416,26.14367339702809,0.05878159955272941,5.5,0.0,held_out_replay_of_fixed_executed_schedule,7,84498.61446291933,1.4902753873530745,-27798.61446291933,512,0.02902002692013227,4291346727,-10.988089042613897,0.02902002692013227,0.0,False,0.07123865584136313,0.03184475219643663,screening,False,P08_matched_full_method_full_SPEA2_s09,299103639,53.862520299851894,9,algorithms,full_method,1.224031336759422,full,0.02902002692013227
0.0,MOABC,normal,0.05,2344664749,4000,P08,independent,0.0,7,0.0,0.0,0.09134665531357478,0.031067574883756915,1.0,0.0,held_out_replay_of_fixed_executed_schedule,7,8681.672189389592,0.15311591162944607,48018.32781061041,512,0.0,705281182,31.29710471593979,0.0,0.0,True,0.007178950026259454,0.0,screening,False,P08_normal_full_method_full_MOABC_s00,4080258386,17.942320799920708,0,algorithms,full_method,0.1531159116294461,full,0.0
0.0,MOABC,normal,0.05000000000000001,288597407,4000,P08,independent,0.0,7,0.0,0.0,0.1664086084872064,0.025356766626466607,1.0,0.0,held_out_replay_of_fixed_executed_schedule,7,10781.264413676634,0.1901457568549671,45918.73558632337,512,0.017212263292759794,1828700277,13.150910839291093,0.017212263292759794,0.0,True,0.007178950026259454,0.0,screening,False,P08_normal_full_method_full_MOABC_s01,152908009,17.358266400173306,1,algorithms,full_method,0.19014575685496707,full,0.017212263292759794
0.0,MOABC,normal,0.05000000000000001,1765244452,4000,P08,independent,0.0,7,0.0,0.0,0.23287724531363868,0.03367441756238798,1.0,0.0,held_out_replay_of_fixed_executed_schedule,7,10670.255528487598,0.18818792819202113,46029.7444715124,512,0.0015125661251669154,1818474792,13.076226260531657,0.0015125661251669154,0.0,True,0.007178950026259454,0.0,screening,False,P08_normal_full_method_full_MOABC_s02,4052824183,17.970963300205767,2,algorithms,full_method,0.18818792819202113,full,0.0015125661251669154
0.0,MOABC,normal,0.05,2073890659,4000,P08,independent,0.0,7,0.0,0.0,0.08514878607128139,0.025746099662866898,1.0,0.0,held_out_replay_of_fixed_executed_schedule,7,6830.557568411208,0.12046838744993313,49869.44243158879,512,0.0,1657251023,44.28182318798586,0.0,0.0,True,0.007178950026259454,0.0,screening,False,P08_normal_full_method_full_MOABC_s03,3153601751,17.745693100150675,3,algorithms,full_method,0.12046838744993313,full,0.0
0.0,MOABC,normal,0.05,2507862543,4000,P08,independent,0.0,7,0.0,0.0,0.18953738951271865,0.031891560677062614,1.0,0.0,held_out_replay_of_fixed_executed_schedule,7,12207.421585147875,0.21529844065516535,44492.57841485213,512,0.000806798408138115,3813850753,-0.008743316152789752,0.000806798408138115,0.0,True,0.007178950026259454,0.0,screening,False,P08_normal_full_method_full_MOABC_s04,1196578429,18.318621299695224,4,algorithms,full_method,0.21529844065516535,full,0.000806798408138115
0.0,MOABC,normal,0.05,1751210358,4000,P08,independent,0.0,7,0.0,0.0,1.4151492698741566,0.033866906683202594,1.0,0.0,held_out_replay_of_fixed_executed_schedule,7,11057.090404022349,0.1950104127693536,45642.90959597765,512,0.02253704749932846,245750468,10.0,0.02253704749932846,0.0,True,0.007178950026259454,0.0,screening,False,P08_normal_full_method_full_MOABC_s05,2494977626,18.26631430024281,5,algorithms,full_method,0.1950104127693536,full,0.02253704749932846
0.0,MOABC,normal,0.05000000000000001,286130684,4000,P08,independent,0.0,7,0.0,0.0,0.0658697503521359,0.02453989384822569,1.0,0.0,held_out_replay_of_fixed_executed_schedule,7,10432.217493242131,0.1839897265122069,46267.78250675787,512,0.0,171885883,15.365212328947461,0.0,0.0,True,0.007178950026259454,0.0,screening,False,P08_normal_full_method_full_MOABC_s06,2117995958,19.213070099707693,6,algorithms,full_method,0.18398972651220694,full,0.0
0.0,MOABC,normal,0.05,2025384590,4000,P08,independent,0.0,7,0.0,0.0,0.1559862866577435,0.03210906719661653,1.0,0.0,held_out_replay_of_fixed_executed_schedule,7,10974.250790998662,0.19354939666664306,45725.74920900134,512,0.017089600669596684,2987550723,10.436475146803035,0.017089600669596684,0.0,True,0.007178950026259454,0.0,screening,False,P08_normal_full_method_full_MOABC_s07,4060381227,18.762975600082427,7,algorithms,full_method,0.1935493966666431,full,0.017089600669596684
0.0,MOABC,normal,0.05,2281200848,4000,P08,independent,0.0,7,0.0,0.0,0.08992279602802027,0.037975002937076736,1.0,0.0,held_out_replay_of_fixed_executed_schedule,7,10519.317217500024,0.18552587685185226,46180.68278249998,512,0.0,3086328734,13.033494171156349,0.0,0.0,True,0.007178950026259454,0.0,screening,False,P08_normal_full_method_full_MOABC_s08,721546366,18.23141170013696,8,algorithms,full_method,0.1855258768518523,full,0.0
0.0,MOABC,normal,0.04999999999999999,563290859,4000,P08,independent,0.0,7,0.0,0.0,0.8947493054973659,0.03219909627141324,1.0,0.0,held_out_replay_of_fixed_executed_schedule,7,10832.710052368559,0.19105308734336082,45867.28994763144,512,0.0,4291346727,10.50900578929256,0.0,0.0,True,0.007178950026259454,0.0,screening,False,P08_normal_full_method_full_MOABC_s09,299103639,18.436668999958783,9,algorithms,full_method,0.19105308734336082,full,0.0
0.0,MOEA/D,normal,0.05,2344664749,4000,P08,independent,0.0,7,0.0,0.0,5.362974785457439,0.03287792822723785,1.0,0.0,held_out_replay_of_fixed_executed_schedule,7,11312.595299705206,0.19951667195247277,45387.40470029479,512,0.03517373018575335,705281182,10.477148490302076,0.03517373018575335,0.0,True,0.007178950026259454,0.0,screening,False,P08_normal_full_method_full_MOEA-D_s00,4080258386,15.033785399980843,0,algorithms,full_method,0.19951667195247275,full,0.03517373018575335
0.0,MOEA/D,normal,0.05000000000000001,288597407,4000,P08,independent,0.0,7,0.0,0.0,5.798290715479272,0.036710862546247676,1.0,0.0,held_out_replay_of_fixed_executed_schedule,7,11172.41189985759,0.19704430158478994,45527.58810014241,512,0.01283055491050792,1828700277,10.0,0.01283055491050792,0.0,True,0.007178950026259454,0.0,screening,False,P08_normal_full_method_full_MOEA-D_s01,152908009,14.99665129976347,1,algorithms,full_method,0.19704430158478994,full,0.01283055491050792
0.0,MOEA/D,normal,0.05000000000000001,1765244452,4000,P08,independent,0.0,7,0.0,0.0,3.5938442969156186,0.020492862973879332,1.0,0.0,held_out_replay_of_fixed_executed_schedule,7,11047.87512380911,0.19484788578146578,45652.124876190894,512,0.0,1818474792,9.999999999999993,0.0,0.0,True,0.007178950026259454,0.0,screening,False,P08_normal_full_method_full_MOEA-D_s02,4052824183,14.799648200161755,2,algorithms,full_method,0.19484788578146583,full,0.0
0.0,MOEA/D,normal,0.05,2073890659,4000,P08,independent,0.0,7,0.0,0.0,4.359615773997511,0.040350156508629845,1.0,0.0,held_out_replay_of_fixed_executed_schedule,7,11033.207048950931,0.19458918957585417,45666.792951049065,512,0.013859028850561884,1657251023,9.999999999999996,0.013859028850561884,0.0,True,0.007178950026259454,0.0,screening,False,P08_normal_full_method_full_MOEA-D_s03,3153601751,14.967346800025553,3,algorithms,full_method,0.1945891895758542,full,0.013859028850561884
0.0,MOEA/D,normal,0.05,2507862543,4000,P08,independent,0.0,7,0.0,0.0,4.869404161581302,0.03280761763602751,1.0,0.0,held_out_replay_of_fixed_executed_schedule,7,10985.718910497086,0.19375165626978988,45714.28108950291,512,0.003759044426849159,3813850753,10.0,0.003759044426849159,0.0,True,0.007178950026259454,0.0,screening,False,P08_normal_full_method_full_MOEA-D_s04,1196578429,14.55547389993444,4,algorithms,full_method,0.1937516562697899,full,0.003759044426849159
0.0,MOEA/D,normal,0.05,1751210358,4000,P08,independent,0.0,7,0.0,0.0,3.33199472517067,0.0326132254205666,1.0,0.0,held_out_replay_of_fixed_executed_schedule,7,11057.090404022349,0.1950104127693536,45642.90959597765,512,0.02284444452280285,245750468,10.0,0.02284444452280285,0.0,True,0.007178950026259454,0.0,screening,False,P08_normal_full_method_full_MOEA-D_s05,2494977626,14.499532400164753,5,algorithms,full_method,0.1950104127693536,full,0.02284444452280285
0.0,MOEA/D,normal,0.05000000000000001,286130684,4000,P08,independent,0.0,7,0.0,0.0,5.222604500527644,0.03679432957759552,1.0,0.0,held_out_replay_of_fixed_executed_schedule,7,11031.329619593696,0.19455607794697877,45668.6703804063,512,0.020046595366883146,171885883,10.504718609585867,0.020046595366883146,0.0,True,0.007178950026259454,0.0,screening,False,P08_normal_full_method_full_MOEA-D_s06,2117995958,14.596427600365132,6,algorithms,full_method,0.19455607794697877,full,0.020046595366883146
0.0,MOEA/D,normal,0.05,2025384590,4000,P08,independent,0.0,7,0.0,0.0,2.817272489475399,0.02688036283749627,1.0,0.0,held_out_replay_of_fixed_executed_schedule,7,10579.220743111611,0.18658237642172154,46120.77925688839,512,0.0,2987550723,13.660411266497983,0.0,0.0,True,0.007178950026259454,0.0,screening,False,P08_normal_full_method_full_MOEA-D_s07,4060381227,14.51759220007807,7,algorithms,full_method,0.18658237642172154,full,0.0
0.0,MOEA/D,normal,0.05,2281200848,4000,P08,independent,0.0,7,0.0,0.0,4.304833134825021,0.029220934665274364,1.0,0.0,held_out_replay_of_fixed_executed_schedule,7,10886.243393959645,0.19199723798870627,45813.756606040355,512,0.015049857553429994,3086328734,9.999999999999996,0.015049857553429994,0.0,True,0.007178950026259454,0.0,screening,False,P08_normal_full_method_full_MOEA-D_s08,721546366,14.585768400225788,8,algorithms,full_method,0.19199723798870627,full,0.015049857553429994
0.0,MOEA/D,normal,0.04999999999999999,563290859,4000,P08,independent,0.0,7,0.0,0.0,7.705271173152015,0.04106955943500499,1.0,0.0,held_out_replay_of_fixed_executed_schedule,7,10894.324208955095,0.1921397567716948,45805.67579104491,512,0.0,4291346727,9.999999999999996,0.0,0.0,True,0.007178950026259454,0.0,screening,False,P08_normal_full_method_full_MOEA-D_s09,299103639,14.444472999777645,9,algorithms,full_method,0.1921397567716948,full,0.0
0.0,MOPSO,normal,0.05,2344664749,4000,P08,independent,0.0,7,0.00037044481860989964,0.0,0.00037044481860989964,0.0027293700093165593,1.0,0.0,held_out_replay_of_fixed_executed_schedule,7,5006.542095283825,0.08829880238595811,51693.457904716175,512,0.009668799890750588,705281182,60.38045093111168,0.009668799890750588,0.0,True,0.007178950026259454,0.0,screening,False,P08_normal_full_method_full_MOPSO_s00,4080258386,14.424438900314271,0,algorithms,full_method,0.08829880238595811,full,0.009668799890750588
0.0,MOPSO,normal,0.05000000000000001,288597407,4000,P08,independent,0.0,7,0.0,0.0,0.0,0.005678517289340772,1.0,0.0,held_out_replay_of_fixed_executed_schedule,7,5042.990507665951,0.08894163152850001,51657.00949233405,512,0.0,1828700277,59.37590291531224,0.0,0.0,True,0.007178950026259454,0.0,screening,False,P08_normal_full_method_full_MOPSO_s01,152908009,14.268601600080729,1,algorithms,full_method,0.08894163152850003,full,0.0
0.0,MOPSO,normal,0.05000000000000001,1765244452,4000,P08,independent,0.0,7,0.0,0.0,0.0,0.00549610803922636,1.0,0.0,held_out_replay_of_fixed_executed_schedule,7,5274.844714799637,0.09303077098412058,51425.155285200366,512,0.007118740560562175,1818474792,57.029200727579656,0.007118740560562175,0.0,True,0.007178950026259454,0.0,screening,False,P08_normal_full_method_full_MOPSO_s02,4052824183,14.484275300055742,2,algorithms,full_method,0.09303077098412056,full,0.007118740560562175
0.0,MOPSO,normal,0.05,2073890659,4000,P08,independent,0.0,7,0.025528926799635462,0.0,0.025569693280693737,0.0025380440055239747,1.0,0.0,held_out_replay_of_fixed_executed_schedule,7,5001.387085067455,0.08820788509819144,51698.61291493254,512,0.003498511323299397,1657251023,59.20271996537308,0.003498511323299397,0.0,True,0.007178950026259454,0.0,screening,False,P08_normal_full_method_full_MOPSO_s03,3153601751,14.513058400247246,3,algorithms,full_method,0.08820788509819144,full,0.003498511323299397
0.0,MOPSO,normal,0.05,2507862543,4000,P08,independent,0.0,7,0.007700444118299135,0.0,0.007908060093781435,0.002457394555553495,1.0,0.0,held_out_replay_of_fixed_executed_schedule,7,5000.0,0.08818342151675485,51700.0,512,0.003559308138093698,3813850753,59.03772855775369,0.003559308138093698,0.0,True,0.007178950026259454,0.0,screening,False,P08_normal_full_method_full_MOPSO_s04,1196578429,14.514744199812412,4,algorithms,full_method,0.08818342151675483,full,0.003559308138093698
0.0,MOPSO,normal,0.05,1751210358,4000,P08,independent,0.0,7,0.007318007962356529,0.0,0.007318007962356529,0.0027185224464161373,1.0,0.0,held_out_replay_of_fixed_executed_schedule,7,5000.0,0.08818342151675485,51700.0,512,0.0027214208948014235,245750468,59.30213251794532,0.0027214208948014235,0.0,True,0.007178950026259454,0.0,screening,False,P08_normal_full_method_full_MOPSO_s05,2494977626,8.496738400310278,5,algorithms,full_method,0.08818342151675483,full,0.0027214208948014235
0.0,MOPSO,normal,0.05000000000000001,286130684,4000,P08,independent,0.0,7,0.0,0.0,0.0,0.00365360609835218,1.0,0.0,held_out_replay_of_fixed_executed_schedule,7,5005.2141509308485,0.08827538185063225,51694.78584906915,512,0.0,171885883,59.39355777555512,0.0,0.0,True,0.007178950026259454,0.0,screening,False,P08_normal_full_method_full_MOPSO_s06,2117995958,7.002256399951875,6,algorithms,full_method,0.08827538185063226,full,0.0
0.0,MOPSO,normal,0.05,2025384590,4000,P08,independent,0.0,7,0.012289794470826412,0.0,0.012289794470826412,0.002579703999745357,1.0,0.0,held_out_replay_of_fixed_executed_schedule,7,5007.929379307436,0.08832326947632162,51692.07062069257,512,0.003386360742874488,2987550723,59.12907259285984,0.003386360742874488,0.0,True,0.007178950026259454,0.0,screening,False,P08_normal_full_method_full_MOPSO_s07,4060381227,6.9501483999192715,7,algorithms,full_method,0.0883232694763216,full,0.003386360742874488
0.0,MOPSO,normal,0.05,2281200848,4000,P08,independent,0.0,7,0.0120549282998864,0.0,0.0120549282998864,0.00307465070869527,1.0,0.0,held_out_replay_of_fixed_executed_schedule,7,5029.820053234703,0.08870934838156443,51670.179946765296,512,0.0,3086328734,58.41689475340043,0.0,0.0,True,0.007178950026259454,0.0,screening,False,P08_normal_full_method_full_MOPSO_s08,721546366,6.891319700051099,8,algorithms,full_method,0.08870934838156443,full,0.0
0.0,MOPSO,normal,0.04999999999999999,563290859,4000,P08,independent,0.0,7,0.002682333531719386,0.0,0.0028195070599647404,0.002793785013915676,1.0,0.0,held_out_replay_of_fixed_executed_schedule,7,5002.633489334334,0.08822986753676074,51697.36651066567,512,0.0028254215825887336,4291346727,58.672331995591165,0.0028254215825887336,0.0,True,0.007178950026259454,0.0,screening,False,P08_normal_full_method_full_MOPSO_s09,299103639,6.855011699721217,9,algorithms,full_method,0.08822986753676074,full,0.0028254215825887336
0.0,NSGA-III,normal,0.05,2344664749,4000,P08,independent,0.0,7,0.0,0.0,4.583943762491779,0.017816735188808965,1.0,0.0,held_out_replay_of_fixed_executed_schedule,7,11372.890382777578,0.2005800772976645,45327.10961722242,512,0.031899242809590785,705281182,9.999999999999991,0.031899242809590785,0.0,True,0.007178950026259454,0.0,screening,False,P08_normal_full_method_full_NSGA-III_s00,4080258386,22.04986899998039,0,algorithms,full_method,0.2005800772976645,full,0.031899242809590785
0.0,NSGA-III,normal,0.05000000000000001,288597407,4000,P08,independent,0.0,7,0.0,0.0,4.649251090717703,0.017680667591678793,1.0,0.0,held_out_replay_of_fixed_executed_schedule,7,11107.668409724754,0.19590244108862,45592.331590275244,512,0.023068632283864014,1828700277,10.521544870005153,0.023068632283864014,0.0,True,0.007178950026259454,0.0,screening,False,P08_normal_full_method_full_NSGA-III_s01,152908009,22.099870400037616,1,algorithms,full_method,0.19590244108862,full,0.023068632283864014
0.0,NSGA-III,normal,0.05000000000000001,1765244452,4000,P08,independent,0.0,7,0.0,0.0,3.733806634108456,0.017874017602592846,1.0,0.0,held_out_replay_of_fixed_executed_schedule,7,10989.099519712952,0.19381127900728312,45710.90048028705,512,0.0,1818474792,10.478807400461482,0.0,0.0,True,0.007178950026259454,0.0,screening,False,P08_normal_full_method_full_NSGA-III_s02,4052824183,23.10979830008,2,algorithms,full_method,0.19381127900728312,full,0.0
0.0,NSGA-III,normal,0.05,2073890659,4000,P08,independent,0.0,7,0.0,0.0,5.3132718279912625,0.0240312131335082,1.0,0.0,held_out_replay_of_fixed_executed_schedule,7,11033.207048950931,0.19458918957585417,45666.792951049065,512,0.02175388762375552,1657251023,9.999999999999996,0.02175388762375552,0.0,True,0.007178950026259454,0.0,screening,False,P08_normal_full_method_full_NSGA-III_s03,3153601751,22.531836200039834,3,algorithms,full_method,0.1945891895758542,full,0.02175388762375552
0.0,NSGA-III,normal,0.05,2507862543,4000,P08,independent,0.0,7,0.0,0.0,5.192541904537138,0.034859306806411916,1.0,0.0,held_out_replay_of_fixed_executed_schedule,7,10985.718910497086,0.19375165626978988,45714.28108950291,512,0.009470458640019419,3813850753,10.0,0.009470458640019419,0.0,True,0.007178950026259454,0.0,screening,False,P08_normal_full_method_full_NSGA-III_s04,1196578429,22.58615869982168,4,algorithms,full_method,0.1937516562697899,full,0.009470458640019419
0.0,NSGA-III,normal,0.05,1751210358,4000,P08,independent,0.0,7,0.0,0.0,3.323700986888857,0.02492914436748523,1.0,0.0,held_out_replay_of_fixed_executed_schedule,7,11057.090404022349,0.1950104127693536,45642.90959597765,512,0.00033473286645784375,245750468,10.0,0.00033473286645784375,0.0,True,0.007178950026259454,0.0,screening,False,P08_normal_full_method_full_NSGA-III_s05,2494977626,22.08414989989251,5,algorithms,full_method,0.1950104127693536,full,0.00033473286645784375
0.0,NSGA-III,normal,0.05000000000000001,286130684,4000,P08,independent,0.0,7,0.0,0.0,2.1170311523698118,0.02233848327080828,1.0,0.0,held_out_replay_of_fixed_executed_schedule,7,10708.018945272692,0.1888539496520757,45991.98105472731,512,0.004492056700641824,171885883,13.127682547087044,0.004492056700641824,0.0,True,0.007178950026259454,0.0,screening,False,P08_normal_full_method_full_NSGA-III_s06,2117995958,22.19935750029981,6,algorithms,full_method,0.1888539496520757,full,0.004492056700641824
0.0,NSGA-III,normal,0.05,2025384590,4000,P08,independent,0.0,7,0.0,0.0,7.142109299886034,0.03297359990302393,1.0,0.0,held_out_replay_of_fixed_executed_schedule,7,11027.732247126094,0.1944926322244461,45672.26775287391,512,0.0011704070779053237,2987550723,10.000000000000002,0.0011704070779053237,0.0,True,0.007178950026259454,0.0,screening,False,P08_normal_full_method_full_NSGA-III_s07,4060381227,22.051299400161952,7,algorithms,full_method,0.1944926322244461,full,0.0011704070779053237
0.0,NSGA-III,normal,0.05,2281200848,4000,P08,independent,0.0,7,0.0,0.0,3.78486956115944,0.023574854685125924,1.0,0.0,held_out_replay_of_fixed_executed_schedule,7,10886.243393959645,0.19199723798870627,45813.756606040355,512,0.018004021882378637,3086328734,9.999999999999996,0.018004021882378637,0.0,True,0.007178950026259454,0.0,screening,False,P08_normal_full_method_full_NSGA-III_s08,721546366,21.810224100016057,8,algorithms,full_method,0.19199723798870627,full,0.018004021882378637
0.0,NSGA-III,normal,0.04999999999999999,563290859,4000,P08,independent,0.0,7,0.0,0.0,9.509698680846878,0.03919747205155496,1.0,0.0,held_out_replay_of_fixed_executed_schedule,7,10832.710052368559,0.19105308734336082,45867.28994763144,512,0.0,4291346727,10.50900578929256,0.0,0.0,True,0.007178950026259454,0.0,screening,False,P08_normal_full_method_full_NSGA-III_s09,299103639,22.322878200095147,9,algorithms,full_method,0.19105308734336082,full,0.0
0.0,NSGA-II,normal,0.05,2344664749,4000,P08,independent,0.0,7,0.0,0.0,3.776742384627137,0.01995810796236349,1.0,0.0,held_out_replay_of_fixed_executed_schedule,7,11372.890382777578,0.2005800772976645,45327.10961722242,512,0.03173758393004554,705281182,9.999999999999991,0.03173758393004554,0.0,True,0.007178950026259454,0.0,screening,False,P08_normal_full_method_full_NSGA-II_s00,4080258386,21.127571400254965,0,algorithms,full_method,0.2005800772976645,full,0.03173758393004554
0.0,NSGA-II,normal,0.05000000000000001,288597407,4000,P08,independent,0.0,7,0.0,0.0,3.4349571031108104,0.022898964416986533,1.0,0.0,held_out_replay_of_fixed_executed_schedule,7,11107.668409724754,0.19590244108862,45592.331590275244,512,0.008001193921690098,1828700277,10.521544870005153,0.008001193921690098,0.0,True,0.007178950026259454,0.0,screening,False,P08_normal_full_method_full_NSGA-II_s01,152908009,20.74684050027281,1,algorithms,full_method,0.19590244108862,full,0.008001193921690098
0.0,NSGA-II,normal,0.05000000000000001,1765244452,4000,P08,independent,0.0,7,0.0,0.0,3.461564713836138,0.019553594314315983,1.0,0.0,held_out_replay_of_fixed_executed_schedule,7,11047.87512380911,0.19484788578146578,45652.124876190894,512,0.003160834667572014,1818474792,9.999999999999993,0.003160834667572014,0.0,True,0.007178950026259454,0.0,screening,False,P08_normal_full_method_full_NSGA-II_s02,4052824183,20.659624100197107,2,algorithms,full_method,0.19484788578146583,full,0.003160834667572014
1.8690807681317883e-17,NSGA-II,normal,0.05,2073890659,4000,P08,independent,0.0,7,0.0,0.0,5.739370460363839,0.03334416324625441,1.0,0.0,held_out_replay_of_fixed_executed_schedule,7,11033.207048950931,0.19458918957585417,45666.792951049065,512,0.02131254139877144,1657251023,9.999999999999996,0.02131254139877144,1.8690807681317883e-17,True,0.007178950026259454,0.0,screening,False,P08_normal_full_method_full_NSGA-II_s03,3153601751,19.879028900060803,3,algorithms,full_method,0.1945891895758542,full,0.02131254139877144
0.0,NSGA-II,normal,0.05,2507862543,4000,P08,independent,0.0,7,0.0,0.0,5.495255160766027,0.033526339273201144,1.0,0.0,held_out_replay_of_fixed_executed_schedule,7,10985.718910497086,0.19375165626978988,45714.28108950291,512,0.009087945636929806,3813850753,10.0,0.009087945636929806,0.0,True,0.007178950026259454,0.0,screening,False,P08_normal_full_method_full_NSGA-II_s04,1196578429,19.861703800037503,4,algorithms,full_method,0.1937516562697899,full,0.009087945636929806
0.0,NSGA-II,normal,0.05,1751210358,4000,P08,independent,0.0,7,0.0,0.0,4.152324724979829,0.01622659141845127,1.0,0.0,held_out_replay_of_fixed_executed_schedule,7,11057.090404022349,0.1950104127693536,45642.90959597765,512,0.025402621896971324,245750468,10.0,0.025402621896971324,0.0,True,0.007178950026259454,0.0,screening,False,P08_normal_full_method_full_NSGA-II_s05,2494977626,19.87606839975342,5,algorithms,full_method,0.1950104127693536,full,0.025402621896971324
0.0,NSGA-II,normal,0.05000000000000001,286130684,4000,P08,independent,0.0,7,0.0,0.0,3.3434508060948085,0.016888357142754003,1.0,0.0,held_out_replay_of_fixed_executed_schedule,7,10708.018945272692,0.1888539496520757,45991.98105472731,512,0.020676366985809585,171885883,13.127682547087044,0.020676366985809585,0.0,True,0.007178950026259454,0.0,screening,False,P08_normal_full_method_full_NSGA-II_s06,2117995958,20.399062699638307,6,algorithms,full_method,0.1888539496520757,full,0.020676366985809585
0.0,NSGA-II,normal,0.05,2025384590,4000,P08,independent,0.0,7,0.0,0.0,3.5794240429021853,0.021731592951418324,1.0,0.0,held_out_replay_of_fixed_executed_schedule,7,10974.250790998662,0.19354939666664306,45725.74920900134,512,0.0,2987550723,10.436475146803035,0.0,0.0,True,0.007178950026259454,0.0,screening,False,P08_normal_full_method_full_NSGA-II_s07,4060381227,19.609277799725533,7,algorithms,full_method,0.1935493966666431,full,0.0
0.0,NSGA-II,normal,0.05,2281200848,4000,P08,independent,0.0,7,0.0,0.0,5.2946421320010035,0.027942464451693638,1.0,0.0,held_out_replay_of_fixed_executed_schedule,7,10886.243393959645,0.19199723798870627,45813.756606040355,512,0.014345422455581706,3086328734,9.999999999999996,0.014345422455581706,0.0,True,0.007178950026259454,0.0,screening,False,P08_normal_full_method_full_NSGA-II_s08,721546366,19.649876200128347,8,algorithms,full_method,0.19199723798870627,full,0.014345422455581706
0.0,NSGA-II,normal,0.04999999999999999,563290859,4000,P08,independent,0.0,7,0.0,0.0,8.739534546667965,0.03263997028162066,1.0,0.0,held_out_replay_of_fixed_executed_schedule,7,10894.324208955095,0.1921397567716948,45805.67579104491,512,0.0,4291346727,9.999999999999996,0.0,0.0,True,0.007178950026259454,0.0,screening,False,P08_normal_full_method_full_NSGA-II_s09,299103639,19.88465190026909,9,algorithms,full_method,0.1921397567716948,full,0.0
0.0,SPEA2,normal,0.05,2344664749,4000,P08,independent,0.0,7,0.0,0.0,7.37935172342378,0.024806212126118176,1.0,0.0,held_out_replay_of_fixed_executed_schedule,7,11372.890382777578,0.2005800772976645,45327.10961722242,512,0.03242830822838138,705281182,9.999999999999991,0.03242830822838138,0.0,True,0.007178950026259454,0.0,screening,False,P08_normal_full_method_full_SPEA2_s00,4080258386,46.77812869986519,0,algorithms,full_method,0.2005800772976645,full,0.03242830822838138
0.0,SPEA2,normal,0.05000000000000001,288597407,4000,P08,independent,0.0,7,0.0,0.0,4.858797594018262,0.025221247943628664,1.0,0.0,held_out_replay_of_fixed_executed_schedule,7,11107.668409724754,0.19590244108862,45592.331590275244,512,0.0,1828700277,10.521544870005153,0.0,0.0,True,0.007178950026259454,0.0,screening,False,P08_normal_full_method_full_SPEA2_s01,152908009,46.17759949993342,1,algorithms,full_method,0.19590244108862,full,0.0
0.0,SPEA2,normal,0.05000000000000001,1765244452,4000,P08,independent,0.0,7,0.0,0.0,4.3412666330714496,0.025919622610242526,1.0,0.0,held_out_replay_of_fixed_executed_schedule,7,11047.87512380911,0.19484788578146578,45652.124876190894,512,0.018783866116579492,1818474792,9.999999999999993,0.018783866116579492,0.0,True,0.007178950026259454,0.0,screening,False,P08_normal_full_method_full_SPEA2_s02,4052824183,46.32148770010099,2,algorithms,full_method,0.19484788578146583,full,0.018783866116579492
0.0,SPEA2,normal,0.05,2073890659,4000,P08,independent,0.0,7,0.0,0.0,6.909716993643504,0.03135923295215179,1.0,0.0,held_out_replay_of_fixed_executed_schedule,7,11033.207048950931,0.19458918957585417,45666.792951049065,512,0.016293989923724227,1657251023,9.999999999999996,0.016293989923724227,0.0,True,0.007178950026259454,0.0,screening,False,P08_normal_full_method_full_SPEA2_s03,3153601751,46.09411979978904,3,algorithms,full_method,0.1945891895758542,full,0.016293989923724227
0.0,SPEA2,normal,0.05,2507862543,4000,P08,independent,0.0,7,0.0,0.0,12.548558347213227,0.033404915330962265,1.0,0.0,held_out_replay_of_fixed_executed_schedule,7,10985.718910497086,0.19375165626978988,45714.28108950291,512,0.005234796078682458,3813850753,10.0,0.005234796078682458,0.0,True,0.007178950026259454,0.0,screening,False,P08_normal_full_method_full_SPEA2_s04,1196578429,45.933888900093734,4,algorithms,full_method,0.1937516562697899,full,0.005234796078682458
0.0,SPEA2,normal,0.05,1751210358,4000,P08,independent,0.0,7,0.0,0.0,4.944964785124064,0.02502096377454457,1.0,0.0,held_out_replay_of_fixed_executed_schedule,7,11057.090404022349,0.1950104127693536,45642.90959597765,512,0.020559363707108175,245750468,10.0,0.020559363707108175,0.0,True,0.007178950026259454,0.0,screening,False,P08_normal_full_method_full_SPEA2_s05,2494977626,47.84386169956997,5,algorithms,full_method,0.1950104127693536,full,0.020559363707108175
0.0,SPEA2,normal,0.05000000000000001,286130684,4000,P08,independent,0.0,7,0.0,0.0,4.733345076091126,0.026307363946940613,1.0,0.0,held_out_replay_of_fixed_executed_schedule,7,11093.542031924087,0.19565329862299977,45606.45796807591,512,0.004121918297349599,171885883,9.999999999999991,0.004121918297349599,0.0,True,0.007178950026259454,0.0,screening,False,P08_normal_full_method_full_SPEA2_s06,2117995958,48.48856890015304,6,algorithms,full_method,0.1956532986229998,full,0.004121918297349599
0.0,SPEA2,normal,0.05,2025384590,4000,P08,independent,0.0,7,0.0,0.0,7.566482030732458,0.029635408394154922,1.0,0.0,held_out_replay_of_fixed_executed_schedule,7,11027.732247126094,0.1944926322244461,45672.26775287391,512,0.009998816550008295,2987550723,10.000000000000002,0.009998816550008295,0.0,True,0.007178950026259454,0.0,screening,False,P08_normal_full_method_full_SPEA2_s07,4060381227,48.38710819976404,7,algorithms,full_method,0.1944926322244461,full,0.009998816550008295
0.0,SPEA2,normal,0.05,2281200848,4000,P08,independent,0.0,7,0.0,0.0,2.7367503519652656,0.025851107309082955,1.0,0.0,held_out_replay_of_fixed_executed_schedule,7,10886.243393959645,0.19199723798870627,45813.756606040355,512,0.01667835025968956,3086328734,9.999999999999996,0.01667835025968956,0.0,True,0.007178950026259454,0.0,screening,False,P08_normal_full_method_full_SPEA2_s08,721546366,47.06308609992266,8,algorithms,full_method,0.19199723798870627,full,0.01667835025968956
0.0,SPEA2,normal,0.04999999999999999,563290859,4000,P08,independent,0.0,7,0.0,0.0,7.294226033937104,0.0352470450703748,1.0,0.0,held_out_replay_of_fixed_executed_schedule,7,10519.646687997789,0.18553168761900862,46180.35331200221,512,0.0,4291346727,13.095279361930407,0.0,0.0,True,0.007178950026259454,0.0,screening,False,P08_normal_full_method_full_SPEA2_s09,299103639,47.24045230029151,9,algorithms,full_method,0.18553168761900865,full,0.0
0.08405009176488554,MOABC,matched,0.05,1361562152,64000,P04,cluster,0.052734375,16,6.332015580596291,0.05094004453152252,10.313522079084693,0.05366199428792966,18.0,0.0,held_out_replay_of_fixed_executed_schedule,7,87250.98189520239,1.5388180228430757,-30550.981895202392,512,0.21929810206120406,1796953418,-2.9514357324246046,0.21929810206120406,2.115103957611461e-17,False,0.07580107979067144,0.03503626864515074,screening,False,P04_matched_dynamic_budget_full_MOABC_s00,2637181580,454.5041944999248,0,mechanisms,dynamic_budget,1.2637424912288806,full,0.21929810206120406
0.06484852792134746,MOABC,matched,0.049999999999999996,211806493,64000,P04,cluster,0.052734375,16,3.781382012285876,0.037154347312813314,8.13941974817557,0.04921291181297082,18.0,0.0,held_out_replay_of_fixed_executed_schedule,7,86965.79760649607,1.5337883175748865,-30265.797606496068,512,0.2270716095955263,3770397190,1.0356841120699032,0.2270716095955263,1.8690807681317883e-17,False,0.07580107979067144,0.03503626864515074,screening,False,P04_matched_dynamic_budget_full_MOABC_s01,2490736846,449.2799316998571,1,mechanisms,dynamic_budget,1.2228963279049916,full,0.2270716095955263
0.047593145241155134,MOABC,matched,0.049999999999999996,821183208,64000,P04,cluster,0.076171875,16,6.326634139634706,0.06335438591004898,10.009541726977458,0.045998431051113856,18.0,0.0,held_out_replay_of_fixed_executed_schedule,7,97270.06672460635,1.7155214589877663,-40570.06672460635,512,0.24931034853302558,933469085,1.8390030443646905,0.24931034853302558,1.8217949677962628e-17,False,0.10266034114372115,0.05472369803144192,screening,False,P04_matched_dynamic_budget_full_MOABC_s02,3288307128,429.8499277997762,2,mechanisms,dynamic_budget,1.2669769960473296,full,0.24931034853302558
0.0977946977667567,MOABC,matched,0.05000000000000002,3692707336,64000,P04,cluster,0.064453125,16,19.121316389481244,0.04735674463014262,23.227359482497214,0.05236755717641237,18.0,0.011059101419260997,held_out_replay_of_fixed_executed_schedule,7,103633.55789547425,1.8277523438355248,-46933.55789547425,512,0.22324693881726357,4164267626,-9.37768998009482,0.22324693881726357,0.0,False,0.08932842130276045,0.04477831127608061,screening,False,P04_matched_dynamic_budget_full_MOABC_s03,2261183824,435.1235429998487,3,mechanisms,dynamic_budget,1.2821050945648602,full,0.22324693881726357
0.08914411434962062,MOABC,matched,0.05000000000000001,3672366897,64000,P04,cluster,0.095703125,16,7.798322261168669,0.07592507047233242,10.547101915701916,0.04479245573095257,18.0,0.0,held_out_replay_of_fixed_executed_schedule,7,90618.68736987087,1.5982131811264704,-33918.687369870866,512,0.28559736188141277,188508810,-0.43682480641354354,0.28559736188141277,0.0,False,0.12454863540683042,0.07164180078160846,screening,False,P04_matched_dynamic_budget_full_MOABC_s04,3546742114,450.6070900000632,4,mechanisms,dynamic_budget,1.3752760876877714,full,0.28559736188141277
0.08457510218162334,MOABC,matched,0.04999999999999997,1361562152,64000,P04,cluster,0.068359375,16,9.258827689412696,0.06852163506207443,12.841752088303343,0.04108553360136952,18.0,0.0,held_out_replay_of_fixed_executed_schedule,7,85309.93998726086,1.504584479493137,-28609.939987260863,512,0.2404209311630922,1796953418,-0.661111349835928,0.2404209311630922,0.0,False,0.0937917927860118,0.048073325372727405,screening,False,P04_matched_fixed_budget_full_MOABC_s00,2637181580,455.4451402002014,0,mechanisms,fixed_budget,1.3036329153463875,full,0.2404209311630922
0.07031108136804037,MOABC,matched,0.04999999999999997,211806493,64000,P04,cluster,0.08203125,16,8.154347552373462,0.05576836889719144,10.921255369513666,0.045529145974475625,18.0,0.0,held_out_replay_of_fixed_executed_schedule,7,88461.43021699047,1.560166317759973,-31761.43021699047,512,0.1941448285128765,3770397190,-0.6662983016025876,0.1941448285128765,2.115103957611461e-17,False,0.10926608406412831,0.05975869449431895,screening,False,P04_matched_fixed_budget_full_MOABC_s01,2490736846,480.29055600007996,1,mechanisms,fixed_budget,1.3006969889953006,full,0.1941448285128765
0.061522299684457576,MOABC,matched,0.04999999999999997,821183208,64000,P04,cluster,0.060546875,16,5.55681203559406,0.05441583827309733,8.454945439409634,0.03935061551040011,18.0,0.0,held_out_replay_of_fixed_executed_schedule,7,96800.65919895482,1.7072426666482332,-40100.65919895482,512,0.22094107534624657,933469085,2.3127100361249466,0.22094107534624657,0.0,False,0.08484351298594771,0.041505696476874514,screening,False,P04_matched_fixed_budget_full_MOABC_s02,3288307128,462.26177829969674,2,mechanisms,fixed_budget,1.2343942995904114,full,0.22094107534624657
0.05744192584252511,MOABC,matched,0.04999999999999997,3692707336,64000,P04,cluster,0.052734375,16,4.407643091136501,0.05445602696914751,8.092428730844343,0.03552142680488391,18.0,0.007517677051532679,held_out_replay_of_fixed_executed_schedule,7,103270.5618977821,1.8213502980208482,-46570.5618977821,512,0.22361157011173244,4164267626,-8.994574081095838,0.22361157011173244,0.0,False,0.07580107979067144,0.03503626864515074,screening,False,P04_matched_fixed_budget_full_MOABC_s03,2261183824,446.5045970999636,3,mechanisms,fixed_budget,1.2862301930738087,full,0.22361157011173244
0.06397434938552005,MOABC,matched,0.04999999999999997,3672366897,64000,P04,cluster,0.09765625,16,6.832762596039192,0.08423781313140696,11.45185834935793,0.03997030484219673,18.0,0.0,held_out_replay_of_fixed_executed_schedule,7,91157.57286132874,1.607717334414969,-34457.572861328736,512,0.19503756731247232,188508810,-1.034096177994538,0.19503756731247232,0.0,False,0.12671845134763224,0.07335316095280342,screening,False,P04_matched_fixed_budget_full_MOABC_s04,3546742114,451.8725288999267,4,mechanisms,fixed_budget,1.3881993095519038,full,0.19503756731247232
0.08571597121264761,MOABC,matched,0.05000000000000002,1361562152,64000,P04,cluster,0.072265625,16,7.489189809774076,0.05230802450386582,12.151600779448561,0.0402312849524313,18.0,0.0,held_out_replay_of_fixed_executed_schedule,7,84157.55002443782,1.4842601415244765,-27457.55002443782,512,0.28054044935226874,1796953418,0.698646427317423,0.28054044935226874,0.0,False,0.0982352850891248,0.05138896665505944,screening,False,P04_matched_full_method_full_MOABC_s00,2637181580,478.661467500031,0,mechanisms,full_method,1.2546181759861954,full,0.28054044935226874
0.055828882734897896,MOABC,matched,0.05000000000000001,211806493,64000,P04,cluster,0.056640625,16,14.117363201731283,0.04561446274720881,17.223850317799794,0.03949283845471598,18.0,0.0,held_out_replay_of_fixed_executed_schedule,7,86683.07374755057,1.5288020061296397,-29983.073747550574,512,0.219953558991991,3770397190,1.357414885038131,0.219953558991991,0.0,False,0.08033514760440214,0.038257541986791446,screening,False,P04_matched_full_method_full_MOABC_s01,2490736846,483.17603540001437,1,mechanisms,full_method,1.2512064362283826,full,0.219953558991991
0.04818457841105239,MOABC,matched,0.05,821183208,64000,P04,cluster,0.078125,16,5.711256933478083,0.06307544882237738,9.141265240738317,0.029959170267153258,18.0,0.0,held_out_replay_of_fixed_executed_schedule,7,96569.37704393055,1.7031636162950714,-39869.37704393055,512,0.2829080553236905,933469085,2.546110584512631,0.2829080553236905,0.0,False,0.10486635710025519,0.0563977959958858,screening,False,P04_matched_full_method_full_MOABC_s02,3288307128,535.9877295000479,2,mechanisms,full_method,1.264900802594212,full,0.2829080553236905
0.08699443419219365,MOABC,matched,0.05000000000000001,3692707336,64000,P04,cluster,0.05078125,16,4.914304579165728,0.04759663127775957,7.753843036961251,0.024472801280642685,18.0,0.0016246638853724751,held_out_replay_of_fixed_executed_schedule,7,102666.52804825068,1.8106971437081247,-45966.52804825068,512,0.189190108816526,4164267626,-8.357060244138049,0.189190108816526,0.0,False,0.07352359697050091,0.0334365900510209,screening,False,P04_matched_full_method_full_MOABC_s03,2261183824,455.3802669001743,3,mechanisms,full_method,1.2575017855292712,full,0.189190108816526
0.0550736175287089,MOABC,matched,0.04999999999999999,3672366897,64000,P04,cluster,0.095703125,16,12.766959639157019,0.07510038190224552,16.22080562594025,0.04395386951603632,18.0,0.0,held_out_replay_of_fixed_executed_schedule,7,89919.13821776095,1.5858754535760309,-33219.13821776095,512,0.25541115545724175,188508810,0.3385174289817058,0.25541115545724175,0.0,False,0.12454863540683042,0.07164180078160846,screening,False,P04_matched_full_method_full_MOABC_s04,3546742114,465.133740299847,4,mechanisms,full_method,1.3610845136295013,full,0.25541115545724175
0.08404117593686618,MOABC,matched,0.0,1361562152,64000,P04,cluster,0.896484375,16,5.381101594798988,0.04980736567971006,8.582423038783983,0.038615006999676224,18.0,0.0,held_out_replay_of_fixed_executed_schedule,7,84515.7185880217,1.4905770474077902,-27815.7185880217,512,0.27488088853876014,1796953418,0.27602690998671603,0.27488088853876014,3.549247616674842e-17,True,0.9214941226714015,0.8667902790942593,screening,False,P04_matched_no_budget_full_MOABC_s00,2637181580,404.95394090004265,0,mechanisms,no_budget,1.2344202620047602,full,0.27488088853876014
0.05328216712711246,MOABC,matched,0.0,211806493,64000,P04,cluster,0.0390625,16,2.549722627324911,0.028651410554783156,5.8734184603497255,0.03924438970566088,18.0,0.0,held_out_replay_of_fixed_executed_schedule,7,86721.8600210124,1.5294860673899895,-30021.8600210124,512,0.2195833500832004,3770397190,1.3132773375811415,0.2195833500832004,0.0,True,0.05968598191731192,0.024020809593503667,screening,False,P04_matched_no_budget_full_MOABC_s01,2490736846,392.32944000000134,1,mechanisms,no_budget,1.148908540233624,full,0.2195833500832004
0.08115402653774136,MOABC,matched,0.0,821183208,64000,P04,cluster,0.0546875,16,4.1187504206531695,0.058200732846135216,7.004137732645974,0.034861744422938046,18.0,0.0,held_out_replay_of_fixed_executed_schedule,7,98301.57469539269,1.7337138394249152,-41601.57469539269,512,0.23116618495658708,933469085,0.7980471348067844,0.23116618495658708,0.0,True,0.07807148163751836,0.03664337742047023,screening,False,P04_matched_no_budget_full_MOABC_s02,3288307128,402.61975830001757,2,mechanisms,no_budget,1.2362170802635584,full,0.23116618495658708
0.0845057158964855,MOABC,matched,0.0,3692707336,64000,P04,cluster,0.0390625,16,3.2956185477994726,0.03539113901473892,5.045771846661983,0.03023335398732526,18.0,0.0,held_out_replay_of_fixed_executed_schedule,7,99583.09641292159,1.7563156333848604,-42883.096412921586,512,0.25396048596384185,4164267626,-5.102722206028768,0.25396048596384185,0.0,True,0.05968598191731192,0.024020809593503667,screening,False,P04_matched_no_budget_full_MOABC_s03,2261183824,409.65430870000273,3,mechanisms,no_budget,1.1923301103787582,full,0.25396048596384185
0.06316242874807837,MOABC,matched,0.0,3672366897,64000,P04,cluster,0.078125,16,5.314065828073943,0.06294291433869621,8.91491604021283,0.038119573246007746,18.0,0.0,held_out_replay_of_fixed_executed_schedule,7,89281.2049080648,1.574624425186328,-32581.2049080648,512,0.24739485545813664,188508810,1.0455680156075116,0.24739485545813664,0.0,True,0.10486635710025519,0.0563977959958858,screening,False,P04_matched_no_budget_full_MOABC_s04,3546742114,395.11797810019925,4,mechanisms,no_budget,1.298644182960798,full,0.24739485545813664
1.9350951101551666e-17,MOABC,normal,0.04999999999999999,1361562152,64000,P04,cluster,0.0,16,1.56032361763857,0.0,4.236400980522155,0.02362393541146044,1.0,0.0,held_out_replay_of_fixed_executed_schedule,7,11941.285430210464,0.21060468130882654,44758.71456978953,512,0.11292878379610438,1796953418,5.971512776385403,0.11292878379610438,1.9350951101551666e-17,True,0.007178950026259454,0.0,screening,False,P04_normal_dynamic_budget_full_MOABC_s00,2637181580,430.0239253002219,0,mechanisms,dynamic_budget,0.21060468130882654,full,0.11292878379610438
0.0,MOABC,normal,0.049999999999999996,211806493,64000,P04,cluster,0.0,16,1.5509797317375953,0.0,2.9820441902715684,0.019278444725511566,1.0,0.0,held_out_replay_of_fixed_executed_schedule,7,11482.600731716879,0.20251500408671744,45217.39926828312,512,0.045536468600156116,3770397190,11.396516889903957,0.045536468600156116,0.0,True,0.007178950026259454,0.0,screening,False,P04_normal_dynamic_budget_full_MOABC_s01,2490736846,404.98771980032325,1,mechanisms,dynamic_budget,0.20251500408671744,full,0.045536468600156116
0.0,MOABC,normal,0.049999999999999996,821183208,64000,P04,cluster,0.0,16,1.347243116587954,0.0,3.3448607577531497,0.025871995575739402,1.0,0.0,held_out_replay_of_fixed_executed_schedule,7,12622.186181315636,0.22261351289798298,44077.813818684364,512,0.04145123104096877,933469085,1.0248265107417835,0.04145123104096877,0.0,True,0.007178950026259454,0.0,screening,False,P04_normal_dynamic_budget_full_MOABC_s02,3288307128,398.78973709978163,2,mechanisms,dynamic_budget,0.222613512897983,full,0.04145123104096877
0.0,MOABC,normal,0.05,3692707336,64000,P04,cluster,0.0,16,0.8585770268365465,0.0,3.35923407409209,0.020755499970638837,1.0,0.0,held_out_replay_of_fixed_executed_schedule,7,13454.261922471855,0.237288570061232,43245.73807752815,512,0.04160395027670357,4164267626,-8.387388784323853,0.04160395027670357,0.0,True,0.007178950026259454,0.0,screening,False,P04_normal_dynamic_budget_full_MOABC_s03,2261183824,398.75688900006935,3,mechanisms,dynamic_budget,0.23728857006123202,full,0.04160395027670357
1.8217949677962628e-17,MOABC,normal,0.05,3672366897,64000,P04,cluster,0.0,16,1.1413936298782261,0.0,3.2173974913850394,0.02737427235420007,1.0,0.0,held_out_replay_of_fixed_executed_schedule,7,12029.007617851239,0.2121518098386462,44670.99238214876,512,0.05008980172981021,188508810,4.508206035867527,0.05008980172981021,1.8217949677962628e-17,True,0.007178950026259454,0.0,screening,False,P04_normal_dynamic_budget_full_MOABC_s04,3546742114,383.8536963001825,4,mechanisms,dynamic_budget,0.2121518098386462,full,0.05008980172981021
1.9350951101551666e-17,MOABC,normal,0.04999999999999997,1361562152,64000,P04,cluster,0.0,16,1.56032361763857,0.0,4.236400980522155,0.02362393541146044,1.0,0.0,held_out_replay_of_fixed_executed_schedule,7,11941.285430210464,0.21060468130882654,44758.71456978953,512,0.11292878379610438,1796953418,5.971512776385403,0.11292878379610438,1.9350951101551666e-17,True,0.007178950026259454,0.0,screening,False,P04_normal_fixed_budget_full_MOABC_s00,2637181580,402.5358285000548,0,mechanisms,fixed_budget,0.21060468130882654,full,0.11292878379610438
0.0,MOABC,normal,0.04999999999999997,211806493,64000,P04,cluster,0.0,16,1.5509797317375953,0.0,2.9820441902715684,0.019278444725511566,1.0,0.0,held_out_replay_of_fixed_executed_schedule,7,11482.600731716879,0.20251500408671744,45217.39926828312,512,0.045536468600156116,3770397190,11.396516889903957,0.045536468600156116,0.0,True,0.007178950026259454,0.0,screening,False,P04_normal_fixed_budget_full_MOABC_s01,2490736846,411.15829379996285,1,mechanisms,fixed_budget,0.20251500408671744,full,0.045536468600156116
0.0,MOABC,normal,0.04999999999999997,821183208,64000,P04,cluster,0.0,16,1.347243116587954,0.0,3.3448607577531497,0.025871995575739402,1.0,0.0,held_out_replay_of_fixed_executed_schedule,7,12622.186181315636,0.22261351289798298,44077.813818684364,512,0.04145123104096877,933469085,1.0248265107417835,0.04145123104096877,0.0,True,0.007178950026259454,0.0,screening,False,P04_normal_fixed_budget_full_MOABC_s02,3288307128,406.30624049995095,2,mechanisms,fixed_budget,0.222613512897983,full,0.04145123104096877
0.0,MOABC,normal,0.04999999999999997,3692707336,64000,P04,cluster,0.0,16,0.8585770268365465,0.0,3.35923407409209,0.020755499970638837,1.0,0.0,held_out_replay_of_fixed_executed_schedule,7,13454.261922471855,0.237288570061232,43245.73807752815,512,0.04160395027670357,4164267626,-8.387388784323853,0.04160395027670357,0.0,True,0.007178950026259454,0.0,screening,False,P04_normal_fixed_budget_full_MOABC_s03,2261183824,435.59011820005253,3,mechanisms,fixed_budget,0.23728857006123202,full,0.04160395027670357
1.8217949677962628e-17,MOABC,normal,0.04999999999999997,3672366897,64000,P04,cluster,0.0,16,1.1413936298782261,0.0,3.2173974913850394,0.02737427235420007,1.0,0.0,held_out_replay_of_fixed_executed_schedule,7,12029.007617851239,0.2121518098386462,44670.99238214876,512,0.05008980172981021,188508810,4.508206035867527,0.05008980172981021,1.8217949677962628e-17,True,0.007178950026259454,0.0,screening,False,P04_normal_fixed_budget_full_MOABC_s04,3546742114,401.2087829001248,4,mechanisms,fixed_budget,0.2121518098386462,full,0.05008980172981021
0.0,MOABC,normal,0.049999999999999996,1361562152,64000,P04,cluster,0.0,16,2.0231650698427845,0.0,3.805792076232439,0.012149228291891008,1.0,0.0,held_out_replay_of_fixed_executed_schedule,7,9256.738745304181,0.16325817892952701,47443.26125469582,512,0.05737426963469618,1796953418,27.110264139307848,0.05737426963469618,0.0,True,0.007178950026259454,0.0,screening,False,P04_normal_full_method_full_MOABC_s00,2637181580,420.39477079967037,0,mechanisms,full_method,0.16325817892952704,full,0.05737426963469618
0.0,MOABC,normal,0.049999999999999996,211806493,64000,P04,cluster,0.0,16,1.373662822605353,0.0,3.1663063052204907,0.011645020979762416,1.0,0.0,held_out_replay_of_fixed_executed_schedule,7,10086.94313219344,0.17790023160834992,46613.05686780656,512,0.06959884789476357,3770397190,22.165865005029307,0.06959884789476357,0.0,True,0.007178950026259454,0.0,screening,False,P04_normal_full_method_full_MOABC_s01,2490736846,415.43176380032673,1,mechanisms,full_method,0.17790023160834992,full,0.06959884789476357
0.0,MOABC,normal,0.05000000000000001,821183208,64000,P04,cluster,0.0,16,1.1263219626145347,0.0,3.419926227815794,0.015762549205604277,1.0,0.0,held_out_replay_of_fixed_executed_schedule,7,11249.152332514575,0.19839774836886376,45450.847667485425,512,0.052906705787437065,933469085,11.791286570796462,0.052906705787437065,0.0,True,0.007178950026259454,0.0,screening,False,P04_normal_full_method_full_MOABC_s02,3288307128,411.76358200004324,2,mechanisms,full_method,0.19839774836886376,full,0.052906705787437065
0.0,MOABC,normal,0.05000000000000001,3692707336,64000,P04,cluster,0.0,16,1.0892503735481571,0.0,2.9342011866859057,0.013757046398341044,1.0,0.0,held_out_replay_of_fixed_executed_schedule,7,11168.442913863426,0.19697430183180645,45531.55708613657,512,0.03956212567383311,4164267626,10.027144469472162,0.03956212567383311,0.0,True,0.007178950026259454,0.0,screening,False,P04_normal_full_method_full_MOABC_s03,2261183824,426.9268657998182,3,mechanisms,full_method,0.19697430183180645,full,0.03956212567383311
0.0,MOABC,normal,0.049999999999999996,3672366897,64000,P04,cluster,0.0,16,0.9392379886266244,0.0,3.5561280663588755,0.014897318128493986,1.0,0.0,held_out_replay_of_fixed_executed_schedule,7,10772.200914373594,0.18998590677907573,45927.79908562641,512,0.046066276819543256,188508810,14.485315585879288,0.046066276819543256,0.0,True,0.007178950026259454,0.0,screening,False,P04_normal_full_method_full_MOABC_s04,3546742114,410.7196256997995,4,mechanisms,full_method,0.18998590677907576,full,0.046066276819543256
1.9350951101551666e-17,MOABC,normal,0.0,1361562152,64000,P04,cluster,0.0,16,1.56032361763857,0.0,4.236400980522155,0.02362393541146044,1.0,0.0,held_out_replay_of_fixed_executed_schedule,7,11941.285430210464,0.21060468130882654,44758.71456978953,512,0.11292878379610438,1796953418,5.971512776385403,0.11292878379610438,1.9350951101551666e-17,True,0.007178950026259454,0.0,screening,False,P04_normal_no_budget_full_MOABC_s00,2637181580,423.0113511001691,0,mechanisms,no_budget,0.21060468130882654,full,0.11292878379610438
0.0,MOABC,normal,0.0,211806493,64000,P04,cluster,0.0,16,1.5509797317375953,0.0,2.9820441902715684,0.019278444725511566,1.0,0.0,held_out_replay_of_fixed_executed_schedule,7,11482.600731716879,0.20251500408671744,45217.39926828312,512,0.045536468600156116,3770397190,11.396516889903957,0.045536468600156116,0.0,True,0.007178950026259454,0.0,screening,False,P04_normal_no_budget_full_MOABC_s01,2490736846,422.6785907000303,1,mechanisms,no_budget,0.20251500408671744,full,0.045536468600156116
0.0,MOABC,normal,0.0,821183208,64000,P04,cluster,0.0,16,1.347243116587954,0.0,3.3448607577531497,0.025871995575739402,1.0,0.0,held_out_replay_of_fixed_executed_schedule,7,12622.186181315636,0.22261351289798298,44077.813818684364,512,0.04145123104096877,933469085,1.0248265107417835,0.04145123104096877,0.0,True,0.007178950026259454,0.0,screening,False,P04_normal_no_budget_full_MOABC_s02,3288307128,406.3631821000017,2,mechanisms,no_budget,0.222613512897983,full,0.04145123104096877
0.0,MOABC,normal,0.0,3692707336,64000,P04,cluster,0.0,16,0.8585770268365465,0.0,3.35923407409209,0.020755499970638837,1.0,0.0,held_out_replay_of_fixed_executed_schedule,7,13454.261922471855,0.237288570061232,43245.73807752815,512,0.04160395027670357,4164267626,-8.387388784323853,0.04160395027670357,0.0,True,0.007178950026259454,0.0,screening,False,P04_normal_no_budget_full_MOABC_s03,2261183824,422.8777799997479,3,mechanisms,no_budget,0.23728857006123202,full,0.04160395027670357
1.8217949677962628e-17,MOABC,normal,0.0,3672366897,64000,P04,cluster,0.0,16,1.1413936298782261,0.0,3.2173974913850394,0.02737427235420007,1.0,0.0,held_out_replay_of_fixed_executed_schedule,7,12029.007617851239,0.2121518098386462,44670.99238214876,512,0.05008980172981021,188508810,4.508206035867527,0.05008980172981021,1.8217949677962628e-17,True,0.007178950026259454,0.0,screening,False,P04_normal_no_budget_full_MOABC_s04,3546742114,400.60637400019914,4,mechanisms,no_budget,0.2121518098386462,full,0.05008980172981021
1.8690807681317883e-17,MOABC,matched,0.05,365222106,28000,P05,independent,0.015625,7,1.6004388956008042,0.018012183367748867,2.4159656967173695,0.045066738559429914,18.25,0.0,held_out_replay_of_fixed_executed_schedule,7,82300.22657558176,1.4515031142077912,-25600.226575581764,512,0.0680161478932193,3140760178,0.659149770956217,0.0680161478932193,1.8690807681317883e-17,False,0.030554414950524595,0.006769276942972373,screening,False,P05_matched_dynamic_budget_full_MOABC_s00,165838068,142.81325629958883,0,mechanisms,dynamic_budget,0.9238228272967192,full,0.0680161478932193
0.0,MOABC,matched,0.05,4076338479,28000,P05,independent,0.021484375,7,1.9364048566487793,0.04260257783830044,3.4872614849624854,0.03826102996973854,18.25,0.02268805475717683,held_out_replay_of_fixed_executed_schedule,7,104825.52561261063,1.848774702162445,-48125.525612610625,512,0.04311677764459328,1355805987,2.302989705295657,0.04311677764459328,0.0,True,0.0381157716754838,0.01077255408609197,screening,False,P05_matched_dynamic_budget_full_MOABC_s01,471093869,134.96275139972568,1,mechanisms,dynamic_budget,1.0264021596681177,full,0.04311677764459328
0.0,MOABC,matched,0.05,2338959365,28000,P05,independent,0.052734375,7,3.568187738839089,0.05660848296686906,5.4247195945318305,0.0389091209146758,18.25,0.0,held_out_replay_of_fixed_executed_schedule,7,98172.31856208018,1.7314341898074106,-41472.31856208018,512,0.02814558204197083,4117947120,-4.049017651732168,0.02814558204197083,0.0,True,0.07580107979067144,0.03503626864515074,screening,False,P05_matched_dynamic_budget_full_MOABC_s02,3127916639,127.7153594000265,2,mechanisms,dynamic_budget,1.26302181145461,full,0.02814558204197083
0.0,MOABC,matched,0.05000000000000002,1648197155,28000,P05,independent,0.02734375,7,2.7255030427811526,0.028048778452384765,3.5167922110599497,0.032015352694801665,18.25,0.0,held_out_replay_of_fixed_executed_schedule,7,90150.89022468343,1.5899627905587908,-33450.89022468343,512,0.048914037337223354,3600885613,3.892937650400768,0.048914037337223354,0.0,True,0.04545291098745593,0.015027969215664629,screening,False,P05_matched_dynamic_budget_full_MOABC_s03,953717244,138.06488800002262,3,mechanisms,dynamic_budget,1.0897407301678317,full,0.048914037337223354
0.028045233955870528,MOABC,matched,0.05000000000000001,3100450504,28000,P05,independent,0.01171875,7,0.9467173024511063,0.013477411182989504,2.6068604947119702,0.04051228536491187,18.25,0.0,held_out_replay_of_fixed_executed_schedule,7,87619.46117611897,1.5453167755929271,-30919.461176118974,512,0.14860694299552663,2936803218,3.213472246885131,0.14860694299552663,0.0,True,0.025331281179926377,0.004312383422342904,screening,False,P05_matched_dynamic_budget_full_MOABC_s04,3758214604,136.45464310003445,4,mechanisms,dynamic_budget,0.9780523851043527,full,0.14860694299552663
0.003441706879395826,MOABC,matched,0.05,365222106,28000,P05,independent,0.015625,7,1.2839004264957232,0.02332691095468719,3.8084723112681664,0.05639511134832839,18.25,0.0,held_out_replay_of_fixed_executed_schedule,7,85407.85756239097,1.5063114208534563,-28707.85756239097,512,0.021988533132591852,3140760178,-3.0919298708991514,0.021988533132591852,3.549247616674842e-17,False,0.030554414950524595,0.006769276942972373,screening,False,P05_matched_fixed_budget_full_MOABC_s00,165838068,151.5330849001184,0,mechanisms,fixed_budget,1.0034877621781633,full,0.021988533132591852
0.0,MOABC,matched,0.05,4076338479,28000,P05,independent,0.033203125,7,3.066265719009504,0.05152672930840836,4.055378054098317,0.041919535364482334,18.25,0.013865475149897478,held_out_replay_of_fixed_executed_schedule,7,103921.21120286449,1.832825594406781,-47221.21120286449,512,0.029637767267777875,1355805987,3.145807460630518,0.029637767267777875,0.0,True,0.052630293172314914,0.01945868698795646,screening,False,P05_matched_fixed_budget_full_MOABC_s01,471093869,145.03524959972128,1,mechanisms,fixed_budget,1.1369922263162395,full,0.029637767267777875
0.0,MOABC,matched,0.05,2338959365,28000,P05,independent,0.0703125,7,3.988440071685181,0.06862599914005106,5.538301014461257,0.03987192414025801,18.25,0.0,held_out_replay_of_fixed_executed_schedule,7,96796.8149332401,1.7071748665474444,-40096.81493324009,512,0.023502453268904953,4117947120,-2.5911749171052905,0.023502453268904953,0.0,True,0.0960159290992518,0.04972866865403264,screening,False,P05_matched_fixed_budget_full_MOABC_s02,3127916639,132.71122699975967,2,mechanisms,fixed_budget,1.2921727730029573,full,0.023502453268904953
0.0,MOABC,matched,0.05,1648197155,28000,P05,independent,0.0078125,7,1.1029398103151384,0.013071619843470508,2.3115786885590257,0.03461709504274595,18.25,0.0,held_out_replay_of_fixed_executed_schedule,7,89894.30932133466,1.5854375541681598,-33194.30932133466,512,0.047687731843145786,3600885613,4.166470577412347,0.047687731843145786,0.0,True,0.01988145997145218,0.0021326268405938735,screening,False,P05_matched_fixed_budget_full_MOABC_s03,953717244,129.7488513002172,3,mechanisms,fixed_budget,0.8807176082236656,full,0.047687731843145786
0.0,MOABC,matched,0.05,3100450504,28000,P05,independent,0.03125,7,2.5908598923801516,0.03847675718758142,4.5829860739125685,0.03773517932902659,18.25,0.0,held_out_replay_of_fixed_executed_schedule,7,87967.56194856821,1.551456119022367,-31267.56194856821,512,0.039685247691970814,2936803218,2.8289519060693213,0.039685247691970814,0.0,False,0.05025287955876002,0.017965442532865916,screening,False,P05_matched_fixed_budget_full_MOABC_s04,3758214604,143.37466369988397,4,mechanisms,fixed_budget,1.082016581035366,full,0.039685247691970814
0.0,MOABC,matched,0.05,365222106,28000,P05,independent,0.015625,7,1.8450142252714556,0.01751463500875288,2.4050784984388454,0.03318348908701771,18.25,0.0,held_out_replay_of_fixed_executed_schedule,7,79998.32981508592,1.4109052877440198,-23298.32981508592,512,0.0,3140760178,3.437664373429805,0.0,0.0,False,0.030554414950524595,0.006769276942972373,screening,False,P05_matched_full_method_full_MOABC_s00,165838068,150.27420540014282,0,mechanisms,full_method,0.8625530289906255,full,0.0
1.8217949677962628e-17,MOABC,matched,0.05,4076338479,28000,P05,independent,0.021484375,7,2.1159351478509123,0.03714557921893699,2.879279828886804,0.027583325577567257,18.25,0.002125782134360634,held_out_replay_of_fixed_executed_schedule,7,102717.89266877196,1.8116030453046201,-46017.892668771965,512,0.013506662552932598,1355805987,4.267295977153668,0.013506662552932598,1.8217949677962628e-17,True,0.0381157716754838,0.01077255408609197,screening,False,P05_matched_full_method_full_MOABC_s01,471093869,137.55924799991772,1,mechanisms,full_method,0.9782774180262874,full,0.013506662552932598
0.0,MOABC,matched,0.05,2338959365,28000,P05,independent,0.078125,7,5.287086400873719,0.05653233036101943,5.727600030711919,0.023568743169547098,18.25,0.0,held_out_replay_of_fixed_executed_schedule,7,93934.34062510406,1.6566903108483961,-37234.34062510406,512,0.0,4117947120,0.4426501384426825,0.0,0.0,True,0.10486635710025519,0.0563977959958858,screening,False,P05_matched_full_method_full_MOABC_s02,3127916639,140.9110693000257,2,mechanisms,full_method,1.2380418823699877,full,0.0
0.0,MOABC,matched,0.05,1648197155,28000,P05,independent,0.025390625,7,2.45846842370013,0.02600378387217896,3.1481111229830954,0.026476660560003102,18.25,0.0,held_out_replay_of_fixed_executed_schedule,7,91468.86635509915,1.6132075194902848,-34768.86635509915,512,0.046888768256422464,3600885613,2.4878842579666562,0.046888768256422464,0.0,True,0.04302739655157614,0.013587156828088611,screening,False,P05_matched_full_method_full_MOABC_s03,953717244,136.8118088999763,3,mechanisms,full_method,1.0445465168284198,full,0.046888768256422464
0.0,MOABC,matched,0.05,3100450504,28000,P05,independent,0.02734375,7,1.8645979660579304,0.025924958884357394,3.1757291787141417,0.025520477013018798,18.25,0.0,held_out_replay_of_fixed_executed_schedule,7,85144.90873272909,1.501673875356774,-28444.90873272909,512,0.04956930888242034,2936803218,5.946921363369433,0.04956930888242034,0.0,True,0.04545291098745593,0.015027969215664629,screening,False,P05_matched_full_method_full_MOABC_s04,3758214604,146.58696129964665,4,mechanisms,full_method,1.0051281188739785,full,0.04956930888242034
0.0,MOABC,matched,0.0,365222106,28000,P05,independent,0.0078125,7,1.1529515803304093,0.009795351757364606,2.7669605323237816,0.03474175043855229,18.25,0.0,held_out_replay_of_fixed_executed_schedule,7,80839.32983748565,1.425737739638195,-24139.329837485653,512,0.08506201734510378,3140760178,2.422531599875301,0.08506201734510378,0.0,True,0.01988145997145218,0.0021326268405938735,screening,False,P05_matched_no_budget_full_MOABC_s00,165838068,133.63293449999765,0,mechanisms,no_budget,0.8628719217037265,full,0.08506201734510378
0.0,MOABC,matched,0.0,4076338479,28000,P05,independent,0.02734375,7,2.641626863944942,0.046304979329972726,3.600394723786783,0.02960410300130047,18.25,0.007179988393507807,held_out_replay_of_fixed_executed_schedule,7,103235.94881033455,1.8207398379247717,-46535.94881033455,512,0.039087543311008624,1355805987,3.7844695291135553,0.039087543311008624,0.0,True,0.04545291098745593,0.015027969215664629,screening,False,P05_matched_no_budget_full_MOABC_s01,471093869,125.26860699988902,1,mechanisms,no_budget,1.0678257103034778,full,0.039087543311008624
0.0,MOABC,matched,0.0,2338959365,28000,P05,independent,0.0234375,7,1.7762970935224365,0.02211711761895737,2.2765391151208787,0.032294989959870235,18.25,0.0,held_out_replay_of_fixed_executed_schedule,7,91028.14030417622,1.6054345732658946,-34328.140304176224,512,0.0,4117947120,3.5228186922746105,0.0,0.0,True,0.040582439140948286,0.012167790534685311,screening,False,P05_matched_no_budget_full_MOABC_s02,3127916639,128.98750140005723,2,mechanisms,no_budget,0.9521013425942777,full,0.0
0.0,MOABC,matched,0.0,1648197155,28000,P05,independent,0.04296875,7,3.2342097031538626,0.0367385280215822,3.9917975831483434,0.04025374436022396,18.25,0.0,held_out_replay_of_fixed_executed_schedule,7,91819.83418092535,1.619397428235015,-35119.83418092535,512,0.05451715701709445,3600885613,2.113728366268691,0.05451715701709445,0.0,True,0.06433472729540066,0.027121045491155363,screening,False,P05_matched_no_budget_full_MOABC_s03,953717244,132.1639698999934,3,mechanisms,no_budget,1.162667700441916,full,0.05451715701709445
0.0,MOABC,matched,0.0,3100450504,28000,P05,independent,0.02734375,7,1.760531292357337,0.03391098873509929,3.7648065862873783,0.03518500645995046,18.25,0.0,held_out_replay_of_fixed_executed_schedule,7,89779.90771747424,1.5834198891970765,-33079.90771747424,512,0.05075588585231892,2936803218,0.826991933867704,0.05075588585231892,0.0,True,0.04545291098745593,0.015027969215664629,screening,False,P05_matched_no_budget_full_MOABC_s04,3758214604,131.15772419981658,4,mechanisms,no_budget,1.0769867234847044,full,0.05075588585231892
0.0,MOABC,normal,0.05000000000000001,365222106,28000,P05,independent,0.0,7,0.7457217371726791,0.0,1.6714542709814475,0.03425426492824077,1.0,0.0,held_out_replay_of_fixed_executed_schedule,7,29080.579947414768,0.5128850078909131,27619.420052585232,512,0.01231935549178749,3140760178,9.591552156380148,0.01231935549178749,0.0,True,0.007178950026259454,0.0,screening,False,P05_normal_dynamic_budget_full_MOABC_s00,165838068,139.779987399932,0,mechanisms,dynamic_budget,0.5128850078909131,full,0.01231935549178749
0.0,MOABC,normal,0.05000000000000002,4076338479,28000,P05,independent,0.0,7,0.39511903358281786,0.0,1.7780687398120096,0.033311321694616085,1.0,0.0,held_out_replay_of_fixed_executed_schedule,7,28378.768910967665,0.5005073882004879,28321.231089032335,512,0.04363403078485044,1355805987,12.016781397779722,0.04363403078485044,0.0,True,0.007178950026259454,0.0,screening,False,P05_normal_dynamic_budget_full_MOABC_s01,471093869,124.45726720010862,1,mechanisms,dynamic_budget,0.5005073882004879,full,0.04363403078485044
1.774623808337421e-17,MOABC,normal,0.05,2338959365,28000,P05,independent,0.0,7,0.4896494782202899,0.0,1.5781535591700382,0.02564558350156444,1.0,0.0,held_out_replay_of_fixed_executed_schedule,7,25134.761483445116,0.44329385332354704,31565.238516554884,512,0.020383304430597722,4117947120,21.30026040870088,0.020383304430597722,1.774623808337421e-17,True,0.007178950026259454,0.0,screening,False,P05_normal_dynamic_budget_full_MOABC_s02,3127916639,129.58438269980252,2,mechanisms,dynamic_budget,0.443293853323547,full,0.020383304430597722
0.0,MOABC,normal,0.05,1648197155,28000,P05,independent,0.0,7,0.4061591073719507,0.0,2.164761667417526,0.03162314515161132,1.0,0.0,held_out_replay_of_fixed_executed_schedule,7,31555.483376447617,0.5565340983500462,25144.516623552383,512,0.07439729870469622,3600885613,1.9789414357868431,0.07439729870469622,0.0,True,0.007178950026259454,0.0,screening,False,P05_normal_dynamic_budget_full_MOABC_s03,953717244,125.09563060011715,3,mechanisms,dynamic_budget,0.5565340983500462,full,0.07439729870469622
0.030277832316114733,MOABC,normal,0.049999999999999996,3100450504,28000,P05,independent,0.0,7,0.3808575198897369,0.0,2.9566700344053016,0.04121890538199338,1.0,0.0,held_out_replay_of_fixed_executed_schedule,7,28668.943810869572,0.5056251113028143,28031.056189130428,512,0.0693885926981176,2936803218,10.958150965892946,0.0693885926981176,0.0,True,0.007178950026259454,0.0,screening,False,P05_normal_dynamic_budget_full_MOABC_s04,3758214604,126.75652980012819,4,mechanisms,dynamic_budget,0.5056251113028143,full,0.0693885926981176
0.0,MOABC,normal,0.05,365222106,28000,P05,independent,0.0,7,0.7457217371726791,0.0,1.6714542709814475,0.03425426492824077,1.0,0.0,held_out_replay_of_fixed_executed_schedule,7,29080.579947414768,0.5128850078909131,27619.420052585232,512,0.01231935549178749,3140760178,9.591552156380148,0.01231935549178749,0.0,True,0.007178950026259454,0.0,screening,False,P05_normal_fixed_budget_full_MOABC_s00,165838068,130.62224079994485,0,mechanisms,fixed_budget,0.5128850078909131,full,0.01231935549178749
0.0,MOABC,normal,0.05,4076338479,28000,P05,independent,0.0,7,0.39511903358281786,0.0,1.7780687398120096,0.033311321694616085,1.0,0.0,held_out_replay_of_fixed_executed_schedule,7,28378.768910967665,0.5005073882004879,28321.231089032335,512,0.04363403078485044,1355805987,12.016781397779722,0.04363403078485044,0.0,True,0.007178950026259454,0.0,screening,False,P05_normal_fixed_budget_full_MOABC_s01,471093869,126.90870730020106,1,mechanisms,fixed_budget,0.5005073882004879,full,0.04363403078485044
1.774623808337421e-17,MOABC,normal,0.05,2338959365,28000,P05,independent,0.0,7,0.4896494782202899,0.0,1.5781535591700382,0.02564558350156444,1.0,0.0,held_out_replay_of_fixed_executed_schedule,7,25134.761483445116,0.44329385332354704,31565.238516554884,512,0.020383304430597722,4117947120,21.30026040870088,0.020383304430597722,1.774623808337421e-17,True,0.007178950026259454,0.0,screening,False,P05_normal_fixed_budget_full_MOABC_s02,3127916639,126.21908649988472,2,mechanisms,fixed_budget,0.443293853323547,full,0.020383304430597722
0.0,MOABC,normal,0.05,1648197155,28000,P05,independent,0.0,7,0.4061591073719507,0.0,2.164761667417526,0.03162314515161132,1.0,0.0,held_out_replay_of_fixed_executed_schedule,7,31555.483376447617,0.5565340983500462,25144.516623552383,512,0.07439729870469622,3600885613,1.9789414357868431,0.07439729870469622,0.0,True,0.007178950026259454,0.0,screening,False,P05_normal_fixed_budget_full_MOABC_s03,953717244,119.04731660010293,3,mechanisms,fixed_budget,0.5565340983500462,full,0.07439729870469622
0.030277832316114733,MOABC,normal,0.05,3100450504,28000,P05,independent,0.0,7,0.3808575198897369,0.0,2.9566700344053016,0.04121890538199338,1.0,0.0,held_out_replay_of_fixed_executed_schedule,7,28668.943810869572,0.5056251113028143,28031.056189130428,512,0.0693885926981176,2936803218,10.958150965892946,0.0693885926981176,0.0,True,0.007178950026259454,0.0,screening,False,P05_normal_fixed_budget_full_MOABC_s04,3758214604,127.91701549990103,4,mechanisms,fixed_budget,0.5056251113028143,full,0.0693885926981176
1.774623808337421e-17,MOABC,normal,0.05,365222106,28000,P05,independent,0.0,7,0.9216676601851095,0.0,1.4544928529094783,0.022111239879235127,1.0,0.0,held_out_replay_of_fixed_executed_schedule,7,27821.567172492596,0.4906801970457248,28878.432827507404,512,0.004545968058241799,3140760178,13.50568973554219,0.004545968058241799,1.774623808337421e-17,True,0.007178950026259454,0.0,screening,False,P05_normal_full_method_full_MOABC_s00,165838068,127.46100399969146,0,mechanisms,full_method,0.4906801970457248,full,0.004545968058241799
0.0,MOABC,normal,0.05000000000000001,4076338479,28000,P05,independent,0.0,7,0.6128579327086439,0.0,1.2253977967063292,0.01969386651340537,1.0,0.0,held_out_replay_of_fixed_executed_schedule,7,22394.711917116645,0.394968464146678,34305.28808288336,512,0.0,1355805987,30.56926322917664,0.0,0.0,True,0.007178950026259454,0.0,screening,False,P05_normal_full_method_full_MOABC_s01,471093869,132.14154489990324,1,mechanisms,full_method,0.3949684641466781,full,0.0
0.0,MOABC,normal,0.05000000000000001,2338959365,28000,P05,independent,0.0,7,0.8620255198580937,0.0,1.2796974781526775,0.02019577602596946,1.0,0.0,held_out_replay_of_fixed_executed_schedule,7,20333.97426034347,0.35862388466214234,36366.02573965653,512,0.0,4117947120,36.332060274404206,0.0,0.0,True,0.007178950026259454,0.0,screening,False,P05_normal_full_method_full_MOABC_s02,3127916639,138.47430570004508,2,mechanisms,full_method,0.35862388466214234,full,0.0
0.0,MOABC,normal,0.05000000000000001,1648197155,28000,P05,independent,0.0,7,0.697422957814994,0.0,1.4282709325988008,0.017916899013394907,1.0,0.0,held_out_replay_of_fixed_executed_schedule,7,20703.895056837897,0.3651480609671587,35996.10494316211,512,0.051598279461501154,3600885613,35.68731983398018,0.051598279461501154,0.0,True,0.007178950026259454,0.0,screening,False,P05_normal_full_method_full_MOABC_s03,953717244,141.46248500002548,3,mechanisms,full_method,0.3651480609671586,full,0.051598279461501154
0.0,MOABC,normal,0.05000000000000001,3100450504,28000,P05,independent,0.0,7,0.6138303066292881,0.0,1.885297495666552,0.02669841990797796,1.0,0.0,held_out_replay_of_fixed_executed_schedule,7,29073.623767003213,0.5127623239330372,27626.376232996787,512,0.046609465468619875,2936803218,9.701269938154528,0.046609465468619875,0.0,True,0.007178950026259454,0.0,screening,False,P05_normal_full_method_full_MOABC_s04,3758214604,135.28784159990028,4,mechanisms,full_method,0.5127623239330372,full,0.046609465468619875
0.0,MOABC,normal,0.0,365222106,28000,P05,independent,0.0,7,0.7457217371726791,0.0,1.6714542709814475,0.03425426492824077,1.0,0.0,held_out_replay_of_fixed_executed_schedule,7,29080.579947414768,0.5128850078909131,27619.420052585232,512,0.01231935549178749,3140760178,9.591552156380148,0.01231935549178749,0.0,True,0.007178950026259454,0.0,screening,False,P05_normal_no_budget_full_MOABC_s00,165838068,131.79831230035052,0,mechanisms,no_budget,0.5128850078909131,full,0.01231935549178749
0.0,MOABC,normal,0.0,4076338479,28000,P05,independent,0.0,7,0.39511903358281786,0.0,1.7780687398120096,0.033311321694616085,1.0,0.0,held_out_replay_of_fixed_executed_schedule,7,28378.768910967665,0.5005073882004879,28321.231089032335,512,0.04363403078485044,1355805987,12.016781397779722,0.04363403078485044,0.0,True,0.007178950026259454,0.0,screening,False,P05_normal_no_budget_full_MOABC_s01,471093869,131.051595099736,1,mechanisms,no_budget,0.5005073882004879,full,0.04363403078485044
1.774623808337421e-17,MOABC,normal,0.0,2338959365,28000,P05,independent,0.0,7,0.4896494782202899,0.0,1.5781535591700382,0.02564558350156444,1.0,0.0,held_out_replay_of_fixed_executed_schedule,7,25134.761483445116,0.44329385332354704,31565.238516554884,512,0.020383304430597722,4117947120,21.30026040870088,0.020383304430597722,1.774623808337421e-17,True,0.007178950026259454,0.0,screening,False,P05_normal_no_budget_full_MOABC_s02,3127916639,123.01030809991062,2,mechanisms,no_budget,0.443293853323547,full,0.020383304430597722
0.0,MOABC,normal,0.0,1648197155,28000,P05,independent,0.0,7,0.4061591073719507,0.0,2.164761667417526,0.03162314515161132,1.0,0.0,held_out_replay_of_fixed_executed_schedule,7,31555.483376447617,0.5565340983500462,25144.516623552383,512,0.07439729870469622,3600885613,1.9789414357868431,0.07439729870469622,0.0,True,0.007178950026259454,0.0,screening,False,P05_normal_no_budget_full_MOABC_s03,953717244,124.17888509994373,3,mechanisms,no_budget,0.5565340983500462,full,0.07439729870469622
0.030277832316114733,MOABC,normal,0.0,3100450504,28000,P05,independent,0.0,7,0.3808575198897369,0.0,2.9566700344053016,0.04121890538199338,1.0,0.0,held_out_replay_of_fixed_executed_schedule,7,28668.943810869572,0.5056251113028143,28031.056189130428,512,0.0693885926981176,2936803218,10.958150965892946,0.0693885926981176,0.0,True,0.007178950026259454,0.0,screening,False,P05_normal_no_budget_full_MOABC_s04,3758214604,126.57022099988535,4,mechanisms,no_budget,0.5056251113028143,full,0.0693885926981176
0.04864934707728517,MOABC,matched,0.05000000000000002,694971547,28000,P06,independent,0.0234375,7,1.8840478364274973,0.04547299418791612,1.9467079087163737,0.03465664073397546,12.5,0.0,held_out_replay_of_fixed_executed_schedule,7,92246.42927350944,1.6269211512082793,-35546.429273509435,512,0.1641221878396744,3319033194,3.8103566821910477,0.1641221878396744,0.0,False,0.040582439140948286,0.012167790534685311,screening,False,P06_matched_dynamic_budget_full_MOABC_s00,2304838970,144.9830693001859,0,mechanisms,dynamic_budget,1.0323070872674143,full,0.1641221878396744
0.0,MOABC,matched,0.05,3567611952,28000,P06,independent,0.041015625,7,2.466917997926469,0.036963655750856174,2.8144313280364144,0.03582323429240708,12.5,0.0,held_out_replay_of_fixed_executed_schedule,7,89837.60189125813,1.5844374231262457,-33137.601891258135,512,0.0,28360653,1.4720644375278362,0.0,0.0,False,0.062015362281175865,0.02556560042788603,screening,False,P06_matched_dynamic_budget_full_MOABC_s01,835596083,155.97302319994196,1,mechanisms,dynamic_budget,1.1178817092867912,full,0.0
0.03964778961128021,MOABC,matched,0.05000000000000001,3778271490,28000,P06,independent,0.037109375,7,2.0656836819487463,0.05150585750721536,2.4936853694472445,0.044955092497443845,12.5,0.0,held_out_replay_of_fixed_executed_schedule,7,95977.25205712556,1.692720494834666,-39277.25205712556,512,0.16655014652608366,27811530,3.5332756921349,0.16655014652608366,0.0,False,0.05734588681372429,0.02248745162331635,screening,False,P06_matched_dynamic_budget_full_MOABC_s02,2427619074,142.45449759997427,2,mechanisms,dynamic_budget,1.1130220352164668,full,0.16655014652608366
0.0,MOABC,matched,0.049999999999999996,3665834189,28000,P06,independent,0.041015625,7,2.695785333345447,0.06481533068878492,2.8471108347522467,0.04026346909131872,12.5,0.0,held_out_replay_of_fixed_executed_schedule,7,92061.66859758942,1.6236625854954043,-35361.66859758942,512,0.0,433014157,2.3332898599450953,0.0,0.0,False,0.062015362281175865,0.02556560042788603,screening,False,P06_matched_dynamic_budget_full_MOABC_s03,1293625730,145.32243929989636,3,mechanisms,dynamic_budget,1.1788141186730567,full,0.0
0.07612986091284164,MOABC,matched,0.05,2308529249,28000,P06,independent,0.01953125,7,1.1793713155901213,0.04182657291516267,1.341690350668297,0.05739811399418318,12.5,0.0,held_out_replay_of_fixed_executed_schedule,7,92534.11612680266,1.6319949934180364,-35834.11612680266,512,0.19174483136173642,3242489585,-1.136339472883069,0.19174483136173642,1.8217949677962628e-17,False,0.035624636181676994,0.009404755122447006,screening,False,P06_matched_dynamic_budget_full_MOABC_s04,2433836693,143.75307310000062,4,mechanisms,dynamic_budget,1.0347294954105708,full,0.19174483136173642
0.0,MOABC,matched,0.05,694971547,28000,P06,independent,0.03515625,7,2.6300629812201834,0.056557317377557,2.8168242867548225,0.03648464058789731,12.5,0.0,held_out_replay_of_fixed_executed_schedule,7,93738.23314592338,1.6532316251485606,-37038.23314592338,512,0.07350539785503307,3319033194,2.254783382305804,0.07350539785503307,0.0,False,0.054994288604838265,0.020966408701819806,screening,False,P06_matched_fixed_budget_full_MOABC_s00,2304838970,143.79348010011017,0,mechanisms,fixed_budget,1.13271468218298,full,0.07350539785503307
0.0,MOABC,matched,0.05,3567611952,28000,P06,independent,0.021484375,7,1.4298280884505736,0.024504954248536513,1.7028994017220351,0.0361688279252101,12.5,0.0,held_out_replay_of_fixed_executed_schedule,7,89524.19180321223,1.5789099083458948,-32824.191803212234,512,0.07836285298779871,28360653,1.8157918780375772,0.07836285298779871,0.0,False,0.0381157716754838,0.01077255408609197,screening,False,P06_matched_fixed_budget_full_MOABC_s01,835596083,149.52751069981605,1,mechanisms,fixed_budget,0.9461390068800292,full,0.07836285298779871
0.0,MOABC,matched,0.05,3778271490,28000,P06,independent,0.048828125,7,3.2090054966819417,0.07629474416671247,4.029850174308813,0.04061541977148997,12.5,0.0,held_out_replay_of_fixed_executed_schedule,7,99538.77183790613,1.7555338948484325,-42838.771837906126,512,0.07246600387619075,27811530,-0.046407404074978294,0.07246600387619075,0.0,False,0.07123865584136313,0.03184475219643663,screening,False,P06_matched_fixed_budget_full_MOABC_s02,2427619074,151.46391490008682,2,mechanisms,fixed_budget,1.2463409001488692,full,0.07246600387619075
0.0,MOABC,matched,0.05,3665834189,28000,P06,independent,0.044921875,7,3.1436763451606993,0.06369858686091615,3.743947994702422,0.03671005625180656,12.5,0.0,held_out_replay_of_fixed_executed_schedule,7,92307.54198171193,1.6279989767497693,-35607.541981711925,512,0.0,433014157,2.0724468304404597,0.0,0.0,False,0.06664470087314162,0.02868645340600739,screening,False,P06_matched_fixed_budget_full_MOABC_s03,1293625730,149.05544349970296,3,mechanisms,fixed_budget,1.1924166281404682,full,0.0
1.8690807681317883e-17,MOABC,matched,0.05,2308529249,28000,P06,independent,0.021484375,7,1.6865101712057482,0.04712891119270879,1.6869403585467198,0.05501589378136204,12.5,0.0,held_out_replay_of_fixed_executed_schedule,7,92095.5120310662,1.6242594714473757,-35395.5120310662,512,0.0516285945326848,3242489585,-0.6569615463698556,0.0516285945326848,1.8690807681317883e-17,False,0.0381157716754838,0.01077255408609197,screening,False,P06_matched_fixed_budget_full_MOABC_s04,2433836693,138.52435159962624,4,mechanisms,fixed_budget,1.0100184880738046,full,0.0516285945326848
0.0,MOABC,matched,0.05,694971547,28000,P06,independent,0.04296875,7,3.185544783723648,0.07395819835164287,3.714158033114558,0.03272656463922093,12.5,0.0,held_out_replay_of_fixed_executed_schedule,7,95626.01888678968,1.686525906292587,-38926.01888678968,512,0.025994259583048927,3319033194,0.2863013662054693,0.025994259583048927,0.0,False,0.06433472729540066,0.027121045491155363,screening,False,P06_matched_full_method_full_MOABC_s00,2304838970,142.97855579992756,0,mechanisms,full_method,1.2213661149461632,full,0.025994259583048927
0.0,MOABC,matched,0.05,3567611952,28000,P06,independent,0.01953125,7,1.244145372081546,0.02472546463467734,1.4813878557304272,0.03250421269392095,12.5,0.0,held_out_replay_of_fixed_executed_schedule,7,88854.45254364632,1.5670979284593707,-32154.452543646315,512,0.11274079424533727,28360653,2.550317569073301,0.11274079424533727,0.0,False,0.035624636181676994,0.009404755122447006,screening,False,P06_matched_full_method_full_MOABC_s01,835596083,143.41930919978768,1,mechanisms,full_method,0.9415076253767469,full,0.11274079424533727
0.04960447200402495,MOABC,matched,0.05000000000000001,3778271490,28000,P06,independent,0.03125,7,1.8000037312763049,0.047856090321775284,2.002518142160552,0.03851513704202816,12.5,0.0,held_out_replay_of_fixed_executed_schedule,7,96420.67281744823,1.7005409667980287,-39720.67281744823,512,0.16959255047966823,27811530,3.0875935401498555,0.16959255047966823,0.0,False,0.05025287955876002,0.017965442532865916,screening,False,P06_matched_full_method_full_MOABC_s02,2427619074,132.84478510031477,2,mechanisms,full_method,1.0981267438487496,full,0.16959255047966823
0.0,MOABC,matched,0.05,3665834189,28000,P06,independent,0.0390625,7,2.6102996355931594,0.06448085453547671,3.362864274309522,0.027059829949342928,12.5,0.0,held_out_replay_of_fixed_executed_schedule,7,93924.68818983302,1.6565200738947623,-37224.68818983302,512,0.014081586733506271,433014157,0.3568430143394426,0.014081586733506271,0.0,False,0.05968598191731192,0.024020809593503667,screening,False,P06_matched_full_method_full_MOABC_s03,1293625730,137.74902400001884,3,mechanisms,full_method,1.1818666702221245,full,0.014081586733506271
0.0022917799150027483,MOABC,matched,0.05,2308529249,28000,P06,independent,0.01953125,7,1.3117366596295836,0.030648055203789965,1.5970003218967261,0.03550419518135209,12.5,0.0,held_out_replay_of_fixed_executed_schedule,7,88006.47027862983,1.5521423329564343,-31306.47027862983,512,0.11643007945509484,3242489585,3.812208659205946,0.11643007945509484,0.0,False,0.035624636181676994,0.009404755122447006,screening,False,P06_matched_full_method_full_MOABC_s04,2433836693,151.03310680016875,4,mechanisms,full_method,0.9174577373788312,full,0.11643007945509484
0.0,MOABC,matched,0.0,694971547,28000,P06,independent,0.029296875,7,2.2221889207520245,0.05626746573711852,2.4393853900522178,0.03017444854822693,12.5,0.0,held_out_replay_of_fixed_executed_schedule,7,93497.69067311901,1.6489892534941624,-36797.69067311901,512,0.09883760143177102,3319033194,2.5056082092834795,0.09883760143177102,0.0,True,0.04786087313588519,0.01648801460911842,screening,False,P06_matched_no_budget_full_MOABC_s00,2304838970,130.4138038000092,0,mechanisms,no_budget,1.1009958792241323,full,0.09883760143177102
0.070951567070151,MOABC,matched,0.0,3567611952,28000,P06,independent,0.0078125,7,0.5169330382964543,0.01908997411545653,0.7209506075789514,0.03785902046676307,12.5,0.0,held_out_replay_of_fixed_executed_schedule,7,84712.13569766891,1.4940411939624147,-28012.135697668913,512,0.20873417178477208,28360653,7.093336513121037,0.20873417178477208,0.0,True,0.01988145997145218,0.0021326268405938735,screening,False,P06_matched_no_budget_full_MOABC_s01,835596083,125.26221750024706,1,mechanisms,no_budget,0.9430170432050518,full,0.20873417178477208
0.0017521828855920963,MOABC,matched,0.0,3778271490,28000,P06,independent,0.029296875,7,1.6292774384933115,0.040459888869559514,1.90027122766046,0.028107816784515183,12.5,0.0,held_out_replay_of_fixed_executed_schedule,7,95876.95657647126,1.6909516151053132,-39176.95657647126,512,0.13745873969642738,27811530,3.6340826674778106,0.13745873969642738,0.0,True,0.04786087313588519,0.01648801460911842,screening,False,P06_matched_no_budget_full_MOABC_s02,2427619074,118.92954150028527,2,mechanisms,no_budget,1.0478187113395285,full,0.13745873969642738
0.02778224536740656,MOABC,matched,0.0,3665834189,28000,P06,independent,0.01953125,7,1.181500758407763,0.037284550917218204,1.4411456483773988,0.03225070575777297,12.5,0.0,held_out_replay_of_fixed_executed_schedule,7,91069.07639206614,1.6061565501246233,-34369.07639206614,512,0.16530804739315094,433014157,3.386314606301457,0.16530804739315094,3.549247616674842e-17,True,0.035624636181676994,0.009404755122447006,screening,False,P06_matched_no_budget_full_MOABC_s03,1293625730,121.70908460021019,3,mechanisms,no_budget,0.9925412062004076,full,0.16530804739315094
0.04042595586626121,MOABC,matched,0.0,2308529249,28000,P06,independent,0.017578125,7,1.0868544463068854,0.03418644110050072,1.3460950395893856,0.037612331711753044,12.5,0.0,held_out_replay_of_fixed_executed_schedule,7,89220.70999055705,1.5735574954242866,-32520.70999055705,512,0.1637270361325908,3242489585,2.4850899180635437,0.1637270361325908,1.8690807681317883e-17,True,0.033105620119942024,0.008068548953610121,screening,False,P06_matched_no_budget_full_MOABC_s04,2433836693,131.62635720008984,4,mechanisms,no_budget,0.9838818343526186,full,0.1637270361325908
0.0,MOABC,normal,0.05000000000000001,694971547,28000,P06,independent,0.0,7,0.0,0.0,0.6886322351173393,0.02931943010910956,1.0,0.0,held_out_replay_of_fixed_executed_schedule,7,18362.930242801907,0.32386120357675324,38337.06975719809,512,0.0,3319033194,19.65857486113596,0.0,0.0,True,0.007178950026259454,0.0,screening,False,P06_normal_dynamic_budget_full_MOABC_s00,2304838970,128.19486969988793,0,mechanisms,dynamic_budget,0.32386120357675324,full,0.0
0.0,MOABC,normal,0.05000000000000001,3567611952,28000,P06,independent,0.0,7,0.0,0.0,0.6593331954972499,0.033762615102709635,1.0,0.0,held_out_replay_of_fixed_executed_schedule,7,21338.559055764057,0.37634142955492167,35361.44094423595,512,0.0,28360653,6.472115564310259,0.0,0.0,True,0.007178950026259454,0.0,screening,False,P06_normal_dynamic_budget_full_MOABC_s01,835596083,120.35569890029728,1,mechanisms,dynamic_budget,0.37634142955492167,full,0.0
0.0,MOABC,normal,0.05,3778271490,28000,P06,independent,0.0,7,0.004687495887819512,0.0,0.5041853830564911,0.03494555927989845,1.0,0.0,held_out_replay_of_fixed_executed_schedule,7,21901.59541490186,0.3862715240723432,34798.404585098135,512,0.037015638144708395,27811530,3.899239510816245,0.037015638144708395,0.0,True,0.007178950026259454,0.0,screening,False,P06_normal_dynamic_budget_full_MOABC_s02,2427619074,119.36519040027633,2,mechanisms,dynamic_budget,0.3862715240723433,full,0.037015638144708395
0.0,MOABC,normal,0.05,3665834189,28000,P06,independent,0.0,7,0.0,0.0,0.2832331027135328,0.041055946656787815,1.0,0.0,held_out_replay_of_fixed_executed_schedule,7,20912.767077158907,0.3688318708493634,35787.232922841096,512,0.0,433014157,8.052895618394889,0.0,0.0,True,0.007178950026259454,0.0,screening,False,P06_normal_dynamic_budget_full_MOABC_s03,1293625730,128.7898432998918,3,mechanisms,dynamic_budget,0.36883187084936336,full,0.0
0.0,MOABC,normal,0.05,2308529249,28000,P06,independent,0.0,7,0.006412175341334758,0.0,0.2948970944532017,0.031974510551468036,1.0,0.0,held_out_replay_of_fixed_executed_schedule,7,20571.685842219325,0.362816328786937,36128.314157780675,512,0.014491083310538989,3242489585,9.530739361522494,0.014491083310538989,0.0,True,0.007178950026259454,0.0,screening,False,P06_normal_dynamic_budget_full_MOABC_s04,2433836693,134.09757249988616,4,mechanisms,dynamic_budget,0.362816328786937,full,0.014491083310538989
0.0,MOABC,normal,0.05,694971547,28000,P06,independent,0.0,7,0.0,0.0,0.6886322351173393,0.02931943010910956,1.0,0.0,held_out_replay_of_fixed_executed_schedule,7,18362.930242801907,0.32386120357675324,38337.06975719809,512,0.0,3319033194,19.65857486113596,0.0,0.0,True,0.007178950026259454,0.0,screening,False,P06_normal_fixed_budget_full_MOABC_s00,2304838970,119.16864639986306,0,mechanisms,fixed_budget,0.32386120357675324,full,0.0
0.0,MOABC,normal,0.05,3567611952,28000,P06,independent,0.0,7,0.0,0.0,0.6593331954972499,0.033762615102709635,1.0,0.0,held_out_replay_of_fixed_executed_schedule,7,21338.559055764057,0.37634142955492167,35361.44094423595,512,0.0,28360653,6.472115564310259,0.0,0.0,True,0.007178950026259454,0.0,screening,False,P06_normal_fixed_budget_full_MOABC_s01,835596083,119.41577420011163,1,mechanisms,fixed_budget,0.37634142955492167,full,0.0
0.0,MOABC,normal,0.05,3778271490,28000,P06,independent,0.0,7,0.004687495887819512,0.0,0.5041853830564911,0.03494555927989845,1.0,0.0,held_out_replay_of_fixed_executed_schedule,7,21901.59541490186,0.3862715240723432,34798.404585098135,512,0.037015638144708395,27811530,3.899239510816245,0.037015638144708395,0.0,True,0.007178950026259454,0.0,screening,False,P06_normal_fixed_budget_full_MOABC_s02,2427619074,117.93969020014629,2,mechanisms,fixed_budget,0.3862715240723433,full,0.037015638144708395
0.0,MOABC,normal,0.05,3665834189,28000,P06,independent,0.0,7,0.0,0.0,0.2832331027135328,0.041055946656787815,1.0,0.0,held_out_replay_of_fixed_executed_schedule,7,20912.767077158907,0.3688318708493634,35787.232922841096,512,0.0,433014157,8.052895618394889,0.0,0.0,True,0.007178950026259454,0.0,screening,False,P06_normal_fixed_budget_full_MOABC_s03,1293625730,121.35046009998769,3,mechanisms,fixed_budget,0.36883187084936336,full,0.0
0.0,MOABC,normal,0.05,2308529249,28000,P06,independent,0.0,7,0.006412175341334758,0.0,0.2948970944532017,0.031974510551468036,1.0,0.0,held_out_replay_of_fixed_executed_schedule,7,20571.685842219325,0.362816328786937,36128.314157780675,512,0.014491083310538989,3242489585,9.530739361522494,0.014491083310538989,0.0,True,0.007178950026259454,0.0,screening,False,P06_normal_fixed_budget_full_MOABC_s04,2433836693,133.0934851001948,4,mechanisms,fixed_budget,0.362816328786937,full,0.014491083310538989
0.0,MOABC,normal,0.05,694971547,28000,P06,independent,0.0,7,0.14664655968845794,0.0,0.14664655968845794,0.024219415321694963,1.0,0.0,held_out_replay_of_fixed_executed_schedule,7,16715.825889032196,0.2948117440746419,39984.174110967804,512,0.0,3319033194,26.864979796762107,0.0,0.0,True,0.007178950026259454,0.0,screening,False,P06_normal_full_method_full_MOABC_s00,2304838970,130.4103568000719,0,mechanisms,full_method,0.2948117440746419,full,0.0
0.0,MOABC,normal,0.05000000000000001,3567611952,28000,P06,independent,0.0,7,0.0,0.0,0.6429109302828935,0.024918152928145938,1.0,0.0,held_out_replay_of_fixed_executed_schedule,7,20656.009053379825,0.3643035106416195,36043.99094662018,512,0.013954378850378058,28360653,9.463763574738039,0.013954378850378058,0.0,True,0.007178950026259454,0.0,screening,False,P06_normal_full_method_full_MOABC_s01,835596083,121.59950809972361,1,mechanisms,full_method,0.3643035106416195,full,0.013954378850378058
0.0,MOABC,normal,0.049999999999999996,3778271490,28000,P06,independent,0.0,7,0.009960979014065272,0.0,0.13686321397317175,0.02330546932057495,1.0,0.0,held_out_replay_of_fixed_executed_schedule,7,15000.0,0.26455026455026454,41700.0,512,0.003934170987143463,27811530,34.18235612383968,0.003934170987143463,0.0,True,0.007178950026259454,0.0,screening,False,P06_normal_full_method_full_MOABC_s02,2427619074,121.54544150037691,2,mechanisms,full_method,0.26455026455026454,full,0.003934170987143463
0.0,MOABC,normal,0.049999999999999996,3665834189,28000,P06,independent,0.0,7,0.0,0.0,0.7449942607561411,0.024061906345726566,1.0,0.0,held_out_replay_of_fixed_executed_schedule,7,16805.989816440364,0.29640193679789,39894.010183559636,512,0.005837890129766089,433014157,26.109151687717958,0.005837890129766089,0.0,True,0.007178950026259454,0.0,screening,False,P06_normal_full_method_full_MOABC_s03,1293625730,117.9482049997896,3,mechanisms,full_method,0.29640193679789,full,0.005837890129766089
0.0,MOABC,normal,0.05,2308529249,28000,P06,independent,0.0,7,0.0,0.0,0.24315652558832745,0.029274932816973083,1.0,0.0,held_out_replay_of_fixed_executed_schedule,7,20518.999532503465,0.36188711697536974,36181.00046749653,512,0.036296085506167586,3242489585,9.7624409110368,0.036296085506167586,0.0,True,0.007178950026259454,0.0,screening,False,P06_normal_full_method_full_MOABC_s04,2433836693,122.56855079997331,4,mechanisms,full_method,0.36188711697536974,full,0.036296085506167586
0.0,MOABC,normal,0.0,694971547,28000,P06,independent,0.0,7,0.0,0.0,0.6886322351173393,0.02931943010910956,1.0,0.0,held_out_replay_of_fixed_executed_schedule,7,18362.930242801907,0.32386120357675324,38337.06975719809,512,0.0,3319033194,19.65857486113596,0.0,0.0,True,0.007178950026259454,0.0,screening,False,P06_normal_no_budget_full_MOABC_s00,2304838970,121.66093460004777,0,mechanisms,no_budget,0.32386120357675324,full,0.0
0.0,MOABC,normal,0.0,3567611952,28000,P06,independent,0.0,7,0.0,0.0,0.6593331954972499,0.033762615102709635,1.0,0.0,held_out_replay_of_fixed_executed_schedule,7,21338.559055764057,0.37634142955492167,35361.44094423595,512,0.0,28360653,6.472115564310259,0.0,0.0,True,0.007178950026259454,0.0,screening,False,P06_normal_no_budget_full_MOABC_s01,835596083,122.12129699997604,1,mechanisms,no_budget,0.37634142955492167,full,0.0
0.0,MOABC,normal,0.0,3778271490,28000,P06,independent,0.0,7,0.004687495887819512,0.0,0.5041853830564911,0.03494555927989845,1.0,0.0,held_out_replay_of_fixed_executed_schedule,7,21901.59541490186,0.3862715240723432,34798.404585098135,512,0.037015638144708395,27811530,3.899239510816245,0.037015638144708395,0.0,True,0.007178950026259454,0.0,screening,False,P06_normal_no_budget_full_MOABC_s02,2427619074,114.15533760003746,2,mechanisms,no_budget,0.3862715240723433,full,0.037015638144708395
0.0,MOABC,normal,0.0,3665834189,28000,P06,independent,0.0,7,0.0,0.0,0.2832331027135328,0.041055946656787815,1.0,0.0,held_out_replay_of_fixed_executed_schedule,7,20912.767077158907,0.3688318708493634,35787.232922841096,512,0.0,433014157,8.052895618394889,0.0,0.0,True,0.007178950026259454,0.0,screening,False,P06_normal_no_budget_full_MOABC_s03,1293625730,129.91522470023483,3,mechanisms,no_budget,0.36883187084936336,full,0.0
0.0,MOABC,normal,0.0,2308529249,28000,P06,independent,0.0,7,0.006412175341334758,0.0,0.2948970944532017,0.031974510551468036,1.0,0.0,held_out_replay_of_fixed_executed_schedule,7,20571.685842219325,0.362816328786937,36128.314157780675,512,0.014491083310538989,3242489585,9.530739361522494,0.014491083310538989,0.0,True,0.007178950026259454,0.0,screening,False,P06_normal_no_budget_full_MOABC_s04,2433836693,132.36551120039076,4,mechanisms,no_budget,0.362816328786937,full,0.014491083310538989
1.9350951101551666e-17,MOABC,matched,0.05000000000000001,2466679176,24000,P07,independent,0.029296875,6,5.595537091765436,0.1152150561614401,6.526148803987217,0.05412318306144473,35.75,0.01820017896373671,held_out_replay_of_fixed_executed_schedule,7,104365.51834378301,1.8406616991848856,-47665.51834378301,512,0.08140026379080538,2968862490,0.8551324612271816,0.08140026379080538,1.9350951101551666e-17,False,0.04786087313588519,0.01648801460911842,screening,False,P07_matched_dynamic_budget_full_MOABC_s00,1560937006,108.43708539986983,0,mechanisms,dynamic_budget,1.221605004885526,full,0.08140026379080538
0.028961815086307775,MOABC,matched,0.05,4221701189,24000,P07,independent,0.01171875,6,1.1047754211388,0.021885304691988593,1.368372876251506,0.04280817290742582,35.75,0.0,held_out_replay_of_fixed_executed_schedule,7,81098.59646644013,1.430310343323459,-24398.596466440125,512,0.14101368885874752,3366796275,6.467767418311775,0.14101368885874752,1.8690807681317883e-17,False,0.025331281179926377,0.004312383422342904,screening,False,P07_matched_dynamic_budget_full_MOABC_s01,73559209,112.24071459984407,1,mechanisms,dynamic_budget,0.8298643016471879,full,0.14101368885874752
0.018109362732864655,MOABC,matched,0.049999999999999996,614002540,24000,P07,independent,0.029296875,6,6.294747017538004,0.06790081516961327,7.074388816426424,0.048781339551742686,35.75,0.19370456160983218,held_out_replay_of_fixed_executed_schedule,7,122354.7175650078,2.157931526719714,-65654.7175650078,512,0.14387937928558903,3116405557,6.766910670045773,0.19370456160983218,3.549247616674842e-17,False,0.04786087313588519,0.01648801460911842,screening,False,P07_matched_dynamic_budget_full_MOABC_s02,3841655140,114.35499519994482,2,mechanisms,dynamic_budget,1.0935393221124048,full,0.14387937928558903
0.010701272480544229,MOABC,matched,0.049999999999999996,2430633507,24000,P07,independent,0.021484375,6,1.4271209593074587,0.02503329285990006,1.6864804227412793,0.04307665086255331,35.75,0.0,held_out_replay_of_fixed_executed_schedule,7,81610.94074604832,1.4393463976375365,-24910.94074604832,512,0.14429510010048816,3038002277,2.5274429184933003,0.14429510010048816,0.0,False,0.0381157716754838,0.01077255408609197,screening,False,P07_matched_dynamic_budget_full_MOABC_s03,1893691924,118.8900823998265,3,mechanisms,dynamic_budget,0.9547931132407051,full,0.14429510010048816
0.0,MOABC,matched,0.05,201151069,24000,P07,independent,0.025390625,6,1.6720093917271905,0.04241500865752892,1.7139814999978937,0.05006576885602089,35.75,0.0,held_out_replay_of_fixed_executed_schedule,7,85289.32349843769,1.504220872988319,-28589.32349843769,512,0.14922066472891307,1315534469,7.331304489050805,0.14922066472891307,0.0,False,0.04302739655157614,0.013587156828088611,screening,False,P07_matched_dynamic_budget_full_MOABC_s04,4070604578,114.33802299993113,4,mechanisms,dynamic_budget,1.0335108255537029,full,0.14922066472891307
0.0,MOABC,matched,0.05,2466679176,24000,P07,independent,0.025390625,6,3.4403855552476665,0.0943209428633541,3.8429957547663354,0.04059391932603339,35.75,0.0,held_out_replay_of_fixed_executed_schedule,7,100946.22622744035,1.7803567235880131,-44246.22622744035,512,0.07584817648777815,2968862490,4.1033821641076935,0.07584817648777815,0.0,False,0.04302739655157614,0.013587156828088611,screening,False,P07_matched_fixed_budget_full_MOABC_s00,1560937006,118.97790199983865,0,mechanisms,fixed_budget,1.0425968120829971,full,0.07584817648777815
0.0,MOABC,matched,0.05,4221701189,24000,P07,independent,0.013671875,6,1.1186797769279102,0.024236303511614345,1.1712385052491516,0.04400454762903781,35.75,0.0,held_out_replay_of_fixed_executed_schedule,7,82760.55997029008,1.4596218689645517,-26060.55997029008,512,0.09611562349944157,3366796275,4.550999881543146,0.09611562349944157,0.0,False,0.027965446339922807,0.00551399998131654,screening,False,P07_matched_fixed_budget_full_MOABC_s01,73559209,111.5194537001662,1,mechanisms,fixed_budget,0.8257386272452374,full,0.09611562349944157
0.02274727823639639,MOABC,matched,0.05,614002540,24000,P07,independent,0.021484375,6,6.177709638961286,0.05358507312834061,6.2094811576848805,0.03750164109197718,35.75,0.1344673191869515,held_out_replay_of_fixed_executed_schedule,7,116282.90021666253,2.050844800999339,-59582.90021666253,512,0.17039138831947484,3116405557,11.393575669151108,0.17039138831947484,3.549247616674842e-17,False,0.0381157716754838,0.01077255408609197,screening,False,P07_matched_fixed_budget_full_MOABC_s02,3841655140,120.00911429990083,2,mechanisms,fixed_budget,0.9941658283877106,full,0.17039138831947484
0.0,MOABC,matched,0.05,2430633507,24000,P07,independent,0.021484375,6,1.2881248587543555,0.025364819307677568,1.2960452384649521,0.040982462035423196,35.75,0.0,held_out_replay_of_fixed_executed_schedule,7,81235.58097810317,1.4327262959101088,-24535.58097810317,512,0.12565445370920397,3038002277,2.9757562950169767,0.12565445370920397,0.0,False,0.0381157716754838,0.01077255408609197,screening,False,P07_matched_fixed_budget_full_MOABC_s03,1893691924,117.63513439986855,3,mechanisms,fixed_budget,0.9397824717048322,full,0.12565445370920397
0.038427292198890135,MOABC,matched,0.05,201151069,24000,P07,independent,0.0234375,6,2.019124778845272,0.03806143188838986,2.0194744765599535,0.03969797387383424,35.75,0.0,held_out_replay_of_fixed_executed_schedule,7,83332.66861014844,1.469711968432953,-26632.668610148437,512,0.163017138801688,1315534469,9.457252364182075,0.163017138801688,1.9350951101551666e-17,False,0.040582439140948286,0.012167790534685311,screening,False,P07_matched_fixed_budget_full_MOABC_s04,4070604578,115.51839640038088,4,mechanisms,fixed_budget,1.0037630299751759,full,0.163017138801688
0.0,MOABC,matched,0.05,2466679176,24000,P07,independent,0.021484375,6,3.5529768273034934,0.06843305644565276,3.5529768273034934,0.027701067576561576,35.75,0.0,held_out_replay_of_fixed_executed_schedule,7,96822.58580278246,1.707629379237786,-40122.58580278246,512,0.09391985609040363,2968862490,8.020746732101424,0.09391985609040363,0.0,False,0.0381157716754838,0.01077255408609197,screening,False,P07_matched_full_method_full_MOABC_s00,1560937006,116.71052080020308,0,mechanisms,full_method,0.9307237326406212,full,0.09391985609040363
0.0,MOABC,matched,0.05,4221701189,24000,P07,independent,0.029296875,6,2.5729378145635042,0.03429115733603068,2.6702831380758374,0.038117195533040084,35.75,0.0,held_out_replay_of_fixed_executed_schedule,7,87195.9657243912,1.5378477200068994,-30495.965724391193,512,0.07437478575924099,3366796275,-0.5644203681576787,0.07437478575924099,0.0,False,0.04786087313588519,0.01648801460911842,screening,False,P07_matched_full_method_full_MOABC_s01,73559209,117.88177089998499,1,mechanisms,full_method,1.0325993271879603,full,0.07437478575924099
0.01735099793533236,MOABC,matched,0.05,614002540,24000,P07,independent,0.033203125,6,5.376940735059032,0.07293213781624137,5.831660613599942,0.04482855695026071,35.75,0.2558952011826137,held_out_replay_of_fixed_executed_schedule,7,128729.2581212179,2.2703572860884993,-72029.2581212179,512,0.12655605208127574,3116405557,1.9095735690158242,0.2558952011826137,0.0,False,0.052630293172314914,0.01945868698795646,screening,False,P07_matched_full_method_full_MOABC_s02,3841655140,119.81247549969703,2,mechanisms,full_method,1.1240361038954667,full,0.12655605208127574
0.0,MOABC,matched,0.05,2430633507,24000,P07,independent,0.02734375,6,2.026550955768512,0.03568321332527538,2.8718903811597216,0.048429661697447064,35.75,0.0,held_out_replay_of_fixed_executed_schedule,7,81818.85265912942,1.4430132744114537,-25118.85265912942,512,0.07143330438816309,3038002277,2.279121974873934,0.07143330438816309,0.0,False,0.04545291098745593,0.015027969215664629,screening,False,P07_matched_full_method_full_MOABC_s03,1893691924,118.48643890023232,3,mechanisms,full_method,1.001219571464142,full,0.07143330438816309
1.8690807681317883e-17,MOABC,matched,0.05000000000000001,201151069,24000,P07,independent,0.0390625,6,2.6092901070956596,0.06147391876384384,2.684038861495068,0.04232838826506738,35.75,0.0,held_out_replay_of_fixed_executed_schedule,7,87805.94782178284,1.5486057816892917,-31105.947821782844,512,0.10558792557240686,1315534469,4.596937705853228,0.10558792557240686,1.8690807681317883e-17,False,0.05968598191731192,0.024020809593503667,screening,False,P07_matched_full_method_full_MOABC_s04,4070604578,117.54135560011491,4,mechanisms,full_method,1.1689289802364171,full,0.10558792557240686
0.01831140254267414,MOABC,matched,0.0,2466679176,24000,P07,independent,0.021484375,6,2.8608141265841756,0.07904223124054982,2.8608141265841756,0.03561731994883367,35.75,0.0,held_out_replay_of_fixed_executed_schedule,7,97703.61906142614,1.723167884681237,-41003.61906142614,512,0.1639731603881593,2968862490,7.183785184727622,0.1639731603881593,0.0,True,0.0381157716754838,0.01077255408609197,screening,False,P07_matched_no_budget_full_MOABC_s00,1560937006,115.67252900032327,0,mechanisms,no_budget,1.0089735210639095,full,0.1639731603881593
0.0,MOABC,matched,0.0,4221701189,24000,P07,independent,0.01171875,6,1.0440706144056988,0.018399057262671943,1.0440706144056988,0.03440134260048963,35.75,0.0,held_out_replay_of_fixed_executed_schedule,7,80078.94188865236,1.4123270174365496,-23378.941888652364,512,0.11523858712003382,3366796275,7.6437503980183825,0.11523858712003382,0.0,True,0.025331281179926377,0.004312383422342904,screening,False,P07_matched_no_budget_full_MOABC_s01,73559209,111.58967089978978,1,mechanisms,no_budget,0.7721206831542016,full,0.11523858712003382
0.0,MOABC,matched,0.0,614002540,24000,P07,independent,0.033203125,6,2.8506242500574706,0.06259436771484515,2.93413001294267,0.03067745188526114,35.75,0.14138610224384424,held_out_replay_of_fixed_executed_schedule,7,116992.07547999403,2.063352301234463,-60292.07547999403,512,0.07864981447416812,3116405557,10.853191105379379,0.14138610224384424,0.0,True,0.052630293172314914,0.01945868698795646,screening,False,P07_matched_no_budget_full_MOABC_s02,3841655140,107.52616070024669,2,mechanisms,no_budget,1.0628314266269834,full,0.07864981447416812
0.025891028605437114,MOABC,matched,0.0,2430633507,24000,P07,independent,0.009765625,6,0.8638964863924181,0.005838488809374335,0.8638964863924181,0.030987695458853777,35.75,0.0,held_out_replay_of_fixed_executed_schedule,7,74100.60498809995,1.306888976862433,-17400.60498809995,512,0.1730041556355271,3038002277,11.497461204961223,0.1730041556355271,0.0,True,0.02264162068722703,0.003178260799806263,screening,False,P07_matched_no_budget_full_MOABC_s03,1893691924,109.46882569976151,3,mechanisms,no_budget,0.7667440913936686,full,0.1730041556355271
0.0,MOABC,matched,0.0,201151069,24000,P07,independent,0.02734375,6,2.2993557171204215,0.04362156193895296,3.029908942177892,0.0411676384829672,35.75,0.0,held_out_replay_of_fixed_executed_schedule,7,85100.31060921897,1.5008873123319042,-28400.31060921897,512,0.12195648100319945,1315534469,7.536671083135412,0.12195648100319945,0.0,True,0.04545291098745593,0.015027969215664629,screening,False,P07_matched_no_budget_full_MOABC_s04,4070604578,96.65746860019863,4,mechanisms,no_budget,1.0535911645038394,full,0.12195648100319945
0.0,MOABC,normal,0.05,2466679176,24000,P07,independent,0.0,6,0.02914779527070191,0.0,0.03964535345437872,0.024193297812248275,1.0,0.0,held_out_replay_of_fixed_executed_schedule,7,10837.29781426369,0.19113400025156418,45862.702185736314,512,0.0,2968862490,49.69029849657302,0.0,0.0,True,0.007178950026259454,0.0,screening,False,P07_normal_dynamic_budget_full_MOABC_s00,1560937006,114.06293929973617,0,mechanisms,dynamic_budget,0.19113400025156416,full,0.0
0.0,MOABC,normal,0.05,4221701189,24000,P07,independent,0.0,6,0.0,0.0,0.5609980318117238,0.03561961690902648,1.0,0.0,held_out_replay_of_fixed_executed_schedule,7,16296.698181698956,0.28741972101761826,40403.30181830104,512,0.0,3366796275,18.90533554956502,0.0,0.0,True,0.007178950026259454,0.0,screening,False,P07_normal_dynamic_budget_full_MOABC_s01,73559209,99.02748510008678,1,mechanisms,dynamic_budget,0.28741972101761826,full,0.0
0.0,MOABC,normal,0.05,614002540,24000,P07,independent,0.0,6,0.0,0.0,0.03370563631134722,0.0368124120629631,1.0,0.0,held_out_replay_of_fixed_executed_schedule,7,15874.395902244143,0.27997170903428825,40825.60409775586,512,0.0001865755689964472,3116405557,26.515626867798364,0.0001865755689964472,0.0,True,0.007178950026259454,0.0,screening,False,P07_normal_dynamic_budget_full_MOABC_s02,3841655140,93.52993389964104,2,mechanisms,dynamic_budget,0.27997170903428825,full,0.0001865755689964472
0.0,MOABC,normal,0.05,2430633507,24000,P07,independent,0.0,6,0.0020378740189900824,0.0,0.1550277558198175,0.02900000799655146,1.0,0.0,held_out_replay_of_fixed_executed_schedule,7,12867.334167595212,0.2269371105395981,43832.66583240479,512,0.0,3038002277,32.86255344415941,0.0,0.0,True,0.007178950026259454,0.0,screening,False,P07_normal_dynamic_budget_full_MOABC_s03,1893691924,102.79536400036886,3,mechanisms,dynamic_budget,0.2269371105395981,full,0.0
1.774623808337421e-17,MOABC,normal,0.049999999999999996,201151069,24000,P07,independent,0.0,6,0.01816999526689267,0.0,0.3196259193707995,0.03476729712472149,1.0,0.0,held_out_replay_of_fixed_executed_schedule,7,16862.29661902163,0.2973950020991469,39837.703380978375,512,1.774623808337421e-17,1315534469,17.69488850004205,1.774623808337421e-17,1.774623808337421e-17,True,0.007178950026259454,0.0,screening,False,P07_normal_dynamic_budget_full_MOABC_s04,4070604578,98.21904239989817,4,mechanisms,dynamic_budget,0.2973950020991468,full,0.0
0.0,MOABC,normal,0.05,2466679176,24000,P07,independent,0.0,6,0.02914779527070191,0.0,0.03964535345437872,0.024193297812248275,1.0,0.0,held_out_replay_of_fixed_executed_schedule,7,10837.29781426369,0.19113400025156418,45862.702185736314,512,0.0,2968862490,49.69029849657302,0.0,0.0,True,0.007178950026259454,0.0,screening,False,P07_normal_fixed_budget_full_MOABC_s00,1560937006,111.28120409976691,0,mechanisms,fixed_budget,0.19113400025156416,full,0.0
0.0,MOABC,normal,0.05,4221701189,24000,P07,independent,0.0,6,0.0,0.0,0.5609980318117238,0.03561961690902648,1.0,0.0,held_out_replay_of_fixed_executed_schedule,7,16296.698181698956,0.28741972101761826,40403.30181830104,512,0.0,3366796275,18.90533554956502,0.0,0.0,True,0.007178950026259454,0.0,screening,False,P07_normal_fixed_budget_full_MOABC_s01,73559209,99.99211809970438,1,mechanisms,fixed_budget,0.28741972101761826,full,0.0
0.0,MOABC,normal,0.05,614002540,24000,P07,independent,0.0,6,0.0,0.0,0.03370563631134722,0.0368124120629631,1.0,0.0,held_out_replay_of_fixed_executed_schedule,7,15874.395902244143,0.27997170903428825,40825.60409775586,512,0.0001865755689964472,3116405557,26.515626867798364,0.0001865755689964472,0.0,True,0.007178950026259454,0.0,screening,False,P07_normal_fixed_budget_full_MOABC_s02,3841655140,92.70661489991471,2,mechanisms,fixed_budget,0.27997170903428825,full,0.0001865755689964472
0.0,MOABC,normal,0.05,2430633507,24000,P07,independent,0.0,6,0.0020378740189900824,0.0,0.1550277558198175,0.02900000799655146,1.0,0.0,held_out_replay_of_fixed_executed_schedule,7,12867.334167595212,0.2269371105395981,43832.66583240479,512,0.0,3038002277,32.86255344415941,0.0,0.0,True,0.007178950026259454,0.0,screening,False,P07_normal_fixed_budget_full_MOABC_s03,1893691924,103.39791260007769,3,mechanisms,fixed_budget,0.2269371105395981,full,0.0
1.774623808337421e-17,MOABC,normal,0.05,201151069,24000,P07,independent,0.0,6,0.01816999526689267,0.0,0.3196259193707995,0.03476729712472149,1.0,0.0,held_out_replay_of_fixed_executed_schedule,7,16862.29661902163,0.2973950020991469,39837.703380978375,512,1.774623808337421e-17,1315534469,17.69488850004205,1.774623808337421e-17,1.774623808337421e-17,True,0.007178950026259454,0.0,screening,False,P07_normal_fixed_budget_full_MOABC_s04,4070604578,99.13215880002826,4,mechanisms,fixed_budget,0.2973950020991468,full,0.0
0.0,MOABC,normal,0.05,2466679176,24000,P07,independent,0.0,6,0.0028708769980463206,0.0,0.028097644455863435,0.022429928617333443,1.0,0.0,held_out_replay_of_fixed_executed_schedule,7,9485.151743477392,0.16728662686908982,47214.84825652261,512,0.0,2968862490,55.96733049995274,0.0,0.0,True,0.007178950026259454,0.0,screening,False,P07_normal_full_method_full_MOABC_s00,1560937006,112.70330200018361,0,mechanisms,full_method,0.16728662686908982,full,0.0
0.0,MOABC,normal,0.05,4221701189,24000,P07,independent,0.0,6,0.029088826757982994,0.0,0.05161430941029761,0.02743261697127585,1.0,0.0,held_out_replay_of_fixed_executed_schedule,7,15690.114830945164,0.2767216019567048,41009.88516905483,512,0.0,3366796275,21.92377969954872,0.0,0.0,True,0.007178950026259454,0.0,screening,False,P07_normal_full_method_full_MOABC_s01,73559209,109.32696400023997,1,mechanisms,full_method,0.2767216019567048,full,0.0
0.0,MOABC,normal,0.05,614002540,24000,P07,independent,0.0,6,0.0005821670881557411,0.0,0.0053369403349963485,0.024803089632003516,1.0,0.0,held_out_replay_of_fixed_executed_schedule,7,9679.949689926412,0.17072221675355223,47020.05031007359,512,0.0,3116405557,55.19041862784001,0.0,0.0,True,0.007178950026259454,0.0,screening,False,P07_normal_full_method_full_MOABC_s02,3841655140,110.33769420022145,2,mechanisms,full_method,0.17072221675355223,full,0.0
0.0,MOABC,normal,0.05,2430633507,24000,P07,independent,0.0,6,0.0496818468818411,0.0,0.06958755862503246,0.02156548192686413,1.0,0.0,held_out_replay_of_fixed_executed_schedule,7,5000.0,0.08818342151675485,51700.0,512,0.0,3038002277,73.91167211429158,0.0,0.0,True,0.007178950026259454,0.0,screening,False,P07_normal_full_method_full_MOABC_s03,1893691924,107.98920879978687,3,mechanisms,full_method,0.08818342151675483,full,0.0
0.0,MOABC,normal,0.049999999999999996,201151069,24000,P07,independent,0.0,6,0.0676730285112178,0.0,0.0676730285112178,0.02068620305803007,1.0,0.0,held_out_replay_of_fixed_executed_schedule,7,10186.299169010228,0.17965254266331973,46513.70083098977,512,0.0,1315534469,50.28052774664333,0.0,0.0,True,0.007178950026259454,0.0,screening,False,P07_normal_full_method_full_MOABC_s04,4070604578,115.36541399965063,4,mechanisms,full_method,0.17965254266331973,full,0.0
0.0,MOABC,normal,0.0,2466679176,24000,P07,independent,0.0,6,0.02914779527070191,0.0,0.03964535345437872,0.024193297812248275,1.0,0.0,held_out_replay_of_fixed_executed_schedule,7,10837.29781426369,0.19113400025156418,45862.702185736314,512,0.0,2968862490,49.69029849657302,0.0,0.0,True,0.007178950026259454,0.0,screening,False,P07_normal_no_budget_full_MOABC_s00,1560937006,115.69867169996724,0,mechanisms,no_budget,0.19113400025156416,full,0.0
0.0,MOABC,normal,0.0,4221701189,24000,P07,independent,0.0,6,0.0,0.0,0.5609980318117238,0.03561961690902648,1.0,0.0,held_out_replay_of_fixed_executed_schedule,7,16296.698181698956,0.28741972101761826,40403.30181830104,512,0.0,3366796275,18.90533554956502,0.0,0.0,True,0.007178950026259454,0.0,screening,False,P07_normal_no_budget_full_MOABC_s01,73559209,101.69083470012993,1,mechanisms,no_budget,0.28741972101761826,full,0.0
0.0,MOABC,normal,0.0,614002540,24000,P07,independent,0.0,6,0.0,0.0,0.03370563631134722,0.0368124120629631,1.0,0.0,held_out_replay_of_fixed_executed_schedule,7,15874.395902244143,0.27997170903428825,40825.60409775586,512,0.0001865755689964472,3116405557,26.515626867798364,0.0001865755689964472,0.0,True,0.007178950026259454,0.0,screening,False,P07_normal_no_budget_full_MOABC_s02,3841655140,95.81335159996524,2,mechanisms,no_budget,0.27997170903428825,full,0.0001865755689964472
0.0,MOABC,normal,0.0,2430633507,24000,P07,independent,0.0,6,0.0020378740189900824,0.0,0.1550277558198175,0.02900000799655146,1.0,0.0,held_out_replay_of_fixed_executed_schedule,7,12867.334167595212,0.2269371105395981,43832.66583240479,512,0.0,3038002277,32.86255344415941,0.0,0.0,True,0.007178950026259454,0.0,screening,False,P07_normal_no_budget_full_MOABC_s03,1893691924,102.62884340016171,3,mechanisms,no_budget,0.2269371105395981,full,0.0
1.774623808337421e-17,MOABC,normal,0.0,201151069,24000,P07,independent,0.0,6,0.01816999526689267,0.0,0.3196259193707995,0.03476729712472149,1.0,0.0,held_out_replay_of_fixed_executed_schedule,7,16862.29661902163,0.2973950020991469,39837.703380978375,512,1.774623808337421e-17,1315534469,17.69488850004205,1.774623808337421e-17,1.774623808337421e-17,True,0.007178950026259454,0.0,screening,False,P07_normal_no_budget_full_MOABC_s04,4070604578,97.4493769002147,4,mechanisms,no_budget,0.2973950020991468,full,0.0
0.02013816313831955,MOABC,matched,0.05000000000000001,2344664749,28000,P08,independent,0.03515625,7,2.5115491159351224,0.04415058336147524,2.9313121807821405,0.031580056156791714,5.5,0.0,held_out_replay_of_fixed_executed_schedule,7,94377.81212033052,1.6645116776072402,-37677.81212033052,512,0.19978037717767638,705281182,0.24396009657291204,0.19978037717767638,0.0,False,0.054994288604838265,0.020966408701819806,screening,False,P08_matched_dynamic_budget_full_MOABC_s00,4080258386,136.28390109958127,0,mechanisms,dynamic_budget,1.1329531258868824,full,0.19978037717767638
0.040301227324065846,MOABC,matched,0.05000000000000001,288597407,28000,P08,independent,0.01953125,7,0.7563265538893149,0.01185681378415426,1.226619255683587,0.04045932764670732,5.5,0.0,held_out_replay_of_fixed_executed_schedule,7,76853.14793115592,1.3554347077805278,-20153.147931155923,512,0.19860105513478066,1828700277,0.4226212618545575,0.19860105513478066,0.0,False,0.035624636181676994,0.009404755122447006,screening,False,P08_matched_dynamic_budget_full_MOABC_s01,152908009,135.6948698000051,1,mechanisms,dynamic_budget,0.8849869267569538,full,0.19860105513478066
0.025569098683251953,MOABC,matched,0.05,1765244452,28000,P08,independent,0.029296875,7,3.255800800172341,0.045811005275597554,3.4991473551004146,0.03519534699198457,5.5,0.007105234311139722,held_out_replay_of_fixed_executed_schedule,7,103228.28651689182,1.8206047004742825,-46528.28651689182,512,0.1615140893631005,1818474792,-7.058475262307675,0.1615140893631005,0.0,False,0.04786087313588519,0.01648801460911842,screening,False,P08_matched_dynamic_budget_full_MOABC_s02,4052824183,147.33918539993465,2,mechanisms,dynamic_budget,1.1144138722194263,full,0.1615140893631005
0.008472460802079949,MOABC,matched,0.04999999999999999,2073890659,28000,P08,independent,0.025390625,7,3.2806647840021865,0.04589170030000101,3.967803726491855,0.03505808958569653,5.5,0.0,held_out_replay_of_fixed_executed_schedule,7,89641.12433938027,1.5809722105710806,-32941.12433938027,512,0.12981287326221308,1657251023,-0.1774791264868921,0.12981287326221308,0.0,False,0.04302739655157614,0.013587156828088611,screening,False,P08_matched_dynamic_budget_full_MOABC_s03,3153601751,134.6862929998897,3,mechanisms,dynamic_budget,1.1322872734010347,full,0.12981287326221308
0.046919752103687554,MOABC,matched,0.05,2507862543,28000,P08,independent,0.03515625,7,3.181350143090504,0.03245038613457992,6.447167794207135,0.03912903040602098,5.5,0.0,held_out_replay_of_fixed_executed_schedule,7,84802.26990660763,1.4956308625503991,-28102.26990660763,512,0.20139477010104,3813850753,-8.619373242761942,0.20139477010104,0.0,False,0.054994288604838265,0.020966408701819806,screening,False,P08_matched_dynamic_budget_full_MOABC_s04,1196578429,141.9778153002262,4,mechanisms,dynamic_budget,1.1090930387775282,full,0.20139477010104
0.044528407040758576,MOABC,matched,0.05,2344664749,28000,P08,independent,0.033203125,7,2.4320011695656683,0.0382159383461681,2.5236171544940613,0.026433836099095814,5.5,0.0,held_out_replay_of_fixed_executed_schedule,7,92970.49163488453,1.6396912104917907,-36270.49163488453,512,0.18375544858732593,705281182,1.7314783527078055,0.18375544858732593,0.0,False,0.052630293172314914,0.01945868698795646,screening,False,P08_matched_fixed_budget_full_MOABC_s00,4080258386,142.72376930015162,0,mechanisms,fixed_budget,1.091127886508527,full,0.18375544858732593
0.020639066768663356,MOABC,matched,0.05,288597407,28000,P08,independent,0.025390625,7,1.5761241639395434,0.01867152312591233,2.3654782463636828,0.027595963891367876,5.5,0.0,held_out_replay_of_fixed_executed_schedule,7,83512.38109826078,1.4728815008511602,-26812.381098260783,512,0.14012574557847668,1828700277,-8.205639271863918,0.14012574557847668,0.0,False,0.04302739655157614,0.013587156828088611,screening,False,P08_matched_fixed_budget_full_MOABC_s01,152908009,135.74636469967663,1,mechanisms,fixed_budget,0.9131892909029464,full,0.14012574557847668
0.03114510228893093,MOABC,matched,0.05,1765244452,28000,P08,independent,0.02734375,7,2.352059273709426,0.03360765003338171,2.838546366785674,0.04261743730194194,5.5,0.0,held_out_replay_of_fixed_executed_schedule,7,94603.38029545054,1.6684899523007148,-37903.38029545054,512,0.11547395420309185,1818474792,1.8864500145136083,0.11547395420309185,1.8217949677962628e-17,False,0.04545291098745593,0.015027969215664629,screening,False,P08_matched_fixed_budget_full_MOABC_s02,4052824183,140.2961268001236,2,mechanisms,fixed_budget,0.9710546604645344,full,0.11547395420309185
0.0139287901535895,MOABC,matched,0.05,2073890659,28000,P08,independent,0.025390625,7,2.7238338483144138,0.04450423525133601,2.997284193806503,0.027930165847339358,5.5,0.0,held_out_replay_of_fixed_executed_schedule,7,89495.20158502954,1.5783986170199213,-32795.20158502954,512,0.1543036263662034,1657251023,-0.014404714092136294,0.1543036263662034,0.0,False,0.04302739655157614,0.013587156828088611,screening,False,P08_matched_fixed_budget_full_MOABC_s03,3153601751,137.99912880035117,3,mechanisms,fixed_budget,1.1049458055530281,full,0.1543036263662034
0.057759995353205244,MOABC,matched,0.05,2507862543,28000,P08,independent,0.017578125,7,1.6359640732758027,0.024987099580321765,1.8268395450601207,0.04120809651476236,5.5,0.0,held_out_replay_of_fixed_executed_schedule,7,85072.08638845246,1.5003895306605373,-28372.08638845246,512,0.20235873422531145,3813850753,-8.964968911142378,0.20235873422531145,0.0,False,0.033105620119942024,0.008068548953610121,screening,False,P08_matched_fixed_budget_full_MOABC_s04,1196578429,141.9493340002373,4,mechanisms,fixed_budget,0.9802584221091123,full,0.20235873422531145
0.029077953249073044,MOABC,matched,0.049999999999999996,2344664749,28000,P08,independent,0.044921875,7,3.146548063312482,0.050660127395414,3.5299976008476275,0.03214594580244507,5.5,0.0,held_out_replay_of_fixed_executed_schedule,7,92414.15881134634,1.6298793441154558,-35714.15881134634,512,0.2093662553758704,705281182,2.3195144397671608,0.2093662553758704,0.0,False,0.06664470087314162,0.02868645340600739,screening,False,P08_matched_full_method_full_MOABC_s00,4080258386,136.6414709999226,0,mechanisms,full_method,1.1534391169758602,full,0.2093662553758704
0.0335393010606119,MOABC,matched,0.05,288597407,28000,P08,independent,0.013671875,7,0.7014983943607985,0.007572985778482684,4.962676718007586,0.04049719182700889,5.5,0.0,held_out_replay_of_fixed_executed_schedule,7,74245.32602021459,1.309441376017894,-17545.32602021459,512,0.1978672418971448,1828700277,3.8015338646285834,0.1978672418971448,0.0,False,0.027965446339922807,0.00551399998131654,screening,False,P08_matched_full_method_full_MOABC_s01,152908009,135.77739340020344,1,mechanisms,full_method,0.8203010026072467,full,0.1978672418971448
0.0074554104709077095,MOABC,matched,0.049999999999999996,1765244452,28000,P08,independent,0.01953125,7,2.596194044967869,0.03552973700474311,2.9005468896653923,0.01928038406948897,5.5,0.0,held_out_replay_of_fixed_executed_schedule,7,93478.16243940813,1.6486448402012015,-36778.16243940813,512,0.14622188569678202,1818474792,3.0534180236756194,0.14622188569678202,0.0,False,0.035624636181676994,0.009404755122447006,screening,False,P08_matched_full_method_full_MOABC_s02,4052824183,134.9430148000829,2,mechanisms,full_method,0.993746097151211,full,0.14622188569678202
0.06778291766048564,MOABC,matched,0.049999999999999996,2073890659,28000,P08,independent,0.01953125,7,2.0168506911662796,0.03746497808817015,2.133343684222874,0.02685040080166439,5.5,0.0,held_out_replay_of_fixed_executed_schedule,7,87176.8947952359,1.537511372050016,-30476.8947952359,512,0.19990678668384868,1657251023,2.576394227296409,0.19990678668384868,0.0,False,0.035624636181676994,0.009404755122447006,screening,False,P08_matched_full_method_full_MOABC_s03,3153601751,143.4767351001501,3,mechanisms,full_method,0.9890047995111759,full,0.19990678668384868
0.040027015185975096,MOABC,matched,0.05,2507862543,28000,P08,independent,0.015625,7,1.0193050767927674,0.01894666315922762,1.5714255764564635,0.04662334652774627,5.5,0.0,held_out_replay_of_fixed_executed_schedule,7,77100.24605920468,1.3597926994568728,-20400.246059204685,512,0.19697512446531185,3813850753,1.2457990448082596,0.19697512446531185,0.0,False,0.030554414950524595,0.006769276942972373,screening,False,P08_matched_full_method_full_MOABC_s04,1196578429,138.55751710012555,4,mechanisms,full_method,0.8770565479890052,full,0.19697512446531185
0.02337553964486124,MOABC,matched,0.0,2344664749,28000,P08,independent,0.025390625,7,1.5611071367959264,0.02925392567005798,1.6602646435685404,0.018097247278870056,5.5,0.0,held_out_replay_of_fixed_executed_schedule,7,91459.90239077763,1.6130494248814395,-34759.90239077763,512,0.24342395701755218,705281182,3.3281502560645757,0.24342395701755218,0.0,True,0.04302739655157614,0.013587156828088611,screening,False,P08_matched_no_budget_full_MOABC_s00,4080258386,128.0133271003142,0,mechanisms,no_budget,0.9537068752092983,full,0.24342395701755218
0.05316641452025665,MOABC,matched,0.0,288597407,28000,P08,independent,0.021484375,7,1.0749236255362677,0.011061475974155015,1.2940775702274872,0.02096719236468513,5.5,0.0,held_out_replay_of_fixed_executed_schedule,7,81858.94257584031,1.4437203276162311,-25158.94257584031,512,0.19076016554781086,1828700277,-6.063305764396012,0.19076016554781086,0.0,True,0.0381157716754838,0.01077255408609197,screening,False,P08_matched_no_budget_full_MOABC_s01,152908009,128.7597179999575,1,mechanisms,no_budget,0.8741360047469439,full,0.19076016554781086
0.03303216438209673,MOABC,matched,0.0,1765244452,28000,P08,independent,0.01953125,7,1.5297117891050909,0.0297688665225993,1.7126891419537986,0.03195894793370026,5.5,0.0,held_out_replay_of_fixed_executed_schedule,7,94736.10746970572,1.6708308195715293,-38036.10746970572,512,0.19346212357199075,1818474792,1.7487981229527696,0.19346212357199075,0.0,True,0.035624636181676994,0.009404755122447006,screening,False,P08_matched_no_budget_full_MOABC_s02,4052824183,123.50483670039102,2,mechanisms,no_budget,0.9095962884280805,full,0.19346212357199075
0.0027138008220596688,MOABC,matched,0.0,2073890659,28000,P08,independent,0.021484375,7,1.9843346187371007,0.03344761869140946,2.034669137747725,0.025690856337823725,5.5,0.0,held_out_replay_of_fixed_executed_schedule,7,87504.48394212284,1.5432889584148648,-30804.48394212284,512,0.14795541806330328,1657251023,2.2103004821969514,0.14795541806330328,0.0,True,0.0381157716754838,0.01077255408609197,screening,False,P08_matched_no_budget_full_MOABC_s03,3153601751,127.5109651000239,3,mechanisms,no_budget,0.9403789043646329,full,0.14795541806330328
0.029458048128007158,MOABC,matched,0.0,2507862543,28000,P08,independent,0.01953125,7,1.2994658947355164,0.022075379303989277,1.4956549370223997,0.021444627744644524,5.5,0.0,held_out_replay_of_fixed_executed_schedule,7,78999.43793594322,1.3932881470183989,-22299.43793594322,512,0.1731954165089993,3813850753,-1.186789511444654,0.1731954165089993,3.549247616674842e-17,True,0.035624636181676994,0.009404755122447006,screening,False,P08_matched_no_budget_full_MOABC_s04,1196578429,122.3551850002259,4,mechanisms,no_budget,0.9153394783149528,full,0.1731954165089993
0.0,MOABC,normal,0.05000000000000001,2344664749,28000,P08,independent,0.0,7,0.0,0.0,0.030362603828564413,0.029017424374457697,1.0,0.0,held_out_replay_of_fixed_executed_schedule,7,6299.902975429099,0.11110939991938446,50400.0970245709,512,0.0,705281182,50.14536773806978,0.0,0.0,True,0.007178950026259454,0.0,screening,False,P08_normal_dynamic_budget_full_MOABC_s00,4080258386,122.82919079996645,0,mechanisms,dynamic_budget,0.11110939991938446,full,0.0
0.0,MOABC,normal,0.05000000000000001,288597407,28000,P08,independent,0.0,7,0.0,0.0,0.2967198092570444,0.024649064634384186,1.0,0.0,held_out_replay_of_fixed_executed_schedule,7,12208.256110531178,0.21531315891589378,44491.743889468824,512,0.03743571570372182,1828700277,1.655698000016346,0.03743571570372182,0.0,True,0.007178950026259454,0.0,screening,False,P08_normal_dynamic_budget_full_MOABC_s01,152908009,117.484151000157,1,mechanisms,dynamic_budget,0.21531315891589378,full,0.03743571570372182
0.0,MOABC,normal,0.05,1765244452,28000,P08,independent,0.0,7,0.0,0.0,0.2433441109664312,0.02389139658706772,1.0,0.0,held_out_replay_of_fixed_executed_schedule,7,12598.392826924899,0.22219387701807583,44101.6071730751,512,0.03767532104578944,1818474792,-2.631079887904084,0.03767532104578944,0.0,True,0.007178950026259454,0.0,screening,False,P08_normal_dynamic_budget_full_MOABC_s02,4052824183,115.35511740017682,2,mechanisms,dynamic_budget,0.22219387701807586,full,0.03767532104578944
0.0,MOABC,normal,0.049999999999999996,2073890659,28000,P08,independent,0.0,7,0.0,0.0,0.345417171884389,0.024590344863982885,1.0,0.0,held_out_replay_of_fixed_executed_schedule,7,15000.0,0.26455026455026454,41700.0,512,0.0467991372637409,1657251023,-22.357895941811577,0.0467991372637409,0.0,True,0.007178950026259454,0.0,screening,False,P08_normal_dynamic_budget_full_MOABC_s03,3153601751,116.62701540021226,3,mechanisms,dynamic_budget,0.26455026455026454,full,0.0467991372637409
0.0,MOABC,normal,0.05000000000000001,2507862543,28000,P08,independent,0.0,7,0.0,0.0,0.03687677623368997,0.024310601366040654,1.0,0.0,held_out_replay_of_fixed_executed_schedule,7,10308.96494432162,0.18181596021731253,46391.03505567838,512,0.0,3813850753,15.544275932419238,0.0,0.0,True,0.007178950026259454,0.0,screening,False,P08_normal_dynamic_budget_full_MOABC_s04,1196578429,124.50198470009491,4,mechanisms,dynamic_budget,0.1818159602173125,full,0.0
0.0,MOABC,normal,0.05,2344664749,28000,P08,independent,0.0,7,0.0,0.0,0.030362603828564413,0.029017424374457697,1.0,0.0,held_out_replay_of_fixed_executed_schedule,7,6299.902975429099,0.11110939991938446,50400.0970245709,512,0.0,705281182,50.14536773806978,0.0,0.0,True,0.007178950026259454,0.0,screening,False,P08_normal_fixed_budget_full_MOABC_s00,4080258386,122.55107279960066,0,mechanisms,fixed_budget,0.11110939991938446,full,0.0
0.0,MOABC,normal,0.05,288597407,28000,P08,independent,0.0,7,0.0,0.0,0.2967198092570444,0.024649064634384186,1.0,0.0,held_out_replay_of_fixed_executed_schedule,7,12208.256110531178,0.21531315891589378,44491.743889468824,512,0.03743571570372182,1828700277,1.655698000016346,0.03743571570372182,0.0,True,0.007178950026259454,0.0,screening,False,P08_normal_fixed_budget_full_MOABC_s01,152908009,115.57037300011143,1,mechanisms,fixed_budget,0.21531315891589378,full,0.03743571570372182
0.0,MOABC,normal,0.05,1765244452,28000,P08,independent,0.0,7,0.0,0.0,0.2433441109664312,0.02389139658706772,1.0,0.0,held_out_replay_of_fixed_executed_schedule,7,12598.392826924899,0.22219387701807583,44101.6071730751,512,0.03767532104578944,1818474792,-2.631079887904084,0.03767532104578944,0.0,True,0.007178950026259454,0.0,screening,False,P08_normal_fixed_budget_full_MOABC_s02,4052824183,118.27236260008067,2,mechanisms,fixed_budget,0.22219387701807586,full,0.03767532104578944
0.0,MOABC,normal,0.05,2073890659,28000,P08,independent,0.0,7,0.0,0.0,0.345417171884389,0.024590344863982885,1.0,0.0,held_out_replay_of_fixed_executed_schedule,7,15000.0,0.26455026455026454,41700.0,512,0.0467991372637409,1657251023,-22.357895941811577,0.0467991372637409,0.0,True,0.007178950026259454,0.0,screening,False,P08_normal_fixed_budget_full_MOABC_s03,3153601751,117.42722660023719,3,mechanisms,fixed_budget,0.26455026455026454,full,0.0467991372637409
0.0,MOABC,normal,0.05,2507862543,28000,P08,independent,0.0,7,0.0,0.0,0.03687677623368997,0.024310601366040654,1.0,0.0,held_out_replay_of_fixed_executed_schedule,7,10308.96494432162,0.18181596021731253,46391.03505567838,512,0.0,3813850753,15.544275932419238,0.0,0.0,True,0.007178950026259454,0.0,screening,False,P08_normal_fixed_budget_full_MOABC_s04,1196578429,118.11212769988924,4,mechanisms,fixed_budget,0.1818159602173125,full,0.0
0.0,MOABC,normal,0.05,2344664749,28000,P08,independent,0.0,7,0.0,0.0,0.07298789871047638,0.014917590539834562,1.0,0.0,held_out_replay_of_fixed_executed_schedule,7,5890.88997131078,0.10389576668978448,50809.11002868922,512,0.0,705281182,53.38211487373138,0.0,0.0,True,0.007178950026259454,0.0,screening,False,P08_normal_full_method_full_MOABC_s00,4080258386,120.98604129999876,0,mechanisms,full_method,0.10389576668978448,full,0.0
0.0,MOABC,normal,0.05000000000000001,288597407,28000,P08,independent,0.0,7,0.0,0.0,0.034977384079602214,0.020011785506544692,1.0,0.0,held_out_replay_of_fixed_executed_schedule,7,10513.694733404307,0.1854267148748555,46186.30526659569,512,0.0516060569504589,1828700277,15.306333628958951,0.0516060569504589,0.0,True,0.007178950026259454,0.0,screening,False,P08_normal_full_method_full_MOABC_s01,152908009,130.62813280010596,1,mechanisms,full_method,0.18542671487485554,full,0.0516060569504589
0.0,MOABC,normal,0.05000000000000001,1765244452,28000,P08,independent,0.0,7,0.0,0.0,0.011411989404412334,0.02108963535916825,1.0,0.0,held_out_replay_of_fixed_executed_schedule,7,10623.153827931379,0.18735721036916012,46076.84617206862,512,0.024751927701070014,1818474792,13.459933806331478,0.024751927701070014,0.0,True,0.007178950026259454,0.0,screening,False,P08_normal_full_method_full_MOABC_s02,4052824183,132.94518869975582,2,mechanisms,full_method,0.18735721036916014,full,0.024751927701070014
0.0,MOABC,normal,0.05,2073890659,28000,P08,independent,0.0,7,0.0,0.0,0.36714672508123025,0.01564160844993121,1.0,0.0,held_out_replay_of_fixed_executed_schedule,7,9393.23893676394,0.16566558971364975,47306.76106323606,512,0.0,1657251023,23.37753650792433,0.0,0.0,True,0.007178950026259454,0.0,screening,False,P08_normal_full_method_full_MOABC_s03,3153601751,128.02884799987078,3,mechanisms,full_method,0.16566558971364975,full,0.0
0.0,MOABC,normal,0.05,2507862543,28000,P08,independent,0.0,7,0.0,0.0,0.234880757807386,0.01741910707221021,1.0,0.0,held_out_replay_of_fixed_executed_schedule,7,5083.851371527221,0.08966228168478343,51616.14862847278,512,0.0,3813850753,58.35078002949315,0.0,0.0,True,0.007178950026259454,0.0,screening,False,P08_normal_full_method_full_MOABC_s04,1196578429,124.98954309988767,4,mechanisms,full_method,0.08966228168478345,full,0.0
0.0,MOABC,normal,0.0,2344664749,28000,P08,independent,0.0,7,0.0,0.0,0.030362603828564413,0.029017424374457697,1.0,0.0,held_out_replay_of_fixed_executed_schedule,7,6299.902975429099,0.11110939991938446,50400.0970245709,512,0.0,705281182,50.14536773806978,0.0,0.0,True,0.007178950026259454,0.0,screening,False,P08_normal_no_budget_full_MOABC_s00,4080258386,123.25943710003048,0,mechanisms,no_budget,0.11110939991938446,full,0.0
0.0,MOABC,normal,0.0,288597407,28000,P08,independent,0.0,7,0.0,0.0,0.2967198092570444,0.024649064634384186,1.0,0.0,held_out_replay_of_fixed_executed_schedule,7,12208.256110531178,0.21531315891589378,44491.743889468824,512,0.03743571570372182,1828700277,1.655698000016346,0.03743571570372182,0.0,True,0.007178950026259454,0.0,screening,False,P08_normal_no_budget_full_MOABC_s01,152908009,115.4821627996862,1,mechanisms,no_budget,0.21531315891589378,full,0.03743571570372182
0.0,MOABC,normal,0.0,1765244452,28000,P08,independent,0.0,7,0.0,0.0,0.2433441109664312,0.02389139658706772,1.0,0.0,held_out_replay_of_fixed_executed_schedule,7,12598.392826924899,0.22219387701807583,44101.6071730751,512,0.03767532104578944,1818474792,-2.631079887904084,0.03767532104578944,0.0,True,0.007178950026259454,0.0,screening,False,P08_normal_no_budget_full_MOABC_s02,4052824183,120.40326000005007,2,mechanisms,no_budget,0.22219387701807586,full,0.03767532104578944
0.0,MOABC,normal,0.0,2073890659,28000,P08,independent,0.0,7,0.0,0.0,0.345417171884389,0.024590344863982885,1.0,0.0,held_out_replay_of_fixed_executed_schedule,7,15000.0,0.26455026455026454,41700.0,512,0.0467991372637409,1657251023,-22.357895941811577,0.0467991372637409,0.0,True,0.007178950026259454,0.0,screening,False,P08_normal_no_budget_full_MOABC_s03,3153601751,114.29156340006739,3,mechanisms,no_budget,0.26455026455026454,full,0.0467991372637409
0.0,MOABC,normal,0.0,2507862543,28000,P08,independent,0.0,7,0.0,0.0,0.03687677623368997,0.024310601366040654,1.0,0.0,held_out_replay_of_fixed_executed_schedule,7,10308.96494432162,0.18181596021731253,46391.03505567838,512,0.0,3813850753,15.544275932419238,0.0,0.0,True,0.007178950026259454,0.0,screening,False,P08_normal_no_budget_full_MOABC_s04,1196578429,118.19063129974529,4,mechanisms,no_budget,0.1818159602173125,full,0.0
0.1853383009078339,MOABC,matched,0.04999999999999999,2290579265,64000,P01,cluster,0.025390625,16,122.35377480718128,0.011699301398518075,126.56032439459253,0.07717588253467685,2.25,0.9452113271475178,held_out_replay_of_fixed_executed_schedule,7,93158.96706906948,1.6430152922234476,-36458.96706906948,512,0.37385226518374837,2573152596,-45.82399798557175,0.9452113271475178,3.6435899355925256e-17,False,0.04302739655157614,0.013587156828088611,screening,False,P01_matched_dynamic_budget_full_MOABC_s00,3477972202,472.846506500151,0,mechanisms,dynamic_budget,1.0694392604855651,full,0.37385226518374837
0.2407919767865698,MOABC,matched,0.049999999999999996,2660666804,64000,P01,cluster,0.1015625,16,122.15247674815171,0.02646185857142828,149.25619598020268,0.07340046326146561,2.25,0.7147763372851997,held_out_replay_of_fixed_executed_schedule,7,75103.65568303576,1.3245794653092726,-18403.65568303576,512,0.28781070832184813,3773473114,-16.596722358889345,0.7147763372851997,4.230207915222922e-17,False,0.13104891685724124,0.076785280040235,screening,False,P01_matched_dynamic_budget_full_MOABC_s01,424694085,473.08207640005276,1,mechanisms,dynamic_budget,1.171619336770879,full,0.28781070832184813
0.25101173986674113,MOABC,matched,0.05000000000000002,2310657182,64000,P01,cluster,0.33984375,16,110.04570616478651,0.04535731655847674,128.8193037739528,0.0683257549473556,2.25,0.610323229934545,held_out_replay_of_fixed_executed_schedule,7,70519.77059902225,1.2437349311996868,-13819.770599022246,512,0.3751267108053193,2256712277,-12.152361295486745,0.610323229934545,3.6435899355925256e-17,False,0.38268240773907963,0.29886693601919656,screening,False,P01_matched_dynamic_budget_full_MOABC_s02,1921158230,487.7459509000182,2,mechanisms,dynamic_budget,1.2437349311996868,full,0.3751267108053193
0.2723725993009107,MOABC,matched,0.049999999999999996,186546168,64000,P01,cluster,0.0,16,41.06307775111982,0.0,52.58666335378101,0.0728363967469386,2.25,0.5013834139697205,held_out_replay_of_fixed_executed_schedule,7,56129.08853873558,0.9899310147925147,570.9114612644189,512,0.44392798363408764,242140887,11.807456642051207,0.5013834139697205,0.0,False,0.007178950026259454,0.0,screening,False,P01_matched_dynamic_budget_full_MOABC_s03,180007959,475.957135300152,3,mechanisms,dynamic_budget,0.9899310147925147,full,0.44392798363408764
0.17343513964389234,MOABC,matched,0.05000000000000001,1443465302,64000,P01,cluster,0.197265625,16,118.93715471487164,0.032639286765514926,126.68912307689385,0.07856398783453708,2.25,1.1652065976927637,held_out_replay_of_fixed_executed_schedule,7,74183.43870265392,1.3083498889356953,-17483.43870265392,512,0.4059932791787761,4095586511,-9.036638852238081,1.1652065976927637,8.460415830445844e-17,False,0.23441874273547342,0.1636516602663305,screening,False,P01_matched_dynamic_budget_full_MOABC_s04,2247167902,492.26309330016375,4,mechanisms,dynamic_budget,1.1657366474275037,full,0.4059932791787761
0.21561990089143857,MOABC,matched,0.04999999999999997,2290579265,64000,P01,cluster,0.05078125,16,196.63362383221906,0.021139441262059588,204.73133121853112,0.07956662805468118,2.25,0.9452113271475181,held_out_replay_of_fixed_executed_schedule,7,92596.52580292645,1.633095693173306,-35896.52580292645,512,0.33837790595208317,2573152596,-44.94359498582365,0.9452113271475181,3.870190220310333e-17,False,0.07352359697050091,0.0334365900510209,screening,False,P01_matched_fixed_budget_full_MOABC_s00,3477972202,496.1956533999182,0,mechanisms,fixed_budget,1.1514734087522898,full,0.33837790595208317
0.2407919767865698,MOABC,matched,0.04999999999999997,2660666804,64000,P01,cluster,0.1015625,16,122.15247674815171,0.02646185857142828,149.25619598020268,0.07340046326146561,2.25,0.7147763372851997,held_out_replay_of_fixed_executed_schedule,7,75103.65568303576,1.3245794653092726,-18403.65568303576,512,0.28781070832184813,3773473114,-16.596722358889345,0.7147763372851997,4.230207915222922e-17,False,0.13104891685724124,0.076785280040235,screening,False,P01_matched_fixed_budget_full_MOABC_s01,424694085,496.98294529970735,1,mechanisms,fixed_budget,1.171619336770879,full,0.28781070832184813
0.25101173986674113,MOABC,matched,0.04999999999999997,2310657182,64000,P01,cluster,0.33984375,16,110.04570616478651,0.04535731655847674,128.8193037739528,0.0683257549473556,2.25,0.610323229934545,held_out_replay_of_fixed_executed_schedule,7,70519.77059902225,1.2437349311996868,-13819.770599022246,512,0.3751267108053193,2256712277,-12.152361295486745,0.610323229934545,3.6435899355925256e-17,False,0.38268240773907963,0.29886693601919656,screening,False,P01_matched_fixed_budget_full_MOABC_s02,1921158230,496.94799609994516,2,mechanisms,fixed_budget,1.2437349311996868,full,0.3751267108053193
0.2723725993009107,MOABC,matched,0.04999999999999997,186546168,64000,P01,cluster,0.14453125,16,73.27433529576743,0.03744769097847069,97.6019432730653,0.07012223417181271,2.25,0.3727429392562552,held_out_replay_of_fixed_executed_schedule,7,75073.99025931436,1.3240562655963732,-18373.990259314363,512,0.503898812576969,242140887,-17.959623314203167,0.503898812576969,3.6435899355925256e-17,False,0.17801462290899422,0.11522257039137067,screening,False,P01_matched_fixed_budget_full_MOABC_s03,180007959,477.6896640001796,3,mechanisms,fixed_budget,1.2813704802167258,full,0.503898812576969
0.17343513964389234,MOABC,matched,0.04999999999999997,1443465302,64000,P01,cluster,0.197265625,16,118.93715471487164,0.032639286765514926,126.68912307689385,0.07856398783453708,2.25,1.1652065976927637,held_out_replay_of_fixed_executed_schedule,7,74183.43870265392,1.3083498889356953,-17483.43870265392,512,0.4059932791787761,4095586511,-9.036638852238081,1.1652065976927637,8.460415830445844e-17,False,0.23441874273547342,0.1636516602663305,screening,False,P01_matched_fixed_budget_full_MOABC_s04,2247167902,492.1737883002497,4,mechanisms,fixed_budget,1.1657366474275037,full,0.4059932791787761
0.22525038432159264,MOABC,matched,0.050000000000000024,2290579265,64000,P01,cluster,0.025390625,16,144.14710885389508,0.012476521937934026,149.40627638978305,0.06790588192972144,2.25,0.9452113271475181,held_out_replay_of_fixed_executed_schedule,7,92247.80974064436,1.626945498071329,-35547.809740644356,512,0.37108298513931826,2573152596,-44.39774124824347,0.9452113271475181,3.870190220310333e-17,False,0.04302739655157614,0.013587156828088611,screening,False,P01_matched_full_method_full_MOABC_s00,3477972202,475.79457399994135,0,mechanisms,full_method,1.0982684619682543,full,0.37108298513931826
0.14894436224944907,MOABC,matched,0.05000000000000002,2660666804,64000,P01,cluster,0.00390625,16,131.95831703147735,0.0010989131632295594,133.88794864815765,0.06530822130603947,2.25,0.8622376812952682,held_out_replay_of_fixed_executed_schedule,7,69118.12115543861,1.2190144824592348,-12418.12115543861,512,0.2679187471867405,3773473114,-7.304315735846238,0.8622376812952682,3.870190220310333e-17,False,0.014038905114244602,0.0004734155742531005,screening,False,P01_matched_full_method_full_MOABC_s01,424694085,488.339160699863,1,mechanisms,full_method,0.8614003916773021,full,0.2679187471867405
0.12728753022014355,MOABC,matched,0.05,2310657182,64000,P01,cluster,0.03125,16,87.81493088746464,0.006293964099460132,97.03075040523616,0.07611056239167405,2.25,0.48124748312259474,held_out_replay_of_fixed_executed_schedule,7,71939.73353232758,1.2687783691768533,-15239.733532327577,512,0.43404125945498534,2256712277,-14.410624397727561,0.48124748312259474,3.870190220310333e-17,False,0.05025287955876002,0.017965442532865916,screening,False,P01_matched_full_method_full_MOABC_s02,1921158230,504.8190727997571,2,mechanisms,full_method,1.0484690268497319,full,0.43404125945498534
0.2586055316155054,MOABC,matched,0.05000000000000002,186546168,64000,P01,cluster,0.00390625,16,35.59775185787167,0.0004186635292772113,42.44516368719044,0.0694589340118804,2.25,0.5013834139697205,held_out_replay_of_fixed_executed_schedule,7,59453.6222774968,1.0485647667988853,-2753.6222774967973,512,0.4109236699745195,242140887,6.58380000457845,0.5013834139697205,3.738161536263577e-17,False,0.014038905114244602,0.0004734155742531005,screening,False,P01_matched_full_method_full_MOABC_s03,180007959,488.1404870003462,3,mechanisms,full_method,0.937308236173656,full,0.4109236699745195
0.14196087452718775,MOABC,matched,0.049999999999999996,1443465302,64000,P01,cluster,0.017578125,16,107.24721787781493,0.0066027349209988855,123.9350057199375,0.07540527126162358,2.25,1.1652065976927644,held_out_replay_of_fixed_executed_schedule,7,75082.05211136102,1.3241984499358204,-18382.052111361016,512,0.3071830354820687,4095586511,-10.357442894575755,1.1652065976927644,8.460415830445844e-17,False,0.033105620119942024,0.008068548953610121,screening,False,P01_matched_full_method_full_MOABC_s04,2247167902,491.5594037999399,4,mechanisms,full_method,0.9147300211629542,full,0.3071830354820687
0.24586245314718133,MOABC,matched,0.0,2290579265,64000,P01,cluster,1.0,16,49.19468352962554,0.028494621957980124,68.4387323783085,0.0798444176602037,2.25,0.9452113271475184,held_out_replay_of_fixed_executed_schedule,7,72869.7712071007,1.2851811500370494,-16169.771207100697,512,0.4017426342390477,2573152596,-14.06482600687198,0.9452113271475184,7.287179871185051e-17,False,1.0,0.9928210499737405,screening,False,P01_matched_no_budget_full_MOABC_s00,3477972202,475.8347680999432,0,mechanisms,no_budget,1.2236442809977992,full,0.4017426342390477
0.24204829227628824,MOABC,matched,0.0,2660666804,64000,P01,cluster,0.65625,16,42.30511628822097,0.01189725039279373,54.7077952255091,0.07347640086355714,2.25,0.7255951285868657,held_out_replay_of_fixed_executed_schedule,7,66502.4277595131,1.1728823238009365,-9802.427759513099,512,0.4520081248812671,3773473114,-3.2435110534771523,0.7255951285868657,8.460415830445844e-17,False,0.6973618833753428,0.613321831632333,screening,False,P01_matched_no_budget_full_MOABC_s01,424694085,490.83855749992654,1,mechanisms,no_budget,1.1682934602882593,full,0.4520081248812671
0.278811980327283,MOABC,matched,0.0,2310657182,64000,P01,cluster,0.701171875,16,126.67794418886669,0.042308308143314245,145.58056210164204,0.06793224888427637,2.25,0.610323229934545,held_out_replay_of_fixed_executed_schedule,7,69653.55050763236,1.2284576809106236,-12953.55050763236,512,0.3924049547973118,2256712277,-10.774752891123688,0.610323229934545,3.6435899355925256e-17,False,0.7405378225591591,0.6594648579987259,screening,False,P01_matched_no_budget_full_MOABC_s02,1921158230,493.27333860006183,2,mechanisms,no_budget,1.2284576809106236,full,0.3924049547973118
0.4155623678965876,MOABC,matched,0.0,186546168,64000,P01,cluster,0.62109375,16,26.527199484055327,0.03731989449385886,42.15218817670128,0.06916992294296469,2.25,0.501383413969721,held_out_replay_of_fixed_executed_schedule,7,71536.43618387371,1.2616655411617939,-14836.43618387371,512,0.583683304557399,242140887,-12.401259561973662,0.583683304557399,7.287179871185051e-17,False,0.6632857015412559,0.5774950505522483,screening,False,P01_matched_no_budget_full_MOABC_s03,180007959,462.60124799981713,3,mechanisms,no_budget,1.2616655411617939,full,0.583683304557399
0.18817302006274478,MOABC,matched,0.0,1443465302,64000,P01,cluster,1.0,16,93.06665853245183,0.015645161405592464,96.95679060522966,0.08299343499236836,2.25,1.1652065976927644,held_out_replay_of_fixed_executed_schedule,7,74028.86751542844,1.3056237657042054,-17328.867515428443,512,0.29496263621084035,4095586511,-8.809446327690646,1.1652065976927644,7.287179871185051e-17,False,1.0,0.9928210499737405,screening,False,P01_matched_no_budget_full_MOABC_s04,2247167902,484.8444054001011,4,mechanisms,no_budget,1.1818740163501977,full,0.29496263621084035
0.06441105753321921,MOABC,normal,0.05000000000000001,2290579265,64000,P01,cluster,0.0,16,8.440292045510237,0.0,13.570214970849381,0.029296712807320026,1.0,0.0,held_out_replay_of_fixed_executed_schedule,7,33721.531517317504,0.5947360055964287,22978.468482682496,512,0.20656964948939308,2573152596,-3.0565931637353203,0.20656964948939308,0.0,True,0.007178950026259454,0.0,screening,False,P01_normal_dynamic_budget_full_MOABC_s00,3477972202,407.43877250002697,0,mechanisms,dynamic_budget,0.5947360055964287,full,0.20656964948939308
0.054383319284472625,MOABC,normal,0.04999999999999998,2660666804,64000,P01,cluster,0.0,16,8.272067695338894,0.0,15.03146660322663,0.038109711369196095,1.0,0.0,held_out_replay_of_fixed_executed_schedule,7,32557.669503276764,0.5742093386821299,24142.330496723236,512,0.18787364194854508,3773473114,1.0986499025890557,0.18787364194854508,0.0,True,0.007178950026259454,0.0,screening,False,P01_normal_dynamic_budget_full_MOABC_s01,424694085,393.68710430013016,1,mechanisms,dynamic_budget,0.5742093386821299,full,0.18787364194854508
0.0701153975566906,MOABC,normal,0.05,2310657182,64000,P01,cluster,0.0,16,7.885830480548159,0.0,14.305776962721858,0.03431413621299391,1.0,0.0,held_out_replay_of_fixed_executed_schedule,7,38723.99403472875,0.6829628577553571,17976.00596527125,512,0.23000661687793275,2256712277,-20.078887573542023,0.23000661687793275,3.549247616674842e-17,True,0.007178950026259454,0.0,screening,False,P01_normal_dynamic_budget_full_MOABC_s02,1921158230,393.6766148000024,2,mechanisms,dynamic_budget,0.6829628577553571,full,0.23000661687793275
0.04463895483027126,MOABC,normal,0.049999999999999996,186546168,64000,P01,cluster,0.0,16,6.3404703129987166,0.0,12.461101327850272,0.035395606369951996,1.0,0.0,held_out_replay_of_fixed_executed_schedule,7,31997.40545854714,0.564328138598715,24702.59454145286,512,0.16000574044910598,242140887,1.924124291546686,0.16000574044910598,2.115103957611461e-17,True,0.007178950026259454,0.0,screening,False,P01_normal_dynamic_budget_full_MOABC_s03,180007959,411.26126900012605,3,mechanisms,dynamic_budget,0.564328138598715,full,0.16000574044910598
0.0400866365096818,MOABC,normal,0.049999999999999996,1443465302,64000,P01,cluster,0.0,16,9.194983481122268,0.0,13.226860749501775,0.03144555010951951,1.0,0.0,held_out_replay_of_fixed_executed_schedule,7,33137.32562441344,0.5844325506951223,23562.67437558656,512,0.1803209791284406,4095586511,-3.6387945942235085,0.1803209791284406,0.0,True,0.007178950026259454,0.0,screening,False,P01_normal_dynamic_budget_full_MOABC_s04,2247167902,416.7500285001006,4,mechanisms,dynamic_budget,0.5844325506951223,full,0.1803209791284406
0.06441105753321921,MOABC,normal,0.04999999999999997,2290579265,64000,P01,cluster,0.0,16,8.440292045510237,0.0,13.570214970849381,0.029296712807320026,1.0,0.0,held_out_replay_of_fixed_executed_schedule,7,33721.531517317504,0.5947360055964287,22978.468482682496,512,0.20656964948939308,2573152596,-3.0565931637353203,0.20656964948939308,0.0,True,0.007178950026259454,0.0,screening,False,P01_normal_fixed_budget_full_MOABC_s00,3477972202,401.73673489992507,0,mechanisms,fixed_budget,0.5947360055964287,full,0.20656964948939308
0.054383319284472625,MOABC,normal,0.04999999999999997,2660666804,64000,P01,cluster,0.0,16,8.272067695338894,0.0,15.03146660322663,0.038109711369196095,1.0,0.0,held_out_replay_of_fixed_executed_schedule,7,32557.669503276764,0.5742093386821299,24142.330496723236,512,0.18787364194854508,3773473114,1.0986499025890557,0.18787364194854508,0.0,True,0.007178950026259454,0.0,screening,False,P01_normal_fixed_budget_full_MOABC_s01,424694085,384.4811941999942,1,mechanisms,fixed_budget,0.5742093386821299,full,0.18787364194854508
0.0701153975566906,MOABC,normal,0.04999999999999997,2310657182,64000,P01,cluster,0.0,16,7.885830480548159,0.0,14.305776962721858,0.03431413621299391,1.0,0.0,held_out_replay_of_fixed_executed_schedule,7,38723.99403472875,0.6829628577553571,17976.00596527125,512,0.23000661687793275,2256712277,-20.078887573542023,0.23000661687793275,3.549247616674842e-17,True,0.007178950026259454,0.0,screening,False,P01_normal_fixed_budget_full_MOABC_s02,1921158230,384.2015792999882,2,mechanisms,fixed_budget,0.6829628577553571,full,0.23000661687793275
0.04463895483027126,MOABC,normal,0.04999999999999997,186546168,64000,P01,cluster,0.0,16,6.3404703129987166,0.0,12.461101327850272,0.035395606369951996,1.0,0.0,held_out_replay_of_fixed_executed_schedule,7,31997.40545854714,0.564328138598715,24702.59454145286,512,0.16000574044910598,242140887,1.924124291546686,0.16000574044910598,2.115103957611461e-17,True,0.007178950026259454,0.0,screening,False,P01_normal_fixed_budget_full_MOABC_s03,180007959,391.8567647000309,3,mechanisms,fixed_budget,0.564328138598715,full,0.16000574044910598
0.0400866365096818,MOABC,normal,0.04999999999999997,1443465302,64000,P01,cluster,0.0,16,9.194983481122268,0.0,13.226860749501775,0.03144555010951951,1.0,0.0,held_out_replay_of_fixed_executed_schedule,7,33137.32562441344,0.5844325506951223,23562.67437558656,512,0.1803209791284406,4095586511,-3.6387945942235085,0.1803209791284406,0.0,True,0.007178950026259454,0.0,screening,False,P01_normal_fixed_budget_full_MOABC_s04,2247167902,421.7823508998845,4,mechanisms,fixed_budget,0.5844325506951223,full,0.1803209791284406
0.07004691670704828,MOABC,normal,0.04999999999999999,2290579265,64000,P01,cluster,0.0,16,9.271848136801298,0.0,12.708061766626232,0.014975161071312795,1.0,0.0,held_out_replay_of_fixed_executed_schedule,7,15157.339162282395,0.2673252056839929,41542.6608377176,512,0.19575438165366188,2573152596,53.677556587549994,0.19575438165366188,0.0,True,0.007178950026259454,0.0,screening,False,P01_normal_full_method_full_MOABC_s00,3477972202,422.18756859982386,0,mechanisms,full_method,0.2673252056839929,full,0.19575438165366188
0.0366420327784327,MOABC,normal,0.049999999999999996,2660666804,64000,P01,cluster,0.0,16,7.969114507469495,0.0,11.868264817910106,0.021161384106399738,1.0,0.0,held_out_replay_of_fixed_executed_schedule,7,26710.66016375225,0.4710874808421914,29989.33983624775,512,0.18651034541668296,3773473114,18.860274936989775,0.18651034541668296,0.0,True,0.007178950026259454,0.0,screening,False,P01_normal_full_method_full_MOABC_s01,424694085,431.4890454001725,1,mechanisms,full_method,0.4710874808421914,full,0.18651034541668296
0.04271045620500383,MOABC,normal,0.05000000000000001,2310657182,64000,P01,cluster,0.0,16,7.0797635854400385,0.0,11.034213164786493,0.019732821087067542,1.0,0.0,held_out_replay_of_fixed_executed_schedule,7,23578.468009647757,0.4158459966428176,33121.53199035225,512,0.21609361642148214,2256712277,26.88573893623464,0.21609361642148214,0.0,True,0.007178950026259454,0.0,screening,False,P01_normal_full_method_full_MOABC_s02,1921158230,426.6721838999074,2,mechanisms,full_method,0.4158459966428175,full,0.21609361642148214
0.045592814662123504,MOABC,normal,0.049999999999999996,186546168,64000,P01,cluster,0.0,16,6.701020926758854,0.0,10.169053469807517,0.01579940781254249,1.0,0.0,held_out_replay_of_fixed_executed_schedule,7,19190.18264269587,0.33845119299287246,37509.81735730413,512,0.16278764917160476,242140887,41.179794401585966,0.16278764917160476,0.0,True,0.007178950026259454,0.0,screening,False,P01_normal_full_method_full_MOABC_s03,180007959,425.1740735999774,3,mechanisms,full_method,0.33845119299287246,full,0.16278764917160476
0.04859951186576093,MOABC,normal,0.04999999999999999,1443465302,64000,P01,cluster,0.0,16,9.833424628661625,0.0,13.023782579730945,0.01795622149932439,1.0,0.0,held_out_replay_of_fixed_executed_schedule,7,19351.754533556545,0.34130078542427766,37348.245466443455,512,0.17429268839067788,4095586511,39.476331437455855,0.17429268839067788,0.0,True,0.007178950026259454,0.0,screening,False,P01_normal_full_method_full_MOABC_s04,2247167902,435.0589735999238,4,mechanisms,full_method,0.34130078542427766,full,0.17429268839067788
0.08006538174069631,MOABC,normal,0.0,2290579265,64000,P01,cluster,0.0,16,8.460383756170225,0.0,15.023303053921707,0.033399359324066874,1.0,0.0,held_out_replay_of_fixed_executed_schedule,7,34098.67794959832,0.6013876181587006,22601.32205040168,512,0.2168401219542184,2573152596,-4.209192843698203,0.2168401219542184,0.0,True,0.007178950026259454,0.0,screening,False,P01_normal_no_budget_full_MOABC_s00,3477972202,381.17059849994257,0,mechanisms,no_budget,0.6013876181587006,full,0.2168401219542184
0.025807343919059426,MOABC,normal,0.0,2660666804,64000,P01,cluster,0.0,16,7.728071546013341,0.0,14.322695141520878,0.03652791235960665,1.0,0.0,held_out_replay_of_fixed_executed_schedule,7,28281.06615818833,0.4987842355941504,28418.93384181167,512,0.18364787191260926,3773473114,14.08980839499224,0.18364787191260926,0.0,True,0.007178950026259454,0.0,screening,False,P01_normal_no_budget_full_MOABC_s01,424694085,403.3258214001544,1,mechanisms,no_budget,0.49878423559415036,full,0.18364787191260926
0.05739454812335053,MOABC,normal,0.0,2310657182,64000,P01,cluster,0.0,16,7.481385380398535,0.0,12.980899288962588,0.03460496164786244,1.0,0.0,held_out_replay_of_fixed_executed_schedule,7,29232.41284431065,0.5155628367603289,27467.58715568935,512,0.21609361642148214,2256712277,9.353471847782444,0.21609361642148214,1.774623808337421e-17,True,0.007178950026259454,0.0,screening,False,P01_normal_no_budget_full_MOABC_s02,1921158230,416.8004340000916,2,mechanisms,no_budget,0.515562836760329,full,0.21609361642148214
1.774623808337421e-17,MOABC,normal,0.0,186546168,64000,P01,cluster,0.0,16,5.779911239218979,0.0,9.84029816985338,0.029661804155815374,1.0,0.0,held_out_replay_of_fixed_executed_schedule,7,27426.212149498686,0.48370744531743715,29273.787850501314,512,0.13956924346253913,242140887,15.935378653977917,0.13956924346253913,1.774623808337421e-17,True,0.007178950026259454,0.0,screening,False,P01_normal_no_budget_full_MOABC_s03,180007959,412.3767826000694,3,mechanisms,no_budget,0.4837074453174372,full,0.13956924346253913
0.002034382839554001,MOABC,normal,0.0,1443465302,64000,P01,cluster,0.0,16,8.232125531252041,0.0,13.047990276785978,0.031104399300351665,1.0,0.0,held_out_replay_of_fixed_executed_schedule,7,33137.32562441344,0.5844325506951223,23562.67437558656,512,0.147451407639911,4095586511,-3.6387945942235085,0.147451407639911,0.0,True,0.007178950026259454,0.0,screening,False,P01_normal_no_budget_full_MOABC_s04,2247167902,389.4516370999627,4,mechanisms,no_budget,0.5844325506951223,full,0.147451407639911
0.13713202151748372,MOABC,matched,0.05,574942562,88000,P02,cluster,0.09375,22,204.2474739924765,0.035909821372661105,210.5216256894634,0.06831615646148337,3.25,0.40351318551358906,held_out_replay_of_fixed_executed_schedule,7,78913.82160232023,1.3917781587710798,-22213.821602320226,512,0.35422440072570055,3887991230,-26.40619175512484,0.40351318551358906,3.738161536263577e-17,False,0.1223756546175132,0.0699336881025476,screening,False,P02_matched_dynamic_budget_full_MOABC_s00,2687735713,695.7655453998595,0,mechanisms,dynamic_budget,1.2071563721818097,full,0.35422440072570055
0.2290993277185089,MOABC,matched,0.05000000000000002,1568371521,88000,P02,cluster,0.2265625,22,221.32585077716791,0.032499131430794956,231.82594808166095,0.06801718206894032,3.25,0.2932864054120572,held_out_replay_of_fixed_executed_schedule,7,80956.2929477818,1.427800581089626,-24256.292947781796,512,0.46223212223438725,1699465598,-29.52158477497567,0.46223212223438725,3.870190220310333e-17,False,0.2653223797751076,0.19099375929905857,screening,False,P02_matched_dynamic_budget_full_MOABC_s01,3310636222,693.1627644002438,1,mechanisms,dynamic_budget,1.1914276804600856,full,0.46223212223438725
0.14966639687414895,MOABC,matched,0.049999999999999996,1109274671,88000,P02,cluster,0.138671875,22,198.76027535521885,0.03741711915792019,211.60911579446673,0.08001407358630136,3.25,0.2885839892905857,held_out_replay_of_fixed_executed_schedule,7,83416.56879631322,1.4711916895293338,-26716.568796313222,512,0.3500274972166366,2339750876,-13.463972422355136,0.3500274972166366,7.287179871185051e-17,False,0.17167256345011522,0.10991758273574519,screening,False,P02_matched_dynamic_budget_full_MOABC_s02,2428614473,718.7379641998559,2,mechanisms,dynamic_budget,1.1942785947481236,full,0.3500274972166366
0.22280490509993023,MOABC,matched,0.04999999999999998,397350824,88000,P02,cluster,0.220703125,22,326.5492646411652,0.04505762730941196,327.76154626948147,0.07949812849744033,3.25,0.3165696220284189,held_out_replay_of_fixed_executed_schedule,7,79475.33345428505,1.4016813660367733,-22775.33345428505,512,0.42385807386538177,2068408997,-25.117123753516186,0.42385807386538177,4.230207915222922e-17,False,0.2591628946489831,0.18550389309508672,screening,False,P02_matched_dynamic_budget_full_MOABC_s03,743548165,725.4994716001675,3,mechanisms,dynamic_budget,1.2137048924784746,full,0.42385807386538177
0.17852154104974088,MOABC,matched,0.05000000000000002,2727349570,88000,P02,cluster,0.150390625,22,282.3120018447226,0.03292691340267661,284.15557564481736,0.07236917467511401,3.25,0.3730597232698668,held_out_replay_of_fixed_executed_schedule,7,78933.39099152948,1.3921232979105729,-22233.39099152948,512,0.36736397198051374,4102810800,-25.563742730778742,0.3730597232698668,8.460415830445844e-17,False,0.1843398602734746,0.12054465284274261,screening,False,P02_matched_dynamic_budget_full_MOABC_s04,2506987846,704.6862417999655,4,mechanisms,dynamic_budget,1.2079392934732993,full,0.36736397198051374
0.3467061118836109,MOABC,matched,0.05000000000000001,574942562,88000,P02,cluster,0.283203125,22,230.63953787951266,0.05897643998469903,247.37005712580665,0.07077675913279084,3.25,0.4035131855135889,held_out_replay_of_fixed_executed_schedule,7,87726.56367578037,1.547205708567555,-31026.563675780373,512,0.5041666327985307,3887991230,-40.52266896795199,0.5041666327985307,7.476323072527153e-17,False,0.3243820820928329,0.24454830168565045,screening,False,P02_matched_fixed_budget_full_MOABC_s00,2687735713,728.4374171001837,0,mechanisms,fixed_budget,1.2916963603613398,full,0.5041666327985307
0.22602465160905863,MOABC,matched,0.05000000000000001,1568371521,88000,P02,cluster,0.154296875,22,276.45415930587524,0.03400444556136633,282.3861085756738,0.07239514209677297,3.25,0.293286405412057,held_out_replay_of_fixed_executed_schedule,7,82041.13053205363,1.4469335190838384,-25341.130532053634,512,0.31086785906812037,1699465598,-31.257211222557395,0.31086785906812037,4.230207915222922e-17,False,0.18854773761522484,0.12410179422675843,screening,False,P02_matched_fixed_budget_full_MOABC_s01,3310636222,727.0237819999456,1,mechanisms,fixed_budget,1.1954082274148892,full,0.31086785906812037
0.2054978363411545,MOABC,matched,0.05000000000000001,1109274671,88000,P02,cluster,0.16796875,22,309.421149088486,0.03926855890379117,324.3047323340726,0.0735967741797451,3.25,0.2885839892905859,held_out_replay_of_fixed_executed_schedule,7,83595.23455276166,1.4743427610716342,-26895.234552761656,512,0.3973357037784493,2339750876,-13.706995202541467,0.3973357037784493,3.549247616674842e-17,False,0.20322227952805103,0.13660559106897707,screening,False,P02_matched_fixed_budget_full_MOABC_s02,2428614473,727.1236487999558,2,mechanisms,fixed_budget,1.226539117500319,full,0.3973357037784493
0.18543832183658895,MOABC,matched,0.05000000000000001,397350824,88000,P02,cluster,0.158203125,22,197.61758233367925,0.04365159984416298,205.32278633101447,0.07185847268344277,3.25,0.3165696220284184,held_out_replay_of_fixed_executed_schedule,7,79299.3061052297,1.3985768272527284,-22599.306105229698,512,0.3992942506238346,2068408997,-24.840005877333503,0.3992942506238346,4.230207915222922e-17,False,0.192748713874828,0.127665939854528,screening,False,P02_matched_fixed_budget_full_MOABC_s03,743548165,718.5816216999665,3,mechanisms,fixed_budget,1.2168903060068295,full,0.3992942506238346
0.18000204604580156,MOABC,matched,0.05000000000000001,2727349570,88000,P02,cluster,0.189453125,22,284.6852304414906,0.03617605050242199,299.7811963554381,0.07625611306898164,3.25,0.3730597232698678,held_out_replay_of_fixed_executed_schedule,7,80776.65441267268,1.42463235295719,-24076.65441267268,512,0.39218757252125663,4102810800,-28.495924550033376,0.39218757252125663,4.230207915222922e-17,False,0.22613038793995688,0.1564083087624299,screening,False,P02_matched_fixed_budget_full_MOABC_s04,2506987846,707.9534841999412,4,mechanisms,fixed_budget,1.219647945371445,full,0.39218757252125663
0.18476022524486121,MOABC,matched,0.049999999999999996,574942562,88000,P02,cluster,0.33203125,22,216.1077605953178,0.05350669432202645,232.00611491086926,0.06004041410166164,3.25,0.40351318551358856,held_out_replay_of_fixed_executed_schedule,7,82784.72200121603,1.4600480070761204,-26084.722001216025,512,0.43726906704852836,3887991230,-32.6066997035756,0.43726906704852836,8.460415830445844e-17,False,0.37468160021879204,0.29133389922116304,screening,False,P02_matched_full_method_full_MOABC_s00,2687735713,694.4654283002019,0,mechanisms,full_method,1.253531014317109,full,0.43726906704852836
0.2538945257452075,MOABC,matched,0.05000000000000001,1568371521,88000,P02,cluster,0.216796875,22,270.36595222690426,0.04984109718528675,280.859013473354,0.06601138939587162,3.25,0.29328640541205686,held_out_replay_of_fixed_executed_schedule,7,83238.1959166401,1.4680457833622593,-26538.195916640107,512,0.32903187767448094,1699465598,-33.172390389554494,0.32903187767448094,0.0,False,0.255050862531245,0.18184974335164486,screening,False,P02_matched_full_method_full_MOABC_s01,3310636222,700.0342790000141,1,mechanisms,full_method,1.2739312603720054,full,0.32903187767448094
0.30487134907080055,MOABC,matched,0.05,1109274671,88000,P02,cluster,0.16796875,22,303.0670956167564,0.04630499794758525,312.675288991167,0.07028158849624808,3.25,0.28858398929058654,held_out_replay_of_fixed_executed_schedule,7,83447.39706392722,1.471735397952861,-26747.397063927216,512,0.34795909246226653,2339750876,-13.505905311190736,0.34795909246226653,3.870190220310333e-17,False,0.20322227952805103,0.13660559106897707,screening,False,P02_matched_full_method_full_MOABC_s02,2428614473,720.5965694002807,2,mechanisms,full_method,1.2217662023787694,full,0.34795909246226653
0.20452285496336667,MOABC,matched,0.05,397350824,88000,P02,cluster,0.306640625,22,143.3102231007009,0.045701126544712825,152.83419619861772,0.0728949552862539,3.25,0.31656962202841804,held_out_replay_of_fixed_executed_schedule,7,79841.68604961125,1.4081426111042548,-23141.68604961125,512,0.4358151072145082,2068408997,-25.69386852468743,0.4358151072145082,3.549247616674842e-17,False,0.3485910119827313,0.2669398903117723,screening,False,P02_matched_full_method_full_MOABC_s03,743548165,722.9720993996598,3,mechanisms,full_method,1.2418094029749938,full,0.4358151072145082
0.14837751346526332,MOABC,matched,0.05000000000000001,2727349570,88000,P02,cluster,0.08984375,22,295.2735802646547,0.037624486005665515,297.6665692813081,0.07206868211167994,3.25,0.3730597232698673,held_out_replay_of_fixed_executed_schedule,7,82982.252478321,1.463531789741111,-26282.252478320996,512,0.33257746350662787,4102810800,-32.0044922753486,0.3730597232698673,3.738161536263577e-17,False,0.11801984492278575,0.06652757606419021,screening,False,P02_matched_full_method_full_MOABC_s04,2506987846,712.8594442997128,4,mechanisms,full_method,1.2519146832317056,full,0.33257746350662787
0.2064776546833421,MOABC,matched,0.0,574942562,88000,P02,cluster,1.0,22,134.8514657168901,0.0453942230557112,151.4108816285189,0.06175845491266691,3.25,0.4035131855135882,held_out_replay_of_fixed_executed_schedule,7,74733.80127953691,1.3180564599565594,-18033.801279536914,512,0.46526675145035273,3887991230,-19.71052755164986,0.46526675145035273,3.738161536263577e-17,False,1.0,0.9928210499737405,screening,False,P02_matched_no_budget_full_MOABC_s00,2687735713,715.2926837000996,0,mechanisms,no_budget,1.2392352925193748,full,0.46526675145035273
0.17577029143956177,MOABC,matched,0.0,1568371521,88000,P02,cluster,1.0,22,175.97435247542506,0.04089720088268775,186.69204790055346,0.07613723478772418,3.25,0.29328640541205686,held_out_replay_of_fixed_executed_schedule,7,75442.1435767538,1.3305492694312842,-18742.143576753806,512,0.3627120034241163,1699465598,-20.69952364524789,0.3627120034241163,7.476323072527153e-17,False,1.0,0.9928210499737405,screening,False,P02_matched_no_budget_full_MOABC_s01,3310636222,722.7533863000572,1,mechanisms,no_budget,1.2212173996203652,full,0.3627120034241163
0.21679813151109503,MOABC,matched,0.0,1109274671,88000,P02,cluster,1.0,22,197.52358256124919,0.040960559047650905,205.1880043946375,0.06721268776624344,3.25,0.39539475973607713,held_out_replay_of_fixed_executed_schedule,7,81954.50315928085,1.445405699458216,-25254.503159280852,512,0.31977174150395077,2339750876,-11.475257500203531,0.39539475973607713,1.8690807681317883e-17,False,1.0,0.9928210499737405,screening,False,P02_matched_no_budget_full_MOABC_s02,2428614473,749.36160319997,2,mechanisms,no_budget,1.206769250405211,full,0.31977174150395077
0.1917883280550757,MOABC,matched,0.0,397350824,88000,P02,cluster,0.044921875,22,106.06979646227907,0.008644540613756382,113.59794937084135,0.07610927094255598,3.25,0.31656962202841804,held_out_replay_of_fixed_executed_schedule,7,74269.17587559449,1.3098620083879098,-17569.17587559449,512,0.49226051675587934,2068408997,-16.921128420850955,0.49226051675587934,1.8690807681317883e-17,False,0.06664470087314162,0.02868645340600739,screening,False,P02_matched_no_budget_full_MOABC_s03,743548165,747.1240353002213,3,mechanisms,no_budget,1.0810139668276701,full,0.49226051675587934
0.24803078605483486,MOABC,matched,0.0,2727349570,88000,P02,cluster,1.0,22,281.34198370702586,0.038225379230561886,288.5681603134027,0.07253548753240853,3.25,0.37305972326986747,held_out_replay_of_fixed_executed_schedule,7,76352.61051471977,1.3466068873848283,-19652.610514719767,512,0.4244008455629646,4102810800,-21.458351441184632,0.4244008455629646,3.6435899355925256e-17,False,1.0,0.9928210499737405,screening,False,P02_matched_no_budget_full_MOABC_s04,2506987846,746.6112353997305,4,mechanisms,no_budget,1.1977384823367683,full,0.4244008455629646
0.0,MOABC,normal,0.04999999999999999,574942562,88000,P02,cluster,0.0,22,6.89359111526729,0.0,13.241394344414886,0.02161625175996217,1.0,0.0,held_out_replay_of_fixed_executed_schedule,7,23945.261467083583,0.4223150170561478,32754.738532916417,512,0.10617769328801867,3887991230,-2.191193935304236,0.10617769328801867,0.0,True,0.007178950026259454,0.0,screening,False,P02_normal_dynamic_budget_full_MOABC_s00,2687735713,655.2431614000816,0,mechanisms,dynamic_budget,0.4223150170561478,full,0.10617769328801867
0.0,MOABC,normal,0.04999999999999998,1568371521,88000,P02,cluster,0.0,22,6.634657100441913,0.0,12.011856432407185,0.025464910143674996,1.0,0.0,held_out_replay_of_fixed_executed_schedule,7,24474.30061529274,0.43164551349722646,32225.69938470726,512,0.09876474985735235,1699465598,-5.022714915840915,0.09876474985735235,0.0,True,0.007178950026259454,0.0,screening,False,P02_normal_dynamic_budget_full_MOABC_s01,3310636222,660.793762100162,1,mechanisms,dynamic_budget,0.43164551349722646,full,0.09876474985735235
0.0,MOABC,normal,0.05000000000000002,1109274671,88000,P02,cluster,0.0,22,5.624249028463777,0.0,11.699800663057614,0.02772441469487977,1.0,0.0,held_out_replay_of_fixed_executed_schedule,7,23111.647852703933,0.4076128369083586,33588.35214729607,512,0.09718725064327413,2339750876,0.7902297812409851,0.09718725064327413,0.0,True,0.007178950026259454,0.0,screening,False,P02_normal_dynamic_budget_full_MOABC_s02,2428614473,653.5580373001285,2,mechanisms,dynamic_budget,0.4076128369083586,full,0.09718725064327413
0.0,MOABC,normal,0.049999999999999996,397350824,88000,P02,cluster,0.0,22,6.123244060908826,0.0,11.910282827829231,0.027596775395738318,1.0,0.0,held_out_replay_of_fixed_executed_schedule,7,23264.191923308812,0.41030320852396496,33435.80807669119,512,0.11870026591992551,2068408997,1.9405414854862764,0.11870026591992551,0.0,True,0.007178950026259454,0.0,screening,False,P02_normal_dynamic_budget_full_MOABC_s03,743548165,641.7258084001951,3,mechanisms,dynamic_budget,0.41030320852396496,full,0.11870026591992551
0.0,MOABC,normal,0.049999999999999996,2727349570,88000,P02,cluster,0.0,22,6.381144744540478,0.0,10.741037980572791,0.027033040326455947,1.0,0.0,held_out_replay_of_fixed_executed_schedule,7,23092.226619746034,0.4072703107538983,33607.773380253966,512,0.10136775274520779,4102810800,1.0514922152775967,0.10136775274520779,0.0,True,0.007178950026259454,0.0,screening,False,P02_normal_dynamic_budget_full_MOABC_s04,2506987846,648.5672272997908,4,mechanisms,dynamic_budget,0.4072703107538983,full,0.10136775274520779
0.0,MOABC,normal,0.05000000000000001,574942562,88000,P02,cluster,0.0,22,6.89359111526729,0.0,13.241394344414886,0.02161625175996217,1.0,0.0,held_out_replay_of_fixed_executed_schedule,7,23945.261467083583,0.4223150170561478,32754.738532916417,512,0.10617769328801867,3887991230,-2.191193935304236,0.10617769328801867,0.0,True,0.007178950026259454,0.0,screening,False,P02_normal_fixed_budget_full_MOABC_s00,2687735713,643.5329071001615,0,mechanisms,fixed_budget,0.4223150170561478,full,0.10617769328801867
0.0,MOABC,normal,0.05000000000000001,1568371521,88000,P02,cluster,0.0,22,6.634657100441913,0.0,12.011856432407185,0.025464910143674996,1.0,0.0,held_out_replay_of_fixed_executed_schedule,7,24474.30061529274,0.43164551349722646,32225.69938470726,512,0.09876474985735235,1699465598,-5.022714915840915,0.09876474985735235,0.0,True,0.007178950026259454,0.0,screening,False,P02_normal_fixed_budget_full_MOABC_s01,3310636222,650.8962736998219,1,mechanisms,fixed_budget,0.43164551349722646,full,0.09876474985735235
0.0,MOABC,normal,0.05000000000000001,1109274671,88000,P02,cluster,0.0,22,5.624249028463777,0.0,11.699800663057614,0.02772441469487977,1.0,0.0,held_out_replay_of_fixed_executed_schedule,7,23111.647852703933,0.4076128369083586,33588.35214729607,512,0.09718725064327413,2339750876,0.7902297812409851,0.09718725064327413,0.0,True,0.007178950026259454,0.0,screening,False,P02_normal_fixed_budget_full_MOABC_s02,2428614473,633.6005577999167,2,mechanisms,fixed_budget,0.4076128369083586,full,0.09718725064327413
0.0,MOABC,normal,0.05000000000000001,397350824,88000,P02,cluster,0.0,22,6.123244060908826,0.0,11.910282827829231,0.027596775395738318,1.0,0.0,held_out_replay_of_fixed_executed_schedule,7,23264.191923308812,0.41030320852396496,33435.80807669119,512,0.11870026591992551,2068408997,1.9405414854862764,0.11870026591992551,0.0,True,0.007178950026259454,0.0,screening,False,P02_normal_fixed_budget_full_MOABC_s03,743548165,657.5723163001239,3,mechanisms,fixed_budget,0.41030320852396496,full,0.11870026591992551
0.0,MOABC,normal,0.05000000000000001,2727349570,88000,P02,cluster,0.0,22,6.381144744540478,0.0,10.741037980572791,0.027033040326455947,1.0,0.0,held_out_replay_of_fixed_executed_schedule,7,23092.226619746034,0.4072703107538983,33607.773380253966,512,0.10136775274520779,4102810800,1.0514922152775967,0.10136775274520779,0.0,True,0.007178950026259454,0.0,screening,False,P02_normal_fixed_budget_full_MOABC_s04,2506987846,667.617514600046,4,mechanisms,fixed_budget,0.4072703107538983,full,0.10136775274520779
0.0,MOABC,normal,0.04999999999999999,574942562,88000,P02,cluster,0.0,22,7.241860888467084,0.0,12.614267829019822,0.013313032960570358,1.0,0.0,held_out_replay_of_fixed_executed_schedule,7,21482.00061866582,0.37887126311579933,35217.99938133418,512,0.10259230266237929,3887991230,8.32126454922449,0.10259230266237929,0.0,True,0.007178950026259454,0.0,screening,False,P02_normal_full_method_full_MOABC_s00,2687735713,669.6965597998351,0,mechanisms,full_method,0.3788712631157994,full,0.10259230266237929
0.0,MOABC,normal,0.05000000000000003,1568371521,88000,P02,cluster,0.0,22,6.505477483032278,0.0,11.705908778307656,0.015973833299227455,1.0,0.0,held_out_replay_of_fixed_executed_schedule,7,23653.473190045355,0.4171688393306059,33046.526809954645,512,0.10169794994312525,1699465598,-1.5004273525756961,0.10169794994312525,0.0,True,0.007178950026259454,0.0,screening,False,P02_normal_full_method_full_MOABC_s01,3310636222,667.3451180001721,1,mechanisms,full_method,0.4171688393306059,full,0.10169794994312525
0.0,MOABC,normal,0.05000000000000003,1109274671,88000,P02,cluster,0.0,22,5.776741554788784,0.0,9.953714437682656,0.014954113144798404,1.0,0.0,held_out_replay_of_fixed_executed_schedule,7,23333.054682173053,0.41151771926231134,33366.94531782695,512,0.09889226602496921,2339750876,-0.16018798284438918,0.09889226602496921,0.0,True,0.007178950026259454,0.0,screening,False,P02_normal_full_method_full_MOABC_s02,2428614473,674.404706500005,2,mechanisms,full_method,0.41151771926231134,full,0.09889226602496921
0.0,MOABC,normal,0.04999999999999998,397350824,88000,P02,cluster,0.0,22,5.092020892650803,0.0,10.778603339307256,0.013644709095282924,1.0,0.0,held_out_replay_of_fixed_executed_schedule,7,22982.417508781153,0.4053336421301791,33717.58249121885,512,0.1008743403122288,2068408997,3.1282314169875187,0.1008743403122288,0.0,True,0.007178950026259454,0.0,screening,False,P02_normal_full_method_full_MOABC_s03,743548165,663.2430075001903,3,mechanisms,full_method,0.4053336421301791,full,0.1008743403122288
0.0,MOABC,normal,0.04999999999999999,2727349570,88000,P02,cluster,0.0,22,6.225619728522332,0.0,9.683469465387041,0.015322641485804546,1.0,0.0,held_out_replay_of_fixed_executed_schedule,7,21740.419278932648,0.3834289114450202,34959.58072106735,512,0.09816749841991497,4102810800,6.843888132245662,0.09816749841991497,0.0,True,0.007178950026259454,0.0,screening,False,P02_normal_full_method_full_MOABC_s04,2506987846,678.0782788996585,4,mechanisms,full_method,0.38342891144502017,full,0.09816749841991497
0.012348313732579299,MOABC,normal,0.0,574942562,88000,P02,cluster,0.0,22,6.368863523207697,0.0,12.640607183182965,0.025787824073671008,1.0,0.0,held_out_replay_of_fixed_executed_schedule,7,23401.072297481962,0.41271732447058135,33298.927702518034,512,0.10520612736326629,3887991230,0.13124221953573903,0.10520612736326629,1.9350951101551666e-17,True,0.007178950026259454,0.0,screening,False,P02_normal_no_budget_full_MOABC_s00,2687735713,618.7815838998649,0,mechanisms,no_budget,0.41271732447058135,full,0.10520612736326629
0.0,MOABC,normal,0.0,1568371521,88000,P02,cluster,0.0,22,6.634657100441913,0.0,12.011856432407185,0.025464910143674996,1.0,0.0,held_out_replay_of_fixed_executed_schedule,7,24474.30061529274,0.43164551349722646,32225.69938470726,512,0.09876474985735235,1699465598,-5.022714915840915,0.09876474985735235,0.0,True,0.007178950026259454,0.0,screening,False,P02_normal_no_budget_full_MOABC_s01,3310636222,663.3007166997995,1,mechanisms,no_budget,0.43164551349722646,full,0.09876474985735235
0.0,MOABC,normal,0.0,1109274671,88000,P02,cluster,0.0,22,5.624249028463777,0.0,11.699800663057614,0.02772441469487977,1.0,0.0,held_out_replay_of_fixed_executed_schedule,7,23111.647852703933,0.4076128369083586,33588.35214729607,512,0.09718725064327413,2339750876,0.7902297812409851,0.09718725064327413,0.0,True,0.007178950026259454,0.0,screening,False,P02_normal_no_budget_full_MOABC_s02,2428614473,626.7978902000468,2,mechanisms,no_budget,0.4076128369083586,full,0.09718725064327413
0.0,MOABC,normal,0.0,397350824,88000,P02,cluster,0.0,22,6.123244060908826,0.0,11.910282827829231,0.027596775395738318,1.0,0.0,held_out_replay_of_fixed_executed_schedule,7,23264.191923308812,0.41030320852396496,33435.80807669119,512,0.11870026591992551,2068408997,1.9405414854862764,0.11870026591992551,0.0,True,0.007178950026259454,0.0,screening,False,P02_normal_no_budget_full_MOABC_s03,743548165,632.2547986998688,3,mechanisms,no_budget,0.41030320852396496,full,0.11870026591992551
0.0,MOABC,normal,0.0,2727349570,88000,P02,cluster,0.0,22,6.381144744540478,0.0,10.741037980572791,0.027033040326455947,1.0,0.0,held_out_replay_of_fixed_executed_schedule,7,23092.226619746034,0.4072703107538983,33607.773380253966,512,0.10136775274520779,4102810800,1.0514922152775967,0.10136775274520779,0.0,True,0.007178950026259454,0.0,screening,False,P02_normal_no_budget_full_MOABC_s04,2506987846,632.1062990000937,4,mechanisms,no_budget,0.4072703107538983,full,0.10136775274520779
0.046531160918549884,MOABC,matched,0.05000000000000002,4060196048,68000,P03,cluster,0.041015625,17,10.328113521249334,0.03353782162170702,18.109682091169134,0.04636686543437941,2.25,0.0,held_out_replay_of_fixed_executed_schedule,7,99407.93298746992,1.7532263313486758,-42707.93298746992,512,0.15374266632316405,123201614,-6.2471906484753035,0.15374266632316405,4.230207915222922e-17,False,0.062015362281175865,0.02556560042788603,screening,False,P03_matched_dynamic_budget_full_MOABC_s00,2882909151,463.41438989993185,0,mechanisms,dynamic_budget,1.2146744777839553,full,0.15374266632316405
0.05085550294516987,MOABC,matched,0.049999999999999996,3272684868,68000,P03,cluster,0.029296875,17,10.440956828901442,0.023009467370771905,15.931993606883882,0.05242323921453189,2.25,0.0,held_out_replay_of_fixed_executed_schedule,7,84621.20283067708,1.492437439694481,-27921.20283067708,512,0.19798992793858164,3286126663,-11.358007598842205,0.19798992793858164,2.115103957611461e-17,False,0.04786087313588519,0.01648801460911842,screening,False,P03_matched_dynamic_budget_full_MOABC_s01,3819462166,488.14872349984944,1,mechanisms,dynamic_budget,1.1392743614991774,full,0.19798992793858164
0.018390271853655518,MOABC,matched,0.05000000000000001,1989384750,68000,P03,cluster,0.041015625,17,30.698095447123492,0.024209773957104084,37.54640530713537,0.04845431048317437,2.25,0.0,held_out_replay_of_fixed_executed_schedule,7,94143.749730663,1.6603835931333861,-37443.749730662996,512,0.14517494740699277,2404466325,-6.983608812497846,0.14517494740699277,0.0,False,0.062015362281175865,0.02556560042788603,screening,False,P03_matched_dynamic_budget_full_MOABC_s02,2924272080,479.2003044998273,2,mechanisms,dynamic_budget,1.180325092968653,full,0.14517494740699277
0.06642917095608243,MOABC,matched,0.05000000000000001,379777378,68000,P03,cluster,0.02734375,17,9.450348994552646,0.029415973037446592,16.34139585563871,0.049001075317693245,2.25,0.0,held_out_replay_of_fixed_executed_schedule,7,101012.1949468094,1.7815201930654214,-44312.194946809395,512,0.1758349536122857,1492915544,0.8274236931295325,0.1758349536122857,4.230207915222922e-17,False,0.04545291098745593,0.015027969215664629,screening,False,P03_matched_dynamic_budget_full_MOABC_s03,1635011324,466.86193999974057,3,mechanisms,dynamic_budget,1.1360319276162976,full,0.1758349536122857
0.039080757046576646,MOABC,matched,0.05,1357363921,68000,P03,cluster,0.04296875,17,10.008021594430309,0.040514283037220655,15.921914532174808,0.05335518981495716,2.25,0.0,held_out_replay_of_fixed_executed_schedule,7,97182.84105913485,1.7139830874626958,-40482.84105913485,512,0.15343764028309387,2648893410,-6.677919990920471,0.15343764028309387,0.0,False,0.06433472729540066,0.027121045491155363,screening,False,P03_matched_dynamic_budget_full_MOABC_s04,4117655867,498.9899091999978,4,mechanisms,dynamic_budget,1.2470661107395056,full,0.15343764028309387
0.039049427214089535,MOABC,matched,0.049999999999999975,4060196048,68000,P03,cluster,0.03515625,17,30.277084613149967,0.03131772991744513,39.11274400449162,0.04165597750599885,2.25,0.0,held_out_replay_of_fixed_executed_schedule,7,99439.31999602186,1.7537798941097331,-42739.31999602186,512,0.19779993983979915,123201614,-6.280737080649123,0.19779993983979915,0.0,False,0.054994288604838265,0.020966408701819806,screening,False,P03_matched_fixed_budget_full_MOABC_s00,2882909151,496.11113240011036,0,mechanisms,fixed_budget,1.1815578074835102,full,0.19779993983979915
0.01997767163167048,MOABC,matched,0.049999999999999975,3272684868,68000,P03,cluster,0.021484375,17,7.708019050752825,0.010557545796610595,12.437882384582897,0.04693909137186291,2.25,0.0,held_out_replay_of_fixed_executed_schedule,7,78374.54528374001,1.3822671125880073,-21674.545283740008,512,0.15718592552749544,3286126663,-3.137664288772788,0.15718592552749544,2.115103957611461e-17,False,0.0381157716754838,0.01077255408609197,screening,False,P03_matched_fixed_budget_full_MOABC_s01,3819462166,482.61848329985514,1,mechanisms,fixed_budget,1.0207044743833842,full,0.15718592552749544
0.03712296320558721,MOABC,matched,0.049999999999999975,1989384750,68000,P03,cluster,0.033203125,17,20.485351139795696,0.015660837313410503,26.031101885158606,0.051312415956241135,2.25,0.0,held_out_replay_of_fixed_executed_schedule,7,87558.0050921747,1.544232894041882,-30858.005092174702,512,0.15277763548368253,2404466325,0.5003370698229678,0.15277763548368253,0.0,False,0.052630293172314914,0.01945868698795646,screening,False,P03_matched_fixed_budget_full_MOABC_s02,2924272080,499.1248231003992,2,mechanisms,fixed_budget,1.092969816036561,full,0.15277763548368253
0.06148271912346536,MOABC,matched,0.049999999999999975,379777378,68000,P03,cluster,0.048828125,17,9.312757009975837,0.04323150735429667,14.903853409154467,0.04662539988748763,2.25,0.053708446065238793,held_out_replay_of_fixed_executed_schedule,7,108005.11572168698,1.9048521291302818,-51305.115721686976,512,0.2061970135209169,1492915544,-6.0381430784828485,0.2061970135209169,4.230207915222922e-17,False,0.07123865584136313,0.03184475219643663,screening,False,P03_matched_fixed_budget_full_MOABC_s03,1635011324,474.4672665996477,3,mechanisms,fixed_budget,1.2627591433622953,full,0.2061970135209169
0.039080757046576646,MOABC,matched,0.049999999999999975,1357363921,68000,P03,cluster,0.0546875,17,17.987750960278476,0.05175799404162202,25.647416982428915,0.05248778549035513,2.25,0.0,held_out_replay_of_fixed_executed_schedule,7,98850.07522248235,1.7433875700614172,-42150.07522248235,512,0.1577238988836706,2648893410,-8.508048342236004,0.1577238988836706,0.0,False,0.07807148163751836,0.03664337742047023,screening,False,P03_matched_fixed_budget_full_MOABC_s04,4117655867,509.58488819980994,4,mechanisms,fixed_budget,1.3299240102317196,full,0.1577238988836706
0.03612048721887191,MOABC,matched,0.05000000000000002,4060196048,68000,P03,cluster,0.046875,17,10.488481990115027,0.029392025997899432,17.61132068777256,0.037542064162257846,2.25,0.0,held_out_replay_of_fixed_executed_schedule,7,96479.0204065612,1.701570024807076,-39779.020406561205,512,0.136883649314912,123201614,-3.1167691214956585,0.136883649314912,3.549247616674842e-17,False,0.06894584242162148,0.030261206917453175,screening,False,P03_matched_full_method_full_MOABC_s00,2882909151,496.83559319982305,0,mechanisms,full_method,1.201564186360426,full,0.136883649314912
0.06984800763415026,MOABC,matched,0.05,3272684868,68000,P03,cluster,0.01953125,17,7.05716480669652,0.006352373756479005,11.078824675361107,0.0365495702841985,2.25,0.0,held_out_replay_of_fixed_executed_schedule,7,76312.24620069191,1.3458949947211978,-19612.24620069191,512,0.2242076271772285,3286126663,-0.4237638799038539,0.2242076271772285,3.870190220310333e-17,False,0.035624636181676994,0.009404755122447006,screening,False,P03_matched_full_method_full_MOABC_s01,3819462166,498.1977297998965,1,mechanisms,full_method,1.0246344070816844,full,0.2242076271772285
0.024236676574858663,MOABC,matched,0.05,1989384750,68000,P03,cluster,0.033203125,17,8.499880589595094,0.019071828659310522,13.937010739479256,0.03460159306103757,2.25,0.0,held_out_replay_of_fixed_executed_schedule,7,88301.2673940466,1.5573415766145786,-31601.267394046605,512,0.14137497503930055,2404466325,-0.34429556459016225,0.14137497503930055,4.230207915222922e-17,False,0.052630293172314914,0.01945868698795646,screening,False,P03_matched_full_method_full_MOABC_s02,2924272080,494.7671366999857,2,mechanisms,full_method,1.1008508757094069,full,0.14137497503930055
0.0070548002362582785,MOABC,matched,0.05000000000000001,379777378,68000,P03,cluster,0.05078125,17,9.651631037382362,0.04309921600311443,16.38356726423184,0.023340580479763468,2.25,0.05401528513838364,held_out_replay_of_fixed_executed_schedule,7,108036.56672668432,1.9054068205764432,-51336.56672668432,512,0.17115927911621068,1492915544,-6.069021302589053,0.17115927911621068,0.0,False,0.07352359697050091,0.0334365900510209,screening,False,P03_matched_full_method_full_MOABC_s03,1635011324,485.57767070038244,3,mechanisms,full_method,1.2521421380944198,full,0.17115927911621068
0.05646450359551137,MOABC,matched,0.049999999999999996,1357363921,68000,P03,cluster,0.033203125,17,17.18379540311135,0.03738069222975795,24.3334368940682,0.051981398026929804,2.25,0.0,held_out_replay_of_fixed_executed_schedule,7,92745.8568164215,1.6357293971150175,-36045.856816421496,512,0.21361738462127894,2648893410,-1.807427989589347,0.21361738462127894,1.8690807681317883e-17,False,0.052630293172314914,0.01945868698795646,screening,False,P03_matched_full_method_full_MOABC_s04,4117655867,484.08265429968014,4,mechanisms,full_method,1.1888797636897315,full,0.21361738462127894
0.061007868333021034,MOABC,matched,0.0,4060196048,68000,P03,cluster,0.044921875,17,8.303425771597212,0.03512989115056911,13.013612290684495,0.035134179944685394,2.25,0.0,held_out_replay_of_fixed_executed_schedule,7,100084.345147516,1.7651559990743562,-43384.345147515996,512,0.15375257403029252,123201614,-6.970139909822698,0.15375257403029252,0.0,True,0.06664470087314162,0.02868645340600739,screening,False,P03_matched_no_budget_full_MOABC_s00,2882909151,456.80598539998755,0,mechanisms,no_budget,1.2189387945904464,full,0.15375257403029252
0.040778080101790355,MOABC,matched,0.0,3272684868,68000,P03,cluster,0.025390625,17,8.881092263770078,0.01902694223238887,13.99180851431143,0.033962703353080506,2.25,0.0,held_out_replay_of_fixed_executed_schedule,7,82610.42810488824,1.4569740406505862,-25910.42810488824,512,0.17873638203377798,3286126663,-8.711911115883929,0.17873638203377798,2.115103957611461e-17,True,0.04302739655157614,0.013587156828088611,screening,False,P03_matched_no_budget_full_MOABC_s01,3819462166,423.694873099681,1,mechanisms,no_budget,1.117590631906923,full,0.17873638203377798
0.05934548326275168,MOABC,matched,0.0,1989384750,68000,P03,cluster,0.029296875,17,7.565153454185742,0.015165922624052827,12.006772745025721,0.0403145374211217,2.25,0.0,held_out_replay_of_fixed_executed_schedule,7,90020.08422460065,1.5876558064303465,-33320.08422460065,512,0.1965360987857278,2404466325,-2.297534392939478,0.1965360987857278,0.0,True,0.04786087313588519,0.01648801460911842,screening,False,P03_matched_no_budget_full_MOABC_s02,2924272080,442.3220223998651,2,mechanisms,no_budget,1.0864511598168873,full,0.1965360987857278
0.04104343695977451,MOABC,matched,0.0,379777378,68000,P03,cluster,0.05078125,17,8.503471510533778,0.04708672829443596,14.569951995214318,0.03132925427177915,2.25,0.06683410204287317,held_out_replay_of_fixed_executed_schedule,7,109350.4954593945,1.9285801668323546,-52650.4954593945,512,0.21225194955611737,1492915544,-7.35902096624457,0.21225194955611737,0.0,True,0.07352359697050091,0.0334365900510209,screening,False,P03_matched_no_budget_full_MOABC_s03,1635011324,446.3798054000363,3,mechanisms,no_budget,1.2873051502096569,full,0.21225194955611737
0.02694786936788807,MOABC,matched,0.0,1357363921,68000,P03,cluster,0.033203125,17,8.621805497470145,0.03789790756247364,14.329923253349783,0.033928205353474065,2.25,0.0,held_out_replay_of_fixed_executed_schedule,7,97733.18847166524,1.7236893910346605,-41033.18847166524,512,0.2018750458269518,2648893410,-7.282038131543697,0.2018750458269518,0.0,True,0.052630293172314914,0.01945868698795646,screening,False,P03_matched_no_budget_full_MOABC_s04,4117655867,458.08137660007924,4,mechanisms,no_budget,1.23631562156173,full,0.2018750458269518
0.0,MOABC,normal,0.049999999999999996,4060196048,68000,P03,cluster,0.0,17,0.7707335516259708,0.0,3.239844706609846,0.02882109423912377,1.0,0.0,held_out_replay_of_fixed_executed_schedule,7,27823.711971946617,0.4907180241965894,28876.288028053383,512,0.08152974522945598,123201614,9.712311983868693,0.08152974522945598,0.0,True,0.007178950026259454,0.0,screening,False,P03_normal_dynamic_budget_full_MOABC_s00,2882909151,436.8712001000531,0,mechanisms,dynamic_budget,0.49071802419658933,full,0.08152974522945598
2.115103957611461e-17,MOABC,normal,0.05000000000000001,3272684868,68000,P03,cluster,0.0,17,1.2058511727494254,0.0,4.120546572532449,0.04032623360919605,1.0,0.0,held_out_replay_of_fixed_executed_schedule,7,36992.62060326659,0.6524271711334495,19707.379396733413,512,0.07586349538282418,3286126663,-17.473875738816776,0.07586349538282418,2.115103957611461e-17,True,0.007178950026259454,0.0,screening,False,P03_normal_dynamic_budget_full_MOABC_s01,3819462166,435.20687510003336,1,mechanisms,dynamic_budget,0.6524271711334495,full,0.07586349538282418
0.0021614697932815577,MOABC,normal,0.04999999999999999,1989384750,68000,P03,cluster,0.0,17,0.545297701728763,0.0,3.3949626629304097,0.032385307295279636,1.0,0.0,held_out_replay_of_fixed_executed_schedule,7,28187.509742612805,0.4971342106280918,28512.490257387195,512,0.11484682315774553,2404466325,8.401016793698307,0.11484682315774553,0.0,True,0.007178950026259454,0.0,screening,False,P03_normal_dynamic_budget_full_MOABC_s02,2924272080,453.15679469984025,2,mechanisms,dynamic_budget,0.4971342106280918,full,0.11484682315774553
0.0,MOABC,normal,0.049999999999999996,379777378,68000,P03,cluster,0.0,17,1.2784101809368953,0.0,3.020391753815508,0.02425341891651072,1.0,0.0,held_out_replay_of_fixed_executed_schedule,7,26171.02954105819,0.46157018590931553,30528.97045894181,512,0.05134128129564963,1492915544,15.562486273092018,0.05134128129564963,0.0,True,0.007178950026259454,0.0,screening,False,P03_normal_dynamic_budget_full_MOABC_s03,1635011324,451.7423044000752,3,mechanisms,dynamic_budget,0.46157018590931553,full,0.05134128129564963
0.03072510679951905,MOABC,normal,0.05000000000000002,1357363921,68000,P03,cluster,0.0,17,0.7331861908499115,0.0,3.5623683612016657,0.035209984182086505,1.0,0.0,held_out_replay_of_fixed_executed_schedule,7,30255.255937952905,0.5336023974947602,26444.744062047095,512,0.1463078790301899,2648893410,1.1239405343143376,0.1463078790301899,1.774623808337421e-17,True,0.007178950026259454,0.0,screening,False,P03_normal_dynamic_budget_full_MOABC_s04,4117655867,444.71881460002623,4,mechanisms,dynamic_budget,0.5336023974947602,full,0.1463078790301899
0.0,MOABC,normal,0.049999999999999975,4060196048,68000,P03,cluster,0.0,17,0.7707335516259708,0.0,3.239844706609846,0.02882109423912377,1.0,0.0,held_out_replay_of_fixed_executed_schedule,7,27823.711971946617,0.4907180241965894,28876.288028053383,512,0.08152974522945598,123201614,9.712311983868693,0.08152974522945598,0.0,True,0.007178950026259454,0.0,screening,False,P03_normal_fixed_budget_full_MOABC_s00,2882909151,430.5891246001702,0,mechanisms,fixed_budget,0.49071802419658933,full,0.08152974522945598
2.115103957611461e-17,MOABC,normal,0.049999999999999975,3272684868,68000,P03,cluster,0.0,17,1.2058511727494254,0.0,4.120546572532449,0.04032623360919605,1.0,0.0,held_out_replay_of_fixed_executed_schedule,7,36992.62060326659,0.6524271711334495,19707.379396733413,512,0.07586349538282418,3286126663,-17.473875738816776,0.07586349538282418,2.115103957611461e-17,True,0.007178950026259454,0.0,screening,False,P03_normal_fixed_budget_full_MOABC_s01,3819462166,420.54499359987676,1,mechanisms,fixed_budget,0.6524271711334495,full,0.07586349538282418
0.0021614697932815577,MOABC,normal,0.049999999999999975,1989384750,68000,P03,cluster,0.0,17,0.545297701728763,0.0,3.3949626629304097,0.032385307295279636,1.0,0.0,held_out_replay_of_fixed_executed_schedule,7,28187.509742612805,0.4971342106280918,28512.490257387195,512,0.11484682315774553,2404466325,8.401016793698307,0.11484682315774553,0.0,True,0.007178950026259454,0.0,screening,False,P03_normal_fixed_budget_full_MOABC_s02,2924272080,429.18247359991074,2,mechanisms,fixed_budget,0.4971342106280918,full,0.11484682315774553
0.0,MOABC,normal,0.049999999999999975,379777378,68000,P03,cluster,0.0,17,1.2784101809368953,0.0,3.020391753815508,0.02425341891651072,1.0,0.0,held_out_replay_of_fixed_executed_schedule,7,26171.02954105819,0.46157018590931553,30528.97045894181,512,0.05134128129564963,1492915544,15.562486273092018,0.05134128129564963,0.0,True,0.007178950026259454,0.0,screening,False,P03_normal_fixed_budget_full_MOABC_s03,1635011324,456.74433510005474,3,mechanisms,fixed_budget,0.46157018590931553,full,0.05134128129564963
0.03072510679951905,MOABC,normal,0.049999999999999975,1357363921,68000,P03,cluster,0.0,17,0.7331861908499115,0.0,3.5623683612016657,0.035209984182086505,1.0,0.0,held_out_replay_of_fixed_executed_schedule,7,30255.255937952905,0.5336023974947602,26444.744062047095,512,0.1463078790301899,2648893410,1.1239405343143376,0.1463078790301899,1.774623808337421e-17,True,0.007178950026259454,0.0,screening,False,P03_normal_fixed_budget_full_MOABC_s04,4117655867,435.8183943000622,4,mechanisms,fixed_budget,0.5336023974947602,full,0.1463078790301899
0.0,MOABC,normal,0.05000000000000001,4060196048,68000,P03,cluster,0.0,17,0.5244818298160383,0.0,3.5426660018815586,0.019315792457026554,1.0,0.0,held_out_replay_of_fixed_executed_schedule,7,22717.38579792662,0.40065936151546067,33982.61420207338,512,0.054291207666495096,123201614,26.282293191745154,0.054291207666495096,0.0,True,0.007178950026259454,0.0,screening,False,P03_normal_full_method_full_MOABC_s00,2882909151,458.22198929986916,0,mechanisms,full_method,0.4006593615154606,full,0.054291207666495096
0.0,MOABC,normal,0.049999999999999996,3272684868,68000,P03,cluster,0.0,17,0.9042275445646819,0.0,3.264027723802265,0.020688521495232415,1.0,0.0,held_out_replay_of_fixed_executed_schedule,7,27762.29773922806,0.48963488076239964,28937.70226077194,512,0.08314622314585186,3286126663,11.83796493308933,0.08314622314585186,0.0,True,0.007178950026259454,0.0,screening,False,P03_normal_full_method_full_MOABC_s01,3819462166,476.4813624001108,1,mechanisms,full_method,0.4896348807623997,full,0.08314622314585186
0.0,MOABC,normal,0.05000000000000002,1989384750,68000,P03,cluster,0.0,17,1.219072546940971,0.0,2.3023913904554534,0.011986990810231484,1.0,0.0,held_out_replay_of_fixed_executed_schedule,7,29679.015336371092,0.5234394239218888,27020.984663628908,512,0.07061171937844153,2404466325,3.5541751577295617,0.07061171937844153,0.0,True,0.007178950026259454,0.0,screening,False,P03_normal_full_method_full_MOABC_s02,2924272080,486.6208025000524,2,mechanisms,full_method,0.5234394239218888,full,0.07061171937844153
1.774623808337421e-17,MOABC,normal,0.05,379777378,68000,P03,cluster,0.0,17,1.1202037307156423,0.0,3.0750763864213475,0.016494918915437046,1.0,0.0,held_out_replay_of_fixed_executed_schedule,7,25352.275032603116,0.4471300711217481,31347.724967396884,512,0.07415003463964655,1492915544,18.204094045464267,0.07415003463964655,1.774623808337421e-17,True,0.007178950026259454,0.0,screening,False,P03_normal_full_method_full_MOABC_s03,1635011324,461.87780010001734,3,mechanisms,full_method,0.4471300711217481,full,0.07415003463964655
1.8690807681317883e-17,MOABC,normal,0.05,1357363921,68000,P03,cluster,0.0,17,1.5184307771445957,0.0,3.481695525246515,0.0269410974550803,1.0,0.0,held_out_replay_of_fixed_executed_schedule,7,30255.255937952905,0.5336023974947602,26444.744062047095,512,0.11678800599593013,2648893410,1.1239405343143376,0.11678800599593013,1.8690807681317883e-17,True,0.007178950026259454,0.0,screening,False,P03_normal_full_method_full_MOABC_s04,4117655867,456.12040589982644,4,mechanisms,full_method,0.5336023974947602,full,0.11678800599593013
0.0,MOABC,normal,0.0,4060196048,68000,P03,cluster,0.0,17,0.9381077173719476,0.0,3.1412800221214177,0.028641134874899752,1.0,0.0,held_out_replay_of_fixed_executed_schedule,7,26389.237822205072,0.46541865647627995,30310.762177794928,512,0.055898271993381106,123201614,14.367167332775924,0.055898271993381106,0.0,True,0.007178950026259454,0.0,screening,False,P03_normal_no_budget_full_MOABC_s00,2882909151,428.08249860000797,0,mechanisms,no_budget,0.46541865647627995,full,0.055898271993381106
0.0,MOABC,normal,0.0,3272684868,68000,P03,cluster,0.0,17,1.0471171928167924,0.0,3.1074860080678324,0.025729736741227468,1.0,0.0,held_out_replay_of_fixed_executed_schedule,7,31134.958896982807,0.5491174408638944,25565.041103017193,512,0.08068257898251936,3286126663,1.1277321543867234,0.08068257898251936,0.0,True,0.007178950026259454,0.0,screening,False,P03_normal_no_budget_full_MOABC_s01,3819462166,430.85757160000503,1,mechanisms,no_budget,0.5491174408638944,full,0.08068257898251936
0.0,MOABC,normal,0.0,1989384750,68000,P03,cluster,0.0,17,0.5778782387957786,0.0,3.0938782973453804,0.027147217188327678,1.0,0.0,held_out_replay_of_fixed_executed_schedule,7,27673.779171877424,0.48807370673505157,29026.220828122576,512,0.07949282659969294,2404466325,10.070451176197682,0.07949282659969294,0.0,True,0.007178950026259454,0.0,screening,False,P03_normal_no_budget_full_MOABC_s02,2924272080,459.6196602000855,2,mechanisms,no_budget,0.48807370673505157,full,0.07949282659969294
0.0,MOABC,normal,0.0,379777378,68000,P03,cluster,0.0,17,1.101107619819312,0.0,3.091763288382617,0.028221383866163057,1.0,0.0,held_out_replay_of_fixed_executed_schedule,7,30218.472149896472,0.5329536534373276,26481.527850103528,512,0.11449282159772016,1492915544,2.5039250763880894,0.11449282159772016,0.0,True,0.007178950026259454,0.0,screening,False,P03_normal_no_budget_full_MOABC_s03,1635011324,440.20339159993455,3,mechanisms,no_budget,0.5329536534373276,full,0.11449282159772016
1.774623808337421e-17,MOABC,normal,0.0,1357363921,68000,P03,cluster,0.0,17,0.9385550480342976,0.0,3.280966540542247,0.03495505202628376,1.0,0.0,held_out_replay_of_fixed_executed_schedule,7,26296.452723742892,0.4637822349866471,30403.547276257108,512,0.07608335723250799,2648893410,14.061555830774502,0.07608335723250799,1.774623808337421e-17,True,0.007178950026259454,0.0,screening,False,P03_normal_no_budget_full_MOABC_s04,4117655867,436.062156900065,4,mechanisms,no_budget,0.4637822349866471,full,0.07608335723250799
0.09846746602348957,MOABC,matched,0.049999999999999996,2290579265,6400,P01,cluster,0.00390625,16,140.35070585512727,0.004354473066206026,141.88172251398623,0.08178847976341821,2.25,0.467992763243571,held_out_replay_of_fixed_executed_schedule,5,75007.01535711183,1.3228750503899793,-18307.015357111828,256,0.1837231347055842,2573152596,-17.863609430258855,0.467992763243571,3.549247616674842e-17,False,0.02157089035253353,9.889279722355363e-05,screening_fast,False,P01_matched_dynamic_budget_full_MOABC_s00,3477972202,42.276344700017944,0,mechanisms,dynamic_budget,0.9641498199700912,full,0.1837231347055842
0.23954377768063492,MOABC,matched,0.05,2660666804,6400,P01,cluster,0.1328125,16,68.36099380220517,0.03470052570964022,96.09728073927434,0.08523145293670466,2.25,0.726853441537015,held_out_replay_of_fixed_executed_schedule,5,85814.62707365834,1.5134854863079072,-29114.62707365834,256,0.44623801860746637,3773473114,-30.919638368038406,0.726853441537015,3.6435899355925256e-17,False,0.1806193123337192,0.09376030483024914,screening_fast,False,P01_matched_dynamic_budget_full_MOABC_s01,424694085,43.56983319995925,1,mechanisms,dynamic_budget,1.234211337234829,full,0.44623801860746637
0.08956888423007521,MOABC,matched,0.04999999999999999,2310657182,6400,P01,cluster,0.0078125,16,58.65630289180284,0.0019955924975746764,60.692365309306126,0.07920071376490496,2.25,0.4040843587970633,held_out_replay_of_fixed_executed_schedule,5,64786.20445725249,1.1426138352249116,-8086.20445725249,256,0.36659849841567355,2256712277,-3.510909352865193,0.4040843587970633,0.0,False,0.027934914204054792,0.0009475342881075704,screening_fast,False,P01_matched_dynamic_budget_full_MOABC_s02,1921158230,42.79595490009524,2,mechanisms,dynamic_budget,0.9423619909752735,full,0.36659849841567355
0.09846746602348957,MOABC,matched,0.04999999999999997,2290579265,6400,P01,cluster,0.00390625,16,136.17394595804882,0.004236965143734531,138.08438556789577,0.07657593310503852,2.25,0.467992763243571,held_out_replay_of_fixed_executed_schedule,5,74329.11202196976,1.31091908327989,-17629.112021969762,256,0.1837231347055842,2573152596,-16.7983739513607,0.467992763243571,3.549247616674842e-17,False,0.02157089035253353,9.889279722355363e-05,screening_fast,False,P01_matched_fixed_budget_full_MOABC_s00,3477972202,44.15470979991369,0,mechanisms,fixed_budget,0.9025839715337263,full,0.1837231347055842
0.3211500178971984,MOABC,matched,0.04999999999999997,2660666804,6400,P01,cluster,0.015625,16,31.973286510234164,0.001849431558298427,39.02798954708281,0.0833755588626515,2.25,0.7268534415370147,held_out_replay_of_fixed_executed_schedule,5,71941.15038536357,1.2688033577665532,-15241.150385363566,256,0.5385947242312155,3773473114,-9.754125997053604,0.7268534415370147,3.6435899355925256e-17,False,0.039520756533374946,0.004273272485754634,screening_fast,False,P01_matched_fixed_budget_full_MOABC_s01,424694085,44.70436679990962,1,mechanisms,fixed_budget,0.9565892660048242,full,0.5385947242312155
0.12404635040842805,MOABC,matched,0.04999999999999997,2310657182,6400,P01,cluster,0.00390625,16,52.19670279850546,0.0003934304310844566,55.147956718106,0.0753454422736018,2.25,0.3559136367263571,held_out_replay_of_fixed_executed_schedule,5,60663.407395321396,1.06990136499685,-3963.4073953213956,256,0.3395962061789945,2256712277,3.076210181809684,0.3559136367263571,0.0,False,0.02157089035253353,9.889279722355363e-05,screening_fast,False,P01_matched_fixed_budget_full_MOABC_s02,1921158230,44.1256758000236,2,mechanisms,fixed_budget,0.9259998987298134,full,0.3395962061789945
0.31298072631080087,MOABC,matched,0.05,2290579265,6400,P01,cluster,0.00390625,16,145.52929056014491,0.005914888658148834,151.25196136034077,0.06836906891894057,2.25,0.467992763243571,held_out_replay_of_fixed_executed_schedule,5,79789.81768129164,1.407227825066872,-23089.817681291635,256,0.3226177357532005,2573152596,-25.379151042405056,0.467992763243571,4.230207915222922e-17,False,0.02157089035253353,9.889279722355363e-05,screening_fast,False,P01_matched_full_method_full_MOABC_s00,3477972202,41.63252789992839,0,mechanisms,full_method,0.9315992146685593,full,0.3226177357532005
0.24741882001550294,MOABC,matched,0.05000000000000001,2660666804,6400,P01,cluster,0.06640625,16,63.67683612702464,0.011114772389406002,67.74785385385432,0.08116718554701566,2.25,0.726853441537015,held_out_replay_of_fixed_executed_schedule,5,86580.4039252686,1.5269912508865715,-29880.403925268605,256,0.44623801860746637,3773473114,-32.08791505818096,0.726853441537015,7.476323072527153e-17,False,0.10419556906152572,0.039156799438977076,screening_fast,False,P01_matched_full_method_full_MOABC_s01,424694085,44.0958690000698,1,mechanisms,full_method,1.1053968400343321,full,0.44623801860746637
0.18140421223248124,MOABC,matched,0.05000000000000001,2310657182,6400,P01,cluster,0.0859375,16,112.02287903653857,0.015882588494953033,119.54659375966938,0.06497093911730237,2.25,0.4126476025142318,held_out_replay_of_fixed_executed_schedule,5,70869.08492485105,1.2498956776869674,-14169.08492485105,256,0.3469862480916316,2256712277,-13.229714366382591,0.4126476025142318,4.230207915222922e-17,False,0.12721956318914032,0.054640533360719785,screening_fast,False,P01_matched_full_method_full_MOABC_s02,1921158230,41.17522740014829,2,mechanisms,full_method,1.1196279334206587,full,0.3469862480916316
0.3110348965683031,MOABC,matched,0.0,2290579265,6400,P01,cluster,0.9921875,16,110.09769479163748,0.005915262695545445,127.5647921836133,0.08191643684618469,2.25,0.4594629959515723,held_out_replay_of_fixed_executed_schedule,5,80927.88738857978,1.42729960120952,-24227.88738857978,256,0.5333827472885828,2573152596,-27.167477145578022,0.5333827472885828,0.0,False,0.9990524657118924,0.9720650857959452,screening_fast,False,P01_matched_no_budget_full_MOABC_s00,3477972202,42.81826329999603,0,mechanisms,no_budget,1.0403101469586336,full,0.5333827472885828
0.12894105508711157,MOABC,matched,0.0,2660666804,6400,P01,cluster,1.0,16,92.16749924586607,0.033774238314912594,108.85783026238035,0.08326883915103142,2.25,0.726853441537015,held_out_replay_of_fixed_executed_schedule,5,87580.05400235218,1.5446217637099149,-30880.054002352175,256,0.3881500893017078,3773473114,-33.61299103938901,0.726853441537015,3.6435899355925256e-17,False,1.0,0.9856936372709606,screening_fast,False,P01_matched_no_budget_full_MOABC_s01,424694085,43.303158700000495,1,mechanisms,no_budget,1.179975155506103,full,0.3881500893017078
0.1650992132239231,MOABC,matched,0.0,2310657182,6400,P01,cluster,0.51171875,16,80.92048644354772,0.009486048768287514,89.5542901535006,0.07704755258383131,2.25,0.35975249430138384,held_out_replay_of_fixed_executed_schedule,5,65305.743442590436,1.1517767802926002,-8605.743442590436,256,0.3767449279341296,2256712277,-4.340992752056755,0.3767449279341296,0.0,False,0.5744562280442493,0.4487068479030513,screening_fast,False,P01_matched_no_budget_full_MOABC_s02,1921158230,43.65046039992012,2,mechanisms,no_budget,1.1517767802926002,full,0.3767449279341296
0.10476778165999291,MOABC,normal,0.04999999999999998,2290579265,6400,P01,cluster,0.0,16,6.6214411237425965,0.0,18.623595448134196,0.04596362253240462,1.0,0.0,held_out_replay_of_fixed_executed_schedule,5,34004.07966390367,0.5997192180582658,22695.92033609633,256,0.27579723913065407,2573152596,-4.264691482463548,0.27579723913065407,3.870190220310333e-17,True,0.014306362729039374,0.0,screening_fast,False,P01_normal_dynamic_budget_full_MOABC_s00,3477972202,40.114379100035876,0,mechanisms,dynamic_budget,0.5997192180582659,full,0.27579723913065407
0.08370382197186046,MOABC,normal,0.05,2660666804,6400,P01,cluster,0.0,16,7.040201215290939,0.0,12.9072545909304,0.05196692377073564,1.0,0.0,held_out_replay_of_fixed_executed_schedule,5,31588.524301142355,0.557116830707978,25111.475698857645,256,0.2011361514093074,3773473114,5.58559102993334,0.2011361514093074,0.0,True,0.014306362729039374,0.0,screening_fast,False,P01_normal_dynamic_budget_full_MOABC_s01,424694085,39.66708610020578,1,mechanisms,dynamic_budget,0.5571168307079779,full,0.2011361514093074
0.1140852788471831,MOABC,normal,0.049999999999999996,2310657182,6400,P01,cluster,0.0,16,5.306104110032308,0.0,14.561083963289999,0.048926605821470244,1.0,0.0,held_out_replay_of_fixed_executed_schedule,5,33676.910071136735,0.5939490312369795,23023.089928863265,256,0.2842235939288428,2256712277,-4.67825391867318,0.2842235939288428,1.774623808337421e-17,True,0.014306362729039374,0.0,screening_fast,False,P01_normal_dynamic_budget_full_MOABC_s02,1921158230,41.04210880002938,2,mechanisms,dynamic_budget,0.5939490312369795,full,0.2842235939288428
0.10476778165999291,MOABC,normal,0.04999999999999997,2290579265,6400,P01,cluster,0.0,16,6.6214411237425965,0.0,18.623595448134196,0.04596362253240462,1.0,0.0,held_out_replay_of_fixed_executed_schedule,5,34004.07966390367,0.5997192180582658,22695.92033609633,256,0.27579723913065407,2573152596,-4.264691482463548,0.27579723913065407,3.870190220310333e-17,True,0.014306362729039374,0.0,screening_fast,False,P01_normal_fixed_budget_full_MOABC_s00,3477972202,40.5764204999432,0,mechanisms,fixed_budget,0.5997192180582659,full,0.27579723913065407
0.08370382197186046,MOABC,normal,0.04999999999999997,2660666804,6400,P01,cluster,0.0,16,7.040201215290939,0.0,12.9072545909304,0.05196692377073564,1.0,0.0,held_out_replay_of_fixed_executed_schedule,5,31588.524301142355,0.557116830707978,25111.475698857645,256,0.2011361514093074,3773473114,5.58559102993334,0.2011361514093074,0.0,True,0.014306362729039374,0.0,screening_fast,False,P01_normal_fixed_budget_full_MOABC_s01,424694085,40.6394212001469,1,mechanisms,fixed_budget,0.5571168307079779,full,0.2011361514093074
0.1140852788471831,MOABC,normal,0.04999999999999997,2310657182,6400,P01,cluster,0.0,16,5.306104110032308,0.0,14.561083963289999,0.048926605821470244,1.0,0.0,held_out_replay_of_fixed_executed_schedule,5,33676.910071136735,0.5939490312369795,23023.089928863265,256,0.2842235939288428,2256712277,-4.67825391867318,0.2842235939288428,1.774623808337421e-17,True,0.014306362729039374,0.0,screening_fast,False,P01_normal_fixed_budget_full_MOABC_s02,1921158230,40.91152950003743,2,mechanisms,fixed_budget,0.5939490312369795,full,0.2842235939288428
0.044954631733201376,MOABC,normal,0.05000000000000001,2290579265,6400,P01,cluster,0.0,16,7.505385348748675,0.0,13.39124297276943,0.04418076344538933,1.0,0.0,held_out_replay_of_fixed_executed_schedule,5,26094.6327469509,0.4602227997698572,30605.3672530491,256,0.18928912593508068,2573152596,19.987576208475335,0.18928912593508068,0.0,True,0.014306362729039374,0.0,screening_fast,False,P01_normal_full_method_full_MOABC_s00,3477972202,41.56215779995546,0,mechanisms,full_method,0.4602227997698572,full,0.18928912593508068
0.05659388775123269,MOABC,normal,0.05,2660666804,6400,P01,cluster,0.0,16,6.373908046813465,0.0,12.001318396627497,0.04094865649189504,1.0,0.0,held_out_replay_of_fixed_executed_schedule,5,31968.778998443428,0.5638232627591433,24731.221001556572,256,0.18503025166103582,3773473114,4.44905416098964,0.18503025166103582,2.115103957611461e-17,True,0.014306362729039374,0.0,screening_fast,False,P01_normal_full_method_full_MOABC_s01,424694085,41.528333800146356,1,mechanisms,full_method,0.5638232627591433,full,0.18503025166103582
0.03456340593660505,MOABC,normal,0.05000000000000002,2310657182,6400,P01,cluster,0.0,16,5.8128875509720785,0.0,11.864397928405536,0.03265105329342479,1.0,0.0,held_out_replay_of_fixed_executed_schedule,5,26405.557642667427,0.46570648399766185,30294.442357332573,256,0.17047812435160994,2256712277,17.923358706465713,0.17047812435160994,0.0,True,0.014306362729039374,0.0,screening_fast,False,P01_normal_full_method_full_MOABC_s02,1921158230,40.750926199834794,2,mechanisms,full_method,0.4657064839976618,full,0.17047812435160994
0.10476778165999291,MOABC,normal,0.0,2290579265,6400,P01,cluster,0.0,16,6.6214411237425965,0.0,18.623595448134196,0.04596362253240462,1.0,0.0,held_out_replay_of_fixed_executed_schedule,5,34004.07966390367,0.5997192180582658,22695.92033609633,256,0.27579723913065407,2573152596,-4.264691482463548,0.27579723913065407,3.870190220310333e-17,True,0.014306362729039374,0.0,screening_fast,False,P01_normal_no_budget_full_MOABC_s00,3477972202,37.03447429998778,0,mechanisms,no_budget,0.5997192180582659,full,0.27579723913065407
0.08370382197186046,MOABC,normal,0.0,2660666804,6400,P01,cluster,0.0,16,7.040201215290939,0.0,12.9072545909304,0.05196692377073564,1.0,0.0,held_out_replay_of_fixed_executed_schedule,5,31588.524301142355,0.557116830707978,25111.475698857645,256,0.2011361514093074,3773473114,5.58559102993334,0.2011361514093074,0.0,True,0.014306362729039374,0.0,screening_fast,False,P01_normal_no_budget_full_MOABC_s01,424694085,40.307989400113,1,mechanisms,no_budget,0.5571168307079779,full,0.2011361514093074
0.1140852788471831,MOABC,normal,0.0,2310657182,6400,P01,cluster,0.0,16,5.306104110032308,0.0,14.561083963289999,0.048926605821470244,1.0,0.0,held_out_replay_of_fixed_executed_schedule,5,33676.910071136735,0.5939490312369795,23023.089928863265,256,0.2842235939288428,2256712277,-4.67825391867318,0.2842235939288428,1.774623808337421e-17,True,0.014306362729039374,0.0,screening_fast,False,P01_normal_no_budget_full_MOABC_s02,1921158230,41.708982800133526,2,mechanisms,no_budget,0.5939490312369795,full,0.2842235939288428
0.1567034482951336,MOABC,matched,0.049999999999999996,574942562,8800,P02,cluster,0.04296875,22,189.58491020818434,0.010316762900772694,194.55479810356277,0.07284598342930645,3.25,0.4119623170507873,held_out_replay_of_fixed_executed_schedule,5,75410.33625470274,1.3299882937337344,-18710.336254702735,256,0.3208127204179312,3887991230,-22.04042558633396,0.4119623170507873,0.0,False,0.07558093377042935,0.021642040604303178,screening_fast,False,P02_matched_dynamic_budget_full_MOABC_s00,2687735713,56.88391200010665,0,mechanisms,dynamic_budget,1.1028196837941269,full,0.3208127204179312
0.23945933471560918,MOABC,matched,0.05,1568371521,8800,P02,cluster,0.0859375,22,223.5805249158962,0.02440443833406381,236.6063505484388,0.07490773807844364,3.25,0.38172913170918493,held_out_replay_of_fixed_executed_schedule,5,69603.83703499814,1.2275809000881506,-12903.837034998141,256,0.41365070789092107,1699465598,-11.690826619000413,0.41365070789092107,0.0,False,0.12721956318914032,0.054640533360719785,screening_fast,False,P02_matched_dynamic_budget_full_MOABC_s01,3310636222,56.576566899893805,1,mechanisms,dynamic_budget,1.1827694391468468,full,0.41365070789092107
0.22131807668135045,MOABC,matched,0.04999999999999999,1109274671,8800,P02,cluster,0.1796875,22,283.24656134507717,0.033865498693102965,293.21538270028117,0.07642487208159426,3.25,0.2948802767039986,held_out_replay_of_fixed_executed_schedule,5,74299.23793040542,1.3103922033581203,-17599.23793040542,256,0.4082635264694549,2339750876,-19.095810353475716,0.4082635264694549,0.0,False,0.23230341944945826,0.13465981947496716,screening_fast,False,P02_matched_dynamic_budget_full_MOABC_s02,2428614473,57.582322999835014,2,mechanisms,dynamic_budget,1.214407794725745,full,0.4082635264694549
0.1137480106128534,MOABC,matched,0.05000000000000001,574942562,8800,P02,cluster,0.03125,22,114.03407088273303,0.0086410389670515,119.35786167140094,0.07217289782060309,3.25,0.4119623170507873,held_out_replay_of_fixed_executed_schedule,5,70332.9705653428,1.2404403979778271,-13632.970565342795,256,0.35308298852316955,3887991230,-13.823463557494117,0.4119623170507873,0.0,False,0.060644050871965824,0.013586185897148498,screening_fast,False,P02_matched_fixed_budget_full_MOABC_s00,2687735713,63.89277940010652,0,mechanisms,fixed_budget,1.0606991153664,full,0.35308298852316955
0.27619428971038823,MOABC,matched,0.05000000000000001,1568371521,8800,P02,cluster,0.078125,22,187.9379509243256,0.02435291338734806,203.52110017309604,0.07421711616923202,3.25,0.38172913170918493,held_out_replay_of_fixed_executed_schedule,5,70629.95104990172,1.245678149028249,-13929.95104990172,256,0.41365070789092107,1699465598,-13.3373956504217,0.41365070789092107,0.0,False,0.11808012478450244,0.04837229150657823,screening_fast,False,P02_matched_fixed_budget_full_MOABC_s01,3310636222,62.33200450008735,1,mechanisms,fixed_budget,1.1840989953314776,full,0.41365070789092107
0.2674238877514276,MOABC,matched,0.05000000000000001,1109274671,8800,P02,cluster,0.12109375,22,184.70748843695404,0.025309990492112147,196.00215478861418,0.07334845892328869,3.25,0.19086715657536363,held_out_replay_of_fixed_executed_schedule,5,74181.3562004772,1.3083131605022433,-17481.356200477196,256,0.5159744608387724,2339750876,-18.906855250533454,0.5159744608387724,7.287179871185051e-17,False,0.1674617832091539,0.08377961467746281,screening_fast,False,P02_matched_fixed_budget_full_MOABC_s02,2428614473,58.49969460000284,2,mechanisms,fixed_budget,1.1892720036976963,full,0.5159744608387724
0.25593989492636804,MOABC,matched,0.05000000000000002,574942562,8800,P02,cluster,0.37890625,22,141.7090194435976,0.06989463331438428,149.99808582550438,0.060642378044946904,3.25,0.41196231705078695,held_out_replay_of_fixed_executed_schedule,5,81450.22380324897,1.4365118836551847,-24750.22380324897,256,0.33391542543203706,3887991230,-31.81508624331007,0.41196231705078695,3.738161536263577e-17,False,0.44141161393238054,0.31923994882818924,screening_fast,False,P02_matched_full_method_full_MOABC_s00,2687735713,56.80673100007698,0,mechanisms,full_method,1.3122584928452141,full,0.33391542543203706
0.1788441411787121,MOABC,matched,0.049999999999999996,1568371521,8800,P02,cluster,0.0703125,22,182.23699465452015,0.022022541041588347,186.2138403826533,0.0704550312335249,3.25,0.3817291317091846,held_out_replay_of_fixed_executed_schedule,5,74105.76606228916,1.3069800010985742,-17405.766062289156,256,0.27945389015923766,1699465598,-18.914913621350244,0.3817291317091846,8.460415830445844e-17,False,0.10884934667326522,0.04220124193023629,screening_fast,False,P02_matched_full_method_full_MOABC_s01,3310636222,56.39681760012172,1,mechanisms,full_method,1.1742438823748258,full,0.27945389015923766
0.1951655546376086,MOABC,matched,0.05,1109274671,8800,P02,cluster,0.05859375,22,170.4489777959855,0.01761360492365734,179.42678298807132,0.06488081143083797,3.25,0.2948802767039986,held_out_replay_of_fixed_executed_schedule,5,78599.74278718754,1.386238849862214,-21899.74278718754,256,0.3502440526663568,2339750876,-25.989179991092538,0.3502440526663568,0.0,False,0.09480085845557432,0.03316183202667131,screening_fast,False,P02_matched_full_method_full_MOABC_s02,2428614473,58.45783560001291,2,mechanisms,full_method,1.129053323985023,full,0.3502440526663568
0.1257551995996402,MOABC,matched,0.0,574942562,8800,P02,cluster,0.98046875,22,128.58838127455954,0.013219734060445886,134.92871242575796,0.06936320627224489,3.25,0.4119623170507873,held_out_replay_of_fixed_executed_schedule,5,69977.57696109558,1.2341724331762889,-13277.576961095576,256,0.3050242940830624,3887991230,-13.24831180950961,0.4119623170507873,3.549247616674842e-17,False,0.9936285795451942,0.9550116788836257,screening_fast,False,P02_matched_no_budget_full_MOABC_s00,2687735713,66.42227830016054,0,mechanisms,no_budget,1.1043012449474645,full,0.3050242940830624
0.16182067778402087,MOABC,matched,0.0,1568371521,8800,P02,cluster,1.0,22,115.42840783504384,0.042609502500745494,123.54571243862031,0.07727592514119197,3.25,0.3817291317091856,held_out_replay_of_fixed_executed_schedule,5,72381.1162839545,1.2765628974242416,-15681.1162839545,256,0.3695555313249906,1699465598,-16.147428844992056,0.3817291317091856,3.549247616674842e-17,False,1.0,0.9856936372709606,screening_fast,False,P02_matched_no_budget_full_MOABC_s01,3310636222,67.25259250006638,1,mechanisms,no_budget,1.2765628974242416,full,0.3695555313249906
0.15122645447457,MOABC,matched,0.0,1109274671,8800,P02,cluster,0.95703125,22,96.62369099379814,0.01929878520443467,110.5395090542715,0.07126138232081493,3.25,0.2948802767039986,held_out_replay_of_fixed_executed_schedule,5,70342.90963227712,1.2406156901636176,-13642.909632277122,256,0.42271044407212915,2339750876,-12.754128556802058,0.42271044407212915,8.460415830445844e-17,False,0.9783579593956968,0.9244190662295706,screening_fast,False,P02_matched_no_budget_full_MOABC_s02,2428614473,67.18102589994669,2,mechanisms,no_budget,1.2155557569984856,full,0.42271044407212915
0.02218694848881915,MOABC,normal,0.04999999999999999,574942562,8800,P02,cluster,0.0,22,6.016330719201083,0.0,13.457934822856153,0.03188162050129129,1.0,0.0,held_out_replay_of_fixed_executed_schedule,5,26975.476696355425,0.4757579664260216,29724.523303644575,256,0.14911971127521387,3887991230,-17.09500581374838,0.14911971127521387,0.0,True,0.014306362729039374,0.0,screening_fast,False,P02_normal_dynamic_budget_full_MOABC_s00,2687735713,63.686178099829704,0,mechanisms,dynamic_budget,0.47575796642602153,full,0.14911971127521387
0.049633250165234205,MOABC,normal,0.05000000000000001,1568371521,8800,P02,cluster,0.0,22,4.595095766104781,0.0,11.332328110907442,0.03761823745722187,1.0,0.0,held_out_replay_of_fixed_executed_schedule,5,23476.823968340286,0.414053332774961,33223.176031659714,256,0.17316167716727374,1699465598,-0.7154028329365834,0.17316167716727374,0.0,True,0.014306362729039374,0.0,screening_fast,False,P02_normal_dynamic_budget_full_MOABC_s01,3310636222,63.256272400030866,1,mechanisms,dynamic_budget,0.4140533327749611,full,0.17316167716727374
0.05981581718817829,MOABC,normal,0.05000000000000001,1109274671,8800,P02,cluster,0.0,22,3.4228672956225026,0.0,11.464370552870017,0.03553888157883668,1.0,0.0,held_out_replay_of_fixed_executed_schedule,5,23888.37312815262,0.4213116953818804,32811.62687184738,256,0.1894176512132773,2339750876,-1.8310427578160777,0.1894176512132773,0.0,True,0.014306362729039374,0.0,screening_fast,False,P02_normal_dynamic_budget_full_MOABC_s02,2428614473,63.663818600121886,2,mechanisms,dynamic_budget,0.42131169538188035,full,0.1894176512132773
0.02218694848881915,MOABC,normal,0.05000000000000001,574942562,8800,P02,cluster,0.0,22,6.016330719201083,0.0,13.457934822856153,0.03188162050129129,1.0,0.0,held_out_replay_of_fixed_executed_schedule,5,26975.476696355425,0.4757579664260216,29724.523303644575,256,0.14911971127521387,3887991230,-17.09500581374838,0.14911971127521387,0.0,True,0.014306362729039374,0.0,screening_fast,False,P02_normal_fixed_budget_full_MOABC_s00,2687735713,62.509304699953645,0,mechanisms,fixed_budget,0.47575796642602153,full,0.14911971127521387
0.049633250165234205,MOABC,normal,0.05000000000000001,1568371521,8800,P02,cluster,0.0,22,4.595095766104781,0.0,11.332328110907442,0.03761823745722187,1.0,0.0,held_out_replay_of_fixed_executed_schedule,5,23476.823968340286,0.414053332774961,33223.176031659714,256,0.17316167716727374,1699465598,-0.7154028329365834,0.17316167716727374,0.0,True,0.014306362729039374,0.0,screening_fast,False,P02_normal_fixed_budget_full_MOABC_s01,3310636222,64.94814840005711,1,mechanisms,fixed_budget,0.4140533327749611,full,0.17316167716727374
0.05981581718817829,MOABC,normal,0.05000000000000001,1109274671,8800,P02,cluster,0.0,22,3.4228672956225026,0.0,11.464370552870017,0.03553888157883668,1.0,0.0,held_out_replay_of_fixed_executed_schedule,5,23888.37312815262,0.4213116953818804,32811.62687184738,256,0.1894176512132773,2339750876,-1.8310427578160777,0.1894176512132773,0.0,True,0.014306362729039374,0.0,screening_fast,False,P02_normal_fixed_budget_full_MOABC_s02,2428614473,62.33273689984344,2,mechanisms,fixed_budget,0.42131169538188035,full,0.1894176512132773
1.8690807681317883e-17,MOABC,normal,0.04999999999999998,574942562,8800,P02,cluster,0.0,22,7.830847531111997,0.0,11.215129929405116,0.03069045894026239,1.0,0.0,held_out_replay_of_fixed_executed_schedule,5,21528.417790619926,0.3796899081238082,35171.582209380074,256,0.1251484482173265,3887991230,6.549558522017467,0.1251484482173265,1.8690807681317883e-17,True,0.014306362729039374,0.0,screening_fast,False,P02_normal_full_method_full_MOABC_s00,2687735713,67.1271661000792,0,mechanisms,full_method,0.37968990812380815,full,0.1251484482173265
0.013254839404779364,MOABC,normal,0.049999999999999996,1568371521,8800,P02,cluster,0.0,22,5.670850157098169,0.0,10.583600698500991,0.026573814825441112,1.0,0.0,held_out_replay_of_fixed_executed_schedule,5,27763.38689648948,0.489654089885176,28936.61310351052,256,0.16056213485390275,1699465598,-19.104726391330974,0.16056213485390275,0.0,True,0.014306362729039374,0.0,screening_fast,False,P02_normal_full_method_full_MOABC_s01,3310636222,66.50019300007261,1,mechanisms,full_method,0.48965408988517617,full,0.16056213485390275
1.8217949677962628e-17,MOABC,normal,0.05000000000000002,1109274671,8800,P02,cluster,0.0,22,4.069257870007901,0.0,7.854823998773619,0.025264265565372392,1.0,0.0,held_out_replay_of_fixed_executed_schedule,5,23089.6859035898,0.4072255009451464,33610.3140964102,256,0.12148796381371041,2339750876,1.5735906376129503,0.12148796381371041,1.8217949677962628e-17,True,0.014306362729039374,0.0,screening_fast,False,P02_normal_full_method_full_MOABC_s02,2428614473,65.37397770001553,2,mechanisms,full_method,0.4072255009451463,full,0.12148796381371041
0.02218694848881915,MOABC,normal,0.0,574942562,8800,P02,cluster,0.0,22,6.016330719201083,0.0,13.457934822856153,0.03188162050129129,1.0,0.0,held_out_replay_of_fixed_executed_schedule,5,26975.476696355425,0.4757579664260216,29724.523303644575,256,0.14911971127521387,3887991230,-17.09500581374838,0.14911971127521387,0.0,True,0.014306362729039374,0.0,screening_fast,False,P02_normal_no_budget_full_MOABC_s00,2687735713,62.13979019992985,0,mechanisms,no_budget,0.47575796642602153,full,0.14911971127521387
0.049633250165234205,MOABC,normal,0.0,1568371521,8800,P02,cluster,0.0,22,4.595095766104781,0.0,11.332328110907442,0.03761823745722187,1.0,0.0,held_out_replay_of_fixed_executed_schedule,5,23476.823968340286,0.414053332774961,33223.176031659714,256,0.17316167716727374,1699465598,-0.7154028329365834,0.17316167716727374,0.0,True,0.014306362729039374,0.0,screening_fast,False,P02_normal_no_budget_full_MOABC_s01,3310636222,64.27213349984959,1,mechanisms,no_budget,0.4140533327749611,full,0.17316167716727374
0.05981581718817829,MOABC,normal,0.0,1109274671,8800,P02,cluster,0.0,22,3.4228672956225026,0.0,11.464370552870017,0.03553888157883668,1.0,0.0,held_out_replay_of_fixed_executed_schedule,5,23888.37312815262,0.4213116953818804,32811.62687184738,256,0.1894176512132773,2339750876,-1.8310427578160777,0.1894176512132773,0.0,True,0.014306362729039374,0.0,screening_fast,False,P02_normal_no_budget_full_MOABC_s02,2428614473,61.83859169995412,2,mechanisms,no_budget,0.42131169538188035,full,0.1894176512132773
0.08820196395005232,MOABC,matched,0.049999999999999996,4060196048,6800,P03,cluster,0.0390625,17,9.039512803200013,0.03602421845750729,18.89367601713999,0.05447107424540693,2.25,0.07806145986780927,held_out_replay_of_fixed_executed_schedule,5,110501.29963645045,1.9488765367980678,-53801.29963645045,256,0.211677174342516,123201614,-8.571836599101175,0.211677174342516,3.870190220310333e-17,True,0.07066228590012938,0.018888275719460015,screening_fast,False,P03_matched_dynamic_budget_full_MOABC_s00,2882909151,44.252477400004864,0,mechanisms,dynamic_budget,1.2089623635551028,full,0.211677174342516
0.0644589076841118,MOABC,matched,0.049999999999999996,3272684868,6800,P03,cluster,0.0703125,17,14.373417303109258,0.049325608834973826,21.557629418913873,0.06059887220000987,2.25,0.0,held_out_replay_of_fixed_executed_schedule,5,91076.36351549055,1.6062850708199392,-34376.36351549055,256,0.19821688586851804,3286126663,-17.605039781505564,0.19821688586851804,0.0,False,0.10884934667326522,0.04220124193023629,screening_fast,False,P03_matched_dynamic_budget_full_MOABC_s01,3819462166,44.58622099994682,1,mechanisms,dynamic_budget,1.3135621648427516,full,0.19821688586851804
0.09492530861884718,MOABC,matched,0.05,1989384750,6800,P03,cluster,0.0625,17,9.033636172793923,0.04547140410751676,15.994365258581453,0.055908898845800914,2.25,0.0,held_out_replay_of_fixed_executed_schedule,5,90249.14607282876,1.591695697933488,-33549.146072828764,256,0.2009376090287652,2404466325,-9.472453662512045,0.2009376090287652,3.870190220310333e-17,False,0.09951353110042946,0.03614276078982249,screening_fast,False,P03_matched_dynamic_budget_full_MOABC_s02,2924272080,44.76996250008233,2,mechanisms,dynamic_budget,1.2957103983077476,full,0.2009376090287652
0.08013859698864793,MOABC,matched,0.049999999999999975,4060196048,6800,P03,cluster,0.03125,17,7.326718807596768,0.03480613942040632,18.788807565752602,0.04805029527944119,2.25,0.07967514153561078,held_out_replay_of_fixed_executed_schedule,5,110666.7020074001,1.9517936861975327,-53966.702007400105,256,0.21900375221519,123201614,-8.73435087948459,0.21900375221519,0.0,False,0.060644050871965824,0.013586185897148498,screening_fast,False,P03_matched_fixed_budget_full_MOABC_s00,2882909151,45.965055300155655,0,mechanisms,fixed_budget,1.1894339666281752,full,0.21900375221519
0.053419465782205716,MOABC,matched,0.049999999999999975,3272684868,6800,P03,cluster,0.0546875,17,9.429349351215784,0.03041370656757175,14.59501600728722,0.05426682332509831,2.25,0.0,held_out_replay_of_fixed_executed_schedule,5,86475.04655063974,1.5251330961312124,-29775.046550639745,256,0.17212265063867174,3286126663,-11.66345358053085,0.17212265063867174,0.0,True,0.09005479783405684,0.03021717535292447,screening_fast,False,P03_matched_fixed_budget_full_MOABC_s01,3819462166,44.555655100150034,1,mechanisms,fixed_budget,1.2215129580629738,full,0.17212265063867174
0.09492530861884718,MOABC,matched,0.049999999999999975,1989384750,6800,P03,cluster,0.0546875,17,9.072336696277127,0.03072108926799248,15.28457582109928,0.045179261879524237,2.25,0.0,held_out_replay_of_fixed_executed_schedule,5,87303.72989402946,1.5397483226460222,-30603.729894029457,256,0.2009376090287652,2404466325,-5.899656021964645,0.2009376090287652,3.870190220310333e-17,True,0.09005479783405684,0.03021717535292447,screening_fast,False,P03_matched_fixed_budget_full_MOABC_s02,2924272080,42.7900960999541,2,mechanisms,fixed_budget,1.217940476989537,full,0.2009376090287652
0.03527063031525521,MOABC,matched,0.05000000000000001,4060196048,6800,P03,cluster,0.03515625,17,8.4541803712333,0.03346440675825002,15.405097511629915,0.03835558921775052,2.25,0.06437249537956995,held_out_replay_of_fixed_executed_schedule,5,109098.18077640592,1.9241301724233848,-52398.18077640592,256,0.16905799374288707,123201614,-7.193217595496075,0.16905799374288707,0.0,True,0.06568621418387194,0.016199410860957122,screening_fast,False,P03_matched_full_method_full_MOABC_s00,2882909151,44.35903490008786,0,mechanisms,full_method,1.1743008949421936,full,0.16905799374288707
0.030844419755725327,MOABC,matched,0.05,3272684868,6800,P03,cluster,0.05859375,17,10.025645350577218,0.030580260235668347,14.396026334559734,0.03369675431346858,2.25,0.0,held_out_replay_of_fixed_executed_schedule,5,86555.91506522578,1.5265593485930473,-29855.91506522578,256,0.19570972242865323,3286126663,-11.767877434403152,0.19570972242865323,0.0,True,0.09480085845557432,0.03316183202667131,screening_fast,False,P03_matched_full_method_full_MOABC_s01,3819462166,42.38450219994411,1,mechanisms,full_method,1.2434883150114011,full,0.19570972242865323
0.06541381312024074,MOABC,matched,0.05000000000000001,1989384750,6800,P03,cluster,0.05078125,17,7.421525170366886,0.027354864687941134,13.68619905453945,0.040837623660507784,2.25,0.0,held_out_replay_of_fixed_executed_schedule,5,88115.99620560042,1.5540740071534465,-31415.996205600415,256,0.20205302834205863,2404466325,-6.884937213249429,0.20205302834205863,0.0,True,0.08527212595645979,0.027312525005386,screening_fast,False,P03_matched_full_method_full_MOABC_s02,2924272080,41.83844630001113,2,mechanisms,full_method,1.193278439870351,full,0.20205302834205863
0.002907639135019866,MOABC,matched,0.0,4060196048,6800,P03,cluster,0.0703125,17,13.165660666131766,0.0433010600712482,21.129945662604587,0.052239982071209334,2.25,0.06360568970009775,held_out_replay_of_fixed_executed_schedule,5,109019.58319426002,1.922743971680071,-52319.58319426002,256,0.12182903089585065,123201614,-7.1159924056213475,0.12182903089585065,4.230207915222922e-17,True,0.10884934667326522,0.04220124193023629,screening_fast,False,P03_matched_no_budget_full_MOABC_s00,2882909151,45.17625000001863,0,mechanisms,no_budget,1.2643315057437121,full,0.12182903089585065
0.11071112948329906,MOABC,matched,0.0,3272684868,6800,P03,cluster,0.99609375,17,8.174021921519303,0.03769362384007852,14.980535717217451,0.054179898260247335,2.25,0.0,held_out_replay_of_fixed_executed_schedule,5,88465.41731826472,1.5602366370064324,-31765.41731826472,256,0.2049164164003547,3286126663,-14.233578520429976,0.2049164164003547,3.870190220310333e-17,True,0.9999011072027765,0.9784291096474664,screening_fast,False,P03_matched_no_budget_full_MOABC_s01,3819462166,41.168383499840274,1,mechanisms,no_budget,1.2435060058923577,full,0.2049164164003547
0.03574793284773932,MOABC,matched,0.0,1989384750,6800,P03,cluster,0.046875,17,5.996097178195084,0.024516698526769482,13.99229316443621,0.05419277241886676,2.25,0.0,held_out_replay_of_fixed_executed_schedule,5,87486.83832580621,1.5429777482505505,-30786.83832580621,256,0.19880298529414303,2404466325,-6.121767035588194,0.19880298529414303,0.0,True,0.08044902822855142,0.024452343969436963,screening_fast,False,P03_matched_no_budget_full_MOABC_s02,2924272080,45.22032169997692,2,mechanisms,no_budget,1.1584295845826502,full,0.19880298529414303
0.0,MOABC,normal,0.05000000000000002,4060196048,6800,P03,cluster,0.0,17,1.1946436327437109,0.0,3.483205096812544,0.04264814903484205,1.0,0.0,held_out_replay_of_fixed_executed_schedule,5,30755.54931746677,0.5424259138883029,25944.45068253323,256,0.10714050088167211,123201614,0.9972146255230901,0.10714050088167211,0.0,True,0.014306362729039374,0.0,screening_fast,False,P03_normal_dynamic_budget_full_MOABC_s00,2882909151,40.934841099893674,0,mechanisms,dynamic_budget,0.5424259138883027,full,0.10714050088167211
0.018790783671130525,MOABC,normal,0.05,3272684868,6800,P03,cluster,0.0,17,0.7345335141242587,0.0,4.803158174452904,0.04110726836101903,1.0,0.0,held_out_replay_of_fixed_executed_schedule,5,30044.84528679981,0.5298914512663105,26655.15471320019,256,0.12928347972170545,3286126663,2.6479998068992594,0.12928347972170545,0.0,True,0.014306362729039374,0.0,screening_fast,False,P03_normal_dynamic_budget_full_MOABC_s01,3819462166,44.20576020004228,1,mechanisms,dynamic_budget,0.5298914512663105,full,0.12928347972170545
0.06971112083926688,MOABC,normal,0.05000000000000002,1989384750,6800,P03,cluster,0.0,17,0.9104113195926367,0.0,3.324316830261097,0.051405490261084,1.0,0.0,held_out_replay_of_fixed_executed_schedule,5,42306.3225266426,0.7461432544381411,14393.677473357398,256,0.2000568109813783,2404466325,-39.468423434449114,0.2000568109813783,3.549247616674842e-17,True,0.014306362729039374,0.0,screening_fast,False,P03_normal_dynamic_budget_full_MOABC_s02,2924272080,41.07396169984713,2,mechanisms,dynamic_budget,0.7461432544381411,full,0.2000568109813783
0.0,MOABC,normal,0.049999999999999975,4060196048,6800,P03,cluster,0.0,17,1.1946436327437109,0.0,3.483205096812544,0.04264814903484205,1.0,0.0,held_out_replay_of_fixed_executed_schedule,5,30755.54931746677,0.5424259138883029,25944.45068253323,256,0.10714050088167211,123201614,0.9972146255230901,0.10714050088167211,0.0,True,0.014306362729039374,0.0,screening_fast,False,P03_normal_fixed_budget_full_MOABC_s00,2882909151,43.80909190000966,0,mechanisms,fixed_budget,0.5424259138883027,full,0.10714050088167211
0.018790783671130525,MOABC,normal,0.049999999999999975,3272684868,6800,P03,cluster,0.0,17,0.7345335141242587,0.0,4.803158174452904,0.04110726836101903,1.0,0.0,held_out_replay_of_fixed_executed_schedule,5,30044.84528679981,0.5298914512663105,26655.15471320019,256,0.12928347972170545,3286126663,2.6479998068992594,0.12928347972170545,0.0,True,0.014306362729039374,0.0,screening_fast,False,P03_normal_fixed_budget_full_MOABC_s01,3819462166,40.18275579996407,1,mechanisms,fixed_budget,0.5298914512663105,full,0.12928347972170545
0.06971112083926688,MOABC,normal,0.049999999999999975,1989384750,6800,P03,cluster,0.0,17,0.9104113195926367,0.0,3.324316830261097,0.051405490261084,1.0,0.0,held_out_replay_of_fixed_executed_schedule,5,42306.3225266426,0.7461432544381411,14393.677473357398,256,0.2000568109813783,2404466325,-39.468423434449114,0.2000568109813783,3.549247616674842e-17,True,0.014306362729039374,0.0,screening_fast,False,P03_normal_fixed_budget_full_MOABC_s02,2924272080,44.06015840009786,2,mechanisms,fixed_budget,0.7461432544381411,full,0.2000568109813783
0.0,MOABC,normal,0.05000000000000001,4060196048,6800,P03,cluster,0.0,17,1.166115875177649,0.0,3.7309468321623016,0.033437271315294496,1.0,0.0,held_out_replay_of_fixed_executed_schedule,5,33079.3323259845,0.5834097411990211,23620.6676740155,256,0.12299002671218037,123201614,-6.483093662076894,0.12299002671218037,0.0,True,0.014306362729039374,0.0,screening_fast,False,P03_normal_full_method_full_MOABC_s00,2882909151,44.68440239992924,0,mechanisms,full_method,0.583409741199021,full,0.12299002671218037
0.012137425380543005,MOABC,normal,0.04999999999999999,3272684868,6800,P03,cluster,0.0,17,1.0860120847965384,0.0,3.551155106290777,0.035220615830247944,1.0,0.0,held_out_replay_of_fixed_executed_schedule,5,30450.306782190284,0.537042447657677,26249.693217809716,256,0.10642251378871719,3286126663,1.3342141241721583,0.10642251378871719,0.0,True,0.014306362729039374,0.0,screening_fast,False,P03_normal_full_method_full_MOABC_s01,3819462166,44.86006830004044,1,mechanisms,full_method,0.537042447657677,full,0.10642251378871719
0.0,MOABC,normal,0.05000000000000003,1989384750,6800,P03,cluster,0.0,17,1.370484138944412,0.0,2.5123198355090883,0.03359769447267023,1.0,0.0,held_out_replay_of_fixed_executed_schedule,5,23324.61691190916,0.4113689049719429,33375.383088090835,256,0.06155849564027553,2404466325,23.107295703429717,0.06155849564027553,0.0,True,0.014306362729039374,0.0,screening_fast,False,P03_normal_full_method_full_MOABC_s02,2924272080,44.39477499993518,2,mechanisms,full_method,0.41136890497194295,full,0.06155849564027553
0.0,MOABC,normal,0.0,4060196048,6800,P03,cluster,0.0,17,1.1946436327437109,0.0,3.483205096812544,0.04264814903484205,1.0,0.0,held_out_replay_of_fixed_executed_schedule,5,30755.54931746677,0.5424259138883029,25944.45068253323,256,0.10714050088167211,123201614,0.9972146255230901,0.10714050088167211,0.0,True,0.014306362729039374,0.0,screening_fast,False,P03_normal_no_budget_full_MOABC_s00,2882909151,44.1401408999227,0,mechanisms,no_budget,0.5424259138883027,full,0.10714050088167211
0.018790783671130525,MOABC,normal,0.0,3272684868,6800,P03,cluster,0.0,17,0.9814379965225468,0.0,3.5663333935083363,0.033606773361606675,1.0,0.0,held_out_replay_of_fixed_executed_schedule,5,30450.306782190284,0.537042447657677,26249.693217809716,256,0.12928347972170545,3286126663,1.3342141241721583,0.12928347972170545,0.0,True,0.014306362729039374,0.0,screening_fast,False,P03_normal_no_budget_full_MOABC_s01,3819462166,43.83236949983984,1,mechanisms,no_budget,0.537042447657677,full,0.12928347972170545
0.0020092218790638615,MOABC,normal,0.0,1989384750,6800,P03,cluster,0.0,17,0.7654459832183412,0.0,3.6804211360272934,0.04534881837280142,1.0,0.0,held_out_replay_of_fixed_executed_schedule,5,32312.548834505655,0.5698862228307876,24387.451165494345,256,0.11015533105369217,2404466325,-6.52261822707729,0.11015533105369217,0.0,True,0.014306362729039374,0.0,screening_fast,False,P03_normal_no_budget_full_MOABC_s02,2924272080,44.703222499927506,2,mechanisms,no_budget,0.5698862228307877,full,0.11015533105369217
